G21
G90;svg#svg5 > g#layer1 > path#path2205
G0 X23.517283 Y7.2422070000000005
G1 X23.31928275883794 Y7.290740184923937 F300
G1 X23.118451933036404 Y7.347170673593279 F300
G1 X22.915771784000004 Y7.411140960000002 F300
G1 X22.715114614789083 Y7.481244966969035 F300
G1 X22.51640222933757 Y7.557285095292306 F300
G1 X22.320661272 Y7.63874532 F300
G1 X22.127343929949483 Y7.72585804378378 F300
G1 X21.940806510983265 Y7.816622257379194 F300
G1 X21.761933367999998 Y7.9104408 F300
G1 X21.585996456860926 Y8.010026206391165 F300
G1 X21.421701378827102 Y8.110627965362282 F300
G1 X21.269569976 Y8.211648120000001 F300
G1 X21.12141622368179 Y8.319100223412331 F300
G1 X20.989453654671934 Y8.424635110148513 F300
G1 X20.873552999999998 Y8.527788000000001 F300
G1 X20.78408093288992 Y8.604388552173509 F300
G1 X20.66573440625 Y8.691276187500003 F300
G1 X20.536994774481162 Y8.775268113113452 F300
G1 X20.391743499999997 Y8.861069250000002 F300
G1 X20.241092922699412 Y8.94204641438652 F300
G1 X20.08720809375 Y9.0171016875 F300
G1 X19.932302561577924 Y9.084633655192206 F300
G1 X19.787755999999998 Y9.139308 F300
G1 X19.66944168579037 Y9.184076221482854 F300
G1 X19.526275568000003 Y9.245803920000004 F300
G1 X19.37819117849266 Y9.315681978916109 F300
G1 X19.215182384 Y9.39803376 F300
G1 X19.050365563972232 Y9.486175952982236 F300
G1 X18.880417616 Y9.581760240000001 F300
G1 X18.71184782919675 Y9.681237682066403 F300
G1 X18.547922432 Y9.78274608 F300
G1 X18.388635937293106 Y9.886600384383124 F300
G1 X18.243637999999997 Y9.986753999999998 F300
G1 X18.097879969459704 Y10.088241784220216 F300
G1 X17.933151112000004 Y10.198249304 F300
G1 X17.762682052587802 Y10.308118634404956 F300
G1 X17.583404255999998 Y10.420059472000002 F300
G1 X17.222373943999997 Y10.635490487999999 F300
G1 X17.044046703891993 Y10.736894862190585 F300
G1 X16.878036688 Y10.827848335999999 F300
G1 X16.716762701046306 Y10.912249378858213 F300
G1 X16.578369 Y10.980438999999997 F300
G1 X16.379628662530404 Y11.080909020734909 F300
G1 X16.182135951624215 Y11.193131137350772 F300
G1 X15.986029089821702 Y11.317026726441462 F300
G1 X15.791477810185187 Y11.452544935185184 F300
G1 X15.604020965686837 Y11.595410311509854 F300
G1 X15.419215840122948 Y11.7485615192564 F300
G1 X15.23728915375599 Y11.911865565203478 F300
G1 X15.058495481481483 Y12.085200814814815 F300
G1 X14.887082313009504 Y12.264160403897579 F300
G1 X14.7199025188041 Y12.451702382612034 F300
G1 X14.557224751888489 Y12.647623559222234 F300
G1 X14.399340874999998 Y12.851726249999999 F300
G1 X14.248959509983626 Y13.060375443717966 F300
G1 X14.104410125884481 Y13.275714744654504 F300
G1 X13.965969193954379 Y13.497487239690141 F300
G1 X13.833932851851852 Y13.72544085185185 F300
G1 X13.709691665739289 Y13.95724132587303 F300
G1 X13.592809427818946 Y14.193732263748231 F300
G1 X13.48354867166297 Y14.434631780827587 F300
G1 X13.382190273148147 Y14.679664231481475 F300
G1 X13.289253446285745 Y14.927942500972588 F300
G1 X13.205085048081585 Y15.178892074544468 F300
G1 X13.129924607495887 Y15.432238748394713 F300
G1 X13.064032000000001 Y15.687715999999995 F300
G1 X12.987932365031114 Y15.98780418526918 F300
G1 X12.902121842592594 Y16.291913009259257 F300
G1 X12.808702291465526 Y16.59398731205082 F300
G1 X12.709731740740741 Y16.888803407407405 F300
G1 X12.604896254172855 Y17.17784853110851 F300
G1 X12.499157749999998 Y17.448129749999996 F300
G1 X12.388901552198087 Y17.708773194878262 F300
G1 X12.282695925925927 Y17.93963459259259 F300
G1 X12.172876315600636 Y18.156529720410614 F300
G1 X12.072642324074074 Y18.333060490740735 F300
G1 X12.001586237499058 Y18.44393833787565 F300
G1 X11.937894263391584 Y18.531489891099262 F300
G1 X11.881293 Y18.598149999999993 F300
G1 X11.797051893135071 Y18.69592236448779 F300
G1 X11.708288297468917 Y18.814168814855243 F300
G1 X11.615363300925928 Y18.95371019444444 F300
G1 X11.529313888400857 Y19.096778497598788 F300
G1 X11.442125789813767 Y19.25517950373592 F300
G1 X11.354443074074075 Y19.42834855555555 F300
G1 X11.27230688781662 Y19.603763175707936 F300
G1 X11.192137667711252 Y19.788265242822558 F300
G1 X11.114610625000001 Y19.980616749999992 F300
G1 X11.007624715799093 Y20.272915443940803 F300
G1 X10.911944259259261 Y20.569066444444438 F300
G1 X10.85480885504581 Y20.768366948518732 F300
G1 X10.804889281881572 Y20.963209059213668 F300
G1 X10.762522282407406 Y21.15224930555555 F300
G1 X10.72653544582166 Y21.342966637793293 F300
G1 X10.699863332293699 Y21.52205438488858 F300
G1 X10.682423 Y21.688716999999993 F300
G1 X10.666090824757198 Y21.95719515353548 F300
G1 X10.660385410981672 Y22.221348634632196 F300
G1 X10.66508357042008 Y22.481324400113586 F300
G1 X10.679996180469251 Y22.737268671994826 F300
G1 X10.704968350428953 Y22.989325424928122 F300
G1 X10.739879493386734 Y23.23763484073924 F300
G1 X10.784643296296299 Y23.48233174074074 F300
G1 X10.84004532082976 Y23.726914510432586 F300
G1 X10.905407887621458 Y23.967701964592873 F300
G1 X10.980704451335253 Y24.204819670531748 F300
G1 X11.06594368114536 Y24.43838309442212 F300
G1 X11.161168980556742 Y24.66849597434109 F300
G1 X11.266457889005503 Y24.895248730546832 F300
G1 X11.381921370370371 Y25.118716925925924 F300
G1 X11.50543488723098 Y25.335170995347987 F300
G1 X11.638894877732803 Y25.548270426045065 F300
G1 X11.782461994453389 Y25.758059135895508 F300
G1 X11.936326189385351 Y25.964563392086543 F300
G1 X12.100705721014858 Y26.1677906243295 F300
G1 X12.275846102015905 Y26.36772831942546 F300
G1 X12.462019 Y26.564342999999994 F300
G1 X12.687158217052875 Y26.799049058074246 F300
G1 X12.85750003125 Y26.98920295312499 F300
G1 X12.96127257076226 Y27.11522005588259 F300
G1 X13.044059118889129 Y27.225739170884896 F300
G1 X13.109343500000001 Y27.32370187499999 F300
G1 X13.167705855448286 Y27.42593953961547 F300
G1 X13.21129623349523 Y27.51998695989398 F300
G1 X13.242624718749997 Y27.60813810937499 F300
G1 X13.265065342695927 Y27.698928422511372 F300
G1 X13.277993774449024 Y27.78984960683905 F300
G1 X13.282418999999999 Y27.882809999999992 F300
G1 X13.28649682573836 Y28.023085935651565 F300
G1 X13.297564818743243 Y28.17677247442304 F300
G1 X13.315858671296297 Y28.343393370370368 F300
G1 X13.35355400501598 Y28.594509488896236 F300
G1 X13.404830370370371 Y28.861296629629628 F300
G1 X13.466636376533359 Y29.12937795677613 F300
G1 X13.538613125 Y29.398931499999996 F300
G1 X13.619470573659482 Y29.664987924092873 F300
G1 X13.706485962962963 Y29.918709703703698 F300
G1 X13.801416487340617 Y30.16394541722714 F300
G1 X13.897727912037036 Y30.383042962962953 F300
G1 X13.967488893172455 Y30.524142166331252 F300
G1 X14.035587914805728 Y30.647832329665867 F300
G1 X14.101617999999998 Y30.75434299999999 F300
G1 X14.174910262908778 Y30.855270824353514 F300
G1 X14.275803184000003 Y30.976119312 F300
G1 X14.388423641300031 Y31.098296207346582 F300
G1 X14.521320112 Y31.23187813599999 F300
G1 X14.662275525091701 Y31.364679873627146 F300
G1 X14.815381647999999 Y31.50078190399999 F300
G1 X14.973511152995977 Y31.633664057031872 F300
G1 X15.135200655999999 Y31.761993047999994 F300
G1 X15.29923428551372 Y31.884345950003574 F300
G1 X15.457989999999999 Y31.994673999999993 F300
G1 X15.651633301972101 Y32.12629888174668 F300
G1 X15.817788562499999 Y32.243492234375 F300
G1 X15.971421027118861 Y32.35660451728354 F300
G1 X16.088045 Y32.44725262499999 F300
G1 X16.188331588222496 Y32.53185728362191 F300
G1 X16.2425981875 Y32.584928453124995 F300
G1 X16.263833883867605 Y32.61241744464229 F300
G1 X16.26891234639957 Y32.62613564187825 F300
G1 X16.266142963878387 Y32.632801573125455 F300
G1 X16.255287 Y32.635493 F300
G1 X16.226361580148698 Y32.63982973790005 F300
G1 X16.19484417652144 Y32.653151661096786 F300
G1 X16.160512185185187 Y32.67646218518519 F300
G1 X16.11416162380997 Y32.72169447720204 F300
G1 X16.068103148148147 Y32.78386781481481 F300
G1 X16.029426606025286 Y32.85438564958635 F300
G1 X15.998062999999998 Y32.934456999999995 F300
G1 X15.981829847587788 Y32.97462400759612 F300
G1 X15.955764464691466 Y33.0215836403307 F300
G1 X15.918631984374999 Y33.07566653125 F300
G1 X15.854661055573379 Y33.15358337653273 F300
G1 X15.772505624999997 Y33.239143 F300
G1 X15.681990311213472 Y33.32199311271697 F300
G1 X15.580506453125 Y33.40462796874999 F300
G1 X15.473620777052657 Y33.48192253472627 F300
G1 X15.363456999999999 Y33.551863 F300
G1 X15.253072100304827 Y33.62135097210611 F300
G1 X15.14581225 Y33.697167609375 F300
G1 X15.043509954976642 Y33.77760420192904 F300
G1 X14.95219375 Y33.85739637499999 F300
G1 X14.868751406615303 Y33.93936560322477 F300
G1 X14.803671624999998 Y34.013093453124995 F300
G1 X14.765325905719337 Y34.06425170062478 F300
G1 X14.738336626317343 Y34.10801246667003 F300
G1 X14.721315999999998 Y34.144802999999996 F300
G1 X14.685649855288705 Y34.22187343012053 F300
G1 X14.630997555555556 Y34.31093637037037 F300
G1 X14.566370820061897 Y34.39789627454557 F300
G1 X14.492668444444444 Y34.482609296296296 F300
G1 X14.413352884349745 Y34.560259253855044 F300
G1 X14.336277999999998 Y34.62265599999999 F300
G1 X14.277257679333097 Y34.67193185456666 F300
G1 X14.204458609375 Y34.74676604687499 F300
G1 X14.132446056081026 Y34.83188656552994 F300
G1 X14.054463625 Y34.93436312499999 F300
G1 X13.978982315683421 Y35.043167014303805 F300
G1 X13.904750078124998 Y35.15999889062499 F300
G1 X13.835352402513635 Y35.27988135007479 F300
G1 X13.773774999999999 Y35.398225 F300
G1 X13.652182656249998 Y35.64488465624999 F300
G1 X13.528014999999996 Y35.89348175 F300
G1 X13.415827843749998 Y36.11506121875 F300
G1 X13.330176999999999 Y36.280668 F300
G1 X13.231229344642726 Y36.47727201132412 F300
G1 X13.137086560197334 Y36.68307989862096 F300
G1 X13.047955131106592 Y36.897888505756114 F300
G1 X12.964067593749999 Y37.1214800921875 F300
G1 X12.888115166344486 Y37.34602237457418 F300
G1 X12.817891892932986 Y37.577234246441606 F300
G1 X12.753592838100518 Y37.8147789485723 F300
G1 X12.695430999999997 Y38.058306987499996 F300
G1 X12.644622243027584 Y38.30235219491818 F300
G1 X12.600342537429212 Y38.550325626378246 F300
G1 X12.562753252099853 Y38.80181131313759 F300
G1 X12.532029156249997 Y39.056386364062504 F300
G1 X12.508539055741444 Y39.31130276058021 F300
G1 X12.492226830765901 Y39.567331112165945 F300
G1 X12.483211542974434 Y39.824029612395066 F300
G1 X12.481623999999998 Y40.0809559 F300
G1 X12.48579837028572 Y40.36735972506009 F300
G1 X12.493141544000002 Y40.59050947440001 F300
G1 X12.506208641389918 Y40.79438791147334 F300
G1 X12.523877952 Y40.94952947120001 F300
G1 X12.541035687480381 Y41.04746489313109 F300
G1 X12.560893423327297 Y41.128908289197014 F300
G1 X12.583228887999999 Y41.19725300079999 F300
G1 X12.611635652928857 Y41.26317771158293 F300
G1 X12.644010823200025 Y41.32102315756093 F300
G1 X12.680590016 Y41.3729171736 F300
G1 X12.745219718709631 Y41.444772620721395 F300
G1 X12.825356999999999 Y41.5157591 F300
G1 X12.897167570814204 Y41.57006989212123 F300
G1 X12.975064531249998 Y41.62154696093749 F300
G1 X13.055814684731754 Y41.668390790488445 F300
G1 X13.1358595 Y41.708919162499996 F300
G1 X13.216130556315713 Y41.74355006649662 F300
G1 X13.28844271875 Y41.7688068828125 F300
G1 X13.358482180826005 Y41.78613962849892 F300
G1 X13.413514999999999 Y41.7921413 F300
G1 X13.460585953213444 Y41.79621711563181 F300
G1 X13.51710522996728 Y41.80723788255903 F300
G1 X13.582850851851852 Y41.825833200000005 F300
G1 X13.680131267966967 Y41.86193396457319 F300
G1 X13.782369814814814 Y41.90942303333333 F300
G1 X13.880879760876176 Y41.964848063450056 F300
G1 X13.968876999999999 Y42.024812 F300
G1 X14.036969460896842 Y42.06904588408804 F300
G1 X14.125562906250002 Y42.11323830625 F300
G1 X14.221747213064077 Y42.15135683887914 F300
G1 X14.329604 Y42.18565177499999 F300
G1 X14.44102240996874 Y42.21349585767867 F300
G1 X14.554579843749998 Y42.23457978124999 F300
G1 X14.668026463320402 Y42.24801399202702 F300
G1 X14.774069999999998 Y42.252549699999996 F300
G1 X14.91256689941064 Y42.25765988800719 F300
G1 X15.039734666666668 Y42.27156068888889 F300
G1 X15.159719151787028 Y42.294356248159914 F300
G1 X15.251638666666665 Y42.32140027777778 F300
G1 X15.307994269358169 Y42.3458968777157 F300
G1 X15.343995935075569 Y42.369331778201186 F300
G1 X15.363905999999998 Y42.3912784 F300
G1 X15.38318740893223 Y42.41385015579102 F300
G1 X15.417962167478578 Y42.43946247428967 F300
G1 X15.474197941735902 Y42.46860716199491 F300
G1 X15.559037362276582 Y42.50150645570015 F300
G1 X15.680644481481483 Y42.53822787777778 F300
G1 X15.864096078966726 Y42.58220880875631 F300
G1 X16.112441277834108 Y42.630237308401824 F300
G1 X16.438651185185183 Y42.68209995555556 F300
G1 X16.765665440242273 Y42.726235207586555 F300
G1 X17.158017699531822 Y42.77231352575634 F300
G1 X17.623182999999997 Y42.820096899999996 F300
G1 X18.180988328703705 Y42.86968143240742 F300
G1 X18.418601137906055 Y42.88604353324218 F300
G1 X18.62044296296296 Y42.895571492592595 F300
G1 X18.81328030577909 Y42.899111238510216 F300
G1 X18.987059374999998 Y42.896090025 F300
G1 X19.157417890331185 Y42.886299749950126 F300
G1 X19.326350037037034 Y42.86955997407408 F300
G1 X19.497075124182075 Y42.846076294303515 F300
G1 X19.683827421296293 Y42.81430428425925 F300
G1 X19.878178185935727 Y42.77648765727183 F300
G1 X20.105003999999997 Y42.7286459 F300
G1 X20.475268843749994 Y42.6502688515625 F300
G1 X20.852757499999996 Y42.573476712499996 F300
G1 X21.19325390625 Y42.50708709218749 F300
G1 X21.452541999999998 Y42.4599176 F300
G1 X21.555831669693024 Y42.43743446492363 F300
G1 X21.665534703125 Y42.404100884375 F300
G1 X21.774101652903983 Y42.36263709538394 F300
G1 X21.879980624999995 Y42.3141665 F300
G1 X21.98123954926951 Y42.25952851030118 F300
G1 X22.070914984374998 Y42.202528090624995 F300
G1 X22.151989943067072 Y42.14055850183222 F300
G1 X22.213372999999997 Y42.08159929999999 F300
G1 X22.27278595451797 Y42.02310312124044 F300
G1 X22.342460624999998 Y41.96724715624999 F300
G1 X22.417745006058734 Y41.917206788186476 F300
G1 X22.496990499999995 Y41.87351554999999 F300
G1 X22.578684999992934 Y41.83703077154985 F300
G1 X22.657557874999995 Y41.81008319374999 F300
G1 X22.735924984687287 Y41.792453589917834 F300
G1 X22.804757999999996 Y41.786628799999995 F300
G1 X22.884038292241712 Y41.78252313188134 F300
G1 X22.968055194789912 Y41.77033708612734 F300
G1 X23.056942070120332 Y41.74977849625231 F300
G1 X23.150785583999998 Y41.72047394320001 F300
G1 X23.271215924306244 Y41.672597357979406 F300
G1 X23.397208834024205 Y41.611240945459116 F300
G1 X23.528308031999995 Y41.5360061616 F300
G1 X23.654541994234265 Y41.453026886544045 F300
G1 X23.782476568894833 Y41.358497287336505 F300
G1 X23.91130108799999 Y41.2524895784 F300
G1 X24.0346895053973 Y41.14025128406834 F300
G1 X24.155808759585035 Y41.01902357843736 F300
G1 X24.273740495999995 Y40.889188316799995 F300
G1 X24.385338233970533 Y40.75387848156559 F300
G1 X24.490915966097134 Y40.61243072752628 F300
G1 X24.589601999999996 Y40.465366499999995 F300
G1 X25.034825999999995 Y39.76331999999999 F300
G1 X25.433163999999994 Y40.44303219999999 F300
G1 X25.545127043759923 Y40.624579876927385 F300
G1 X25.656401657106205 Y40.78658551909455 F300
G1 X25.767565531249996 Y40.930946834374986 F300
G1 X25.887359417404713 Y41.06823500325704 F300
G1 X26.00925732970868 Y41.19007391327047 F300
G1 X26.133969749999995 Y41.2979091 F300
G1 X26.232805331292063 Y41.372517652795985 F300
G1 X26.33468113911641 Y41.4404048757883 F300
G1 X26.440010030160465 Y41.501933821791354 F300
G1 X26.549227843749996 Y41.55742449062499 F300
G1 X26.699385554739774 Y41.62160611576671 F300
G1 X26.85925631704702 Y41.67671543680714 F300
G1 X27.030190999999995 Y41.72299849999999 F300
G1 X27.123365580458298 Y41.748954050255804 F300
G1 X27.226569703124998 Y41.785158745312486 F300
G1 X27.32997775264155 Y41.82787635608604 F300
G1 X27.433991125 Y41.87684391249999 F300
G1 X27.535098029813238 Y41.93044710053366 F300
G1 X27.627749234374996 Y41.985703648437486 F300
G1 X27.714019524900692 Y42.04435034559421 F300
G1 X27.783137999999994 Y42.099387599999986 F300
G1 X27.852614968680985 Y42.15404587437488 F300
G1 X27.94031235937499 Y42.211748759374984 F300
G1 X28.03492905621488 Y42.26541886426009 F300
G1 X28.138930874999996 Y42.31700687499998 F300
G1 X28.246181826891398 Y42.36342672841708 F300
G1 X28.353545203124995 Y42.403361728124985 F300
G1 X28.460868309315266 Y42.436297822137526 F300
G1 X28.558706999999995 Y42.459013099999986 F300
G1 X28.806707546874993 Y42.507694648437486 F300
G1 X29.137960624999995 Y42.575072637499986 F300
G1 X29.509203890624995 Y42.652245082812485 F300
G1 X29.877174999999994 Y42.73030999999999 F300
G1 X30.104181557819633 Y42.77775408874737 F300
G1 X30.298718106481477 Y42.815253541666664 F300
G1 X30.485644138903453 Y42.846748202483 F300
G1 X30.656521851851853 Y42.870013933333325 F300
G1 X30.82558430162858 Y42.88657863924175 F300
G1 X30.996018874999994 Y42.896234824999986 F300
G1 X31.16984631164007 Y42.89916219625518 F300
G1 X31.362641814814808 Y42.89555986666666 F300
G1 X31.564407237454702 Y42.886000048636234 F300
G1 X31.801823310185174 Y42.86963270833332 F300
G1 X32.35899599999998 Y42.82009699999999 F300
G1 X32.824161254488345 Y42.772313614573896 F300
G1 X33.2165131544365 Y42.72623529621936 F300
G1 X33.543526888888884 Y42.68210005555555 F300
G1 X33.869736252994215 Y42.630237412285936 F300
G1 X34.118081053553155 Y42.58220891269488 F300
G1 X34.30153244444444 Y42.53822797777777 F300
G1 X34.42313930600308 Y42.501506631811836 F300
G1 X34.50797882755184 Y42.46860736945425 F300
G1 X34.56421492901548 Y42.43946267160088 F300
G1 X34.59899012564515 Y42.4138503104326 F300
G1 X34.61827199999999 Y42.39127849999999 F300
G1 X34.63818289835701 Y42.36933173239504 F300
G1 X34.67418518058877 Y42.34589677820573 F300
G1 X34.73054096296296 Y42.32140024444444 F300
G1 X34.82246064093948 Y42.2943562238496 F300
G1 X34.94244503703703 Y42.27156072222221 F300
G1 X35.06961273609575 Y42.25765997226322 F300
G1 X35.20810999999999 Y42.25254979999999 F300
G1 X35.31415318375145 Y42.248014094191085 F300
G1 X35.42759957812499 Y42.23457988124999 F300
G1 X35.54115682018775 Y42.21349596069589 F300
G1 X35.65257512499999 Y42.18565187499999 F300
G1 X35.760431830765505 Y42.15135694176108 F300
G1 X35.85661610937499 Y42.11323840624999 F300
G1 X35.94520953860321 Y42.069045985370494 F300
G1 X36.01330199999999 Y42.02481209999999 F300
G1 X36.101844147364766 Y41.965035337194095 F300
G1 X36.203130074074075 Y41.909423866666664 F300
G1 X36.30887667046776 Y41.86207586940398 F300
G1 X36.41135525925925 Y41.82583476666666 F300
G1 X36.48066750005927 Y41.80734297172617 F300
G1 X36.54133832292227 Y41.79627295902531 F300
G1 X36.59289799999999 Y41.79214139999999 F300
G1 X36.65296972089045 Y41.784479534980896 F300
G1 X36.72962437499999 Y41.76163717031249 F300
G1 X36.80829471467767 Y41.7283077911624 F300
G1 X36.896022999999985 Y41.682223987499995 F300
G1 X36.982960378147986 Y41.628485400573524 F300
G1 X37.071066874999985 Y41.565953610937484 F300
G1 X37.15548854081102 Y41.497565124943264 F300
G1 X37.23372899999999 Y41.42487779999999 F300
G1 X37.32411974342253 Y41.329660768736815 F300
G1 X37.3939448 Y41.24356812960001 F300
G1 X37.43383893212483 Y41.183761141176284 F300
G1 X37.46755393059398 Y41.12154723341591 F300
G1 X37.49559412 Y41.054959996799994 F300
G1 X37.517288737870075 Y40.98599829265379 F300
G1 X37.535062682145245 Y40.906558029052086 F300
G1 X37.548689039999985 Y40.81352641919999 F300
G1 X37.559831737062886 Y40.66632419658538 F300
G1 X37.563241639999994 Y40.47374041439999 F300
G1 X37.559493846239356 Y40.262935992892366 F300
G1 X37.54926399999999 Y39.99007499999999 F300
G1 X37.53285599236338 Y39.68932561057389 F300
G1 X37.51048398578786 Y39.40369563664059 F300
G1 X37.481983088 Y39.130860624 F300
G1 X37.44576161815519 Y38.858829719065696 F300
G1 X37.40212635684823 Y38.59308379918608 F300
G1 X37.35070214399999 Y38.331663432 F300
G1 X37.290954374730305 Y38.07203062428511 F300
G1 X37.22187252381953 Y37.810320023958575 F300
G1 X37.14276985599999 Y37.544598527999995 F300
G1 X37.05590320229635 Y37.281474807701635 F300
G1 X36.957183748037444 Y37.00794770281491 F300
G1 X36.84553491199999 Y36.721781015999994 F300
G1 X36.727544082273056 Y36.43855932157155 F300
G1 X36.59494084408641 Y36.13730942249087 F300
G1 X36.446345999999984 Y35.81532599999999 F300
G1 X36.365254082238934 Y35.656291074011335 F300
G1 X36.262416107802174 Y35.479268734963284 F300
G1 X36.13597726562499 Y35.28352414062499 F300
G1 X36.00252191247155 Y35.0936661029409 F300
G1 X35.848949288853554 Y34.889848401639064 F300
G1 X35.674452874999986 Y34.67217737499999 F300
G1 X35.49474519426179 Y34.45983219731925 F300
G1 X35.29741042771276 Y34.23763509248356 F300
G1 X35.08226929687498 Y34.00613292187499 F300
G1 X34.86277058308605 Y33.77968386751122 F300
G1 X34.6285835932711 Y33.54745736088692 F300
G1 X34.379922999999984 Y33.31023799999999 F300
G1 X34.28329412499998 Y33.21589906249999 F300
G1 X34.16108124999999 Y33.09090124999999 F300
G1 X34.028947749999986 Y32.95152556249999 F300
G1 X33.90255699999998 Y32.81405299999999 F300
G1 X33.80529711996785 Y32.70471622743852 F300
G1 X33.74570446874998 Y32.631959156249984 F300
G1 X33.713688637688634 Y32.584409660034176 F300
G1 X33.69860812839834 Y32.55082254667753 F300
G1 X33.69498274999998 Y32.526189999999986 F300
G1 X33.70091134205965 Y32.50348610928057 F300
G1 X33.71828886213824 Y32.482477045937294 F300
G1 X33.75163065624998 Y32.46100859374999 F300
G1 X33.81429207316306 Y32.43473886163497 F300
G1 X33.91688699999998 Y32.400677999999985 F300
G1 X33.98554768323353 Y32.37269736330734 F300
G1 X34.09385404687498 Y32.316105124999986 F300
G1 X34.21065510461934 Y32.24714374028861 F300
G1 X34.35310012499998 Y32.15647674999998 F300
G1 X34.5001671988532 Y32.05740444717649 F300
G1 X34.65977414062498 Y31.944668249999985 F300
G1 X34.81966384135266 Y31.826602998705024 F300
G1 X34.97902499999998 Y31.703554999999984 F300
G1 X35.1335612014216 Y31.575187200321537 F300
G1 X35.28092364152225 Y31.44017463723566 F300
G1 X35.421234143640994 Y31.298547186056158 F300
G1 X35.554584952306 Y31.150302900026038 F300
G1 X35.6810371026328 Y30.995410353186323 F300
G1 X35.8006189259259 Y30.833811111111096 F300
G1 X35.91183632863591 Y30.66776127118448 F300
G1 X36.01609030672053 Y30.49541358027886 F300
G1 X36.11335791810741 Y30.3166918662954 F300
G1 X36.20358388467536 Y30.131501136876558 F300
G1 X36.28667973324175 Y29.939730018455318 F300
G1 X36.362523074074055 Y29.74125322222221 F300
G1 X36.42879501283125 Y29.542896729825678 F300
G1 X36.487852088725596 Y29.338461520601978 F300
G1 X36.53954272092016 Y29.12783367598949 F300
G1 X36.58368509682916 Y28.910891988933898 F300
G1 X36.62006687994513 Y28.687509999783057 F300
G1 X36.64844499999998 Y28.457557999999985 F300
G1 X36.673177645245865 Y28.234105188957518 F300
G1 X36.69741825925925 Y28.052350458333322 F300
G1 X36.72697749340247 Y27.882658819996948 F300
G1 X36.76107174074073 Y27.73902499999999 F300
G1 X36.789280998911856 Y27.64717438946677 F300
G1 X36.82194027616764 Y27.560049455519643 F300
G1 X36.85976599999998 Y27.475874374999982 F300
G1 X36.90275491362272 Y27.394245342977857 F300
G1 X36.9536508665668 Y27.30994974364724 F300
G1 X37.013861592592576 Y27.22119133333332 F300
G1 X37.11424670171019 Y27.08874884727008 F300
G1 X37.24371907407405 Y26.933268624999982 F300
G1 X37.38762075736288 Y26.77025515777386 F300
G1 X37.56969899999998 Y26.570398999999988 F300
G1 X37.79406371671481 Y26.3214444814698 F300
G1 X37.98701044444442 Y26.09684397222221 F300
G1 X38.16629071516958 Y25.874882703492766 F300
G1 X38.32085088888887 Y25.668248111111097 F300
G1 X38.41744227290473 Y25.528980793186687 F300
G1 X38.50572537120416 Y25.39259930953344 F300
G1 X38.58658349999998 Y25.25801674999998 F300
G1 X38.698744436139535 Y25.051409943501486 F300
G1 X38.799571444444425 Y24.839555222222206 F300
G1 X38.890296537387655 Y24.620969292566553 F300
G1 X38.975177888888865 Y24.38626886111109 F300
G1 X39.05250294045226 Y24.14248611267456 F300
G1 X39.12876599999998 Y23.871562999999984 F300
G1 X39.194318391424844 Y23.601546777860502 F300
G1 X39.24746822645731 Y23.33080299669461 F300
G1 X39.28842795205253 Y23.059529592483162 F300
G1 X39.31736414399999 Y22.787913759999995 F300
G1 X39.334448699491546 Y22.514891757388543 F300
G1 X39.339601076141996 Y22.24273856811085 F300
G1 X39.33296426535051 Y21.971645779589878 F300
G1 X39.31463779199998 Y21.701803079999983 F300
G1 X39.284592318183584 Y21.432759738573964 F300
G1 X39.243023493172444 Y21.166214334951842 F300
G1 X39.19001417702824 Y20.9023557477612 F300
G1 X39.125604767999974 Y20.641379119999982 F300
G1 X39.04975799409254 Y20.383377418587393 F300
G1 X38.962749850009885 Y20.129483163425427 F300
G1 X38.864599389745436 Y19.879885777845033 F300
G1 X38.755282895999976 Y19.634790039999984 F300
G1 X38.63502034041008 Y19.394959193229816 F300
G1 X38.50388156993851 Y19.16077594824143 F300
G1 X38.361806183725484 Y18.932441510831516 F300
G1 X38.208689999999976 Y18.710183999999984 F300
G1 X38.121052692000795 Y18.581794358753747 F300
G1 X38.02321402399998 Y18.423566695999988 F300
G1 X37.92706033685026 Y18.255220465691302 F300
G1 X37.82700251199998 Y18.067828767999988 F300
G1 X37.729970902294916 Y17.874509716220842 F300
G1 X37.634938487999975 Y17.673525191999982 F300
G1 X37.544673867932104 Y17.47043958829878 F300
G1 X37.46190497599998 Y17.271210943999982 F300
G1 X37.38604992125245 Y17.073526291683226 F300
G1 X37.322784999999975 Y16.891440999999986 F300
G1 X36.993382681640604 Y15.891785068359361 F300
G1 X36.72514376562497 Y15.102275421874985 F300
G1 X36.60559459192264 Y14.765628442051508 F300
G1 X36.50175281054685 Y14.485544283203108 F300
G1 X36.39909300761143 Y14.223668783135594 F300
G1 X36.30689437499997 Y14.004223874999985 F300
G1 X36.21303223659218 Y13.798402664677088 F300
G1 X36.1242530175781 Y13.620946419921859 F300
G1 X36.03143016214353 Y13.452697632263364 F300
G1 X35.93751329687497 Y13.298344140624984 F300
G1 X35.837948503387736 Y13.148754113931892 F300
G1 X35.73035977148435 Y12.99904925976561 F300
G1 X35.61608507630631 Y12.849101215448364 F300
G1 X35.48647699999997 Y12.685693999999984 F300
G1 X35.37594038461603 Y12.552889790661547 F300
G1 X35.25594508697977 Y12.417553708002254 F300
G1 X35.12743406249997 Y12.280779046874983 F300
G1 X34.92775384906873 Y12.082023013256014 F300
G1 X34.72048149999998 Y11.890918374999984 F300
G1 X34.50790608083881 Y11.709652618874799 F300
G1 X34.30105718749997 Y11.547555265624982 F300
G1 X34.16031115957106 Y11.445879058100424 F300
G1 X34.02790118298624 Y11.357371726808989 F300
G1 X33.90459899999997 Y11.28213299999998 F300
G1 X33.581844415999974 Y11.091979647999983 F300
G1 X33.19464704799997 Y10.85855098399998 F300
G1 X32.77548787199997 Y10.60174689599998 F300
G1 X32.356847863999974 Y10.341467271999981 F300
G1 X31.97120799999997 Y10.097611999999984 F300
G1 X31.58528483999997 Y9.858128487999988 F300
G1 X31.16585695999997 Y9.610008863999985 F300
G1 X30.745498359999967 Y9.371718295999983 F300
G1 X30.35678303999997 Y9.161721951999985 F300
G1 X30.179137291270667 Y9.070422058623114 F300
G1 X30.03228499999997 Y8.998484999999981 F300
G1 X29.88878864175083 Y8.92819346468081 F300
G1 X29.731612479999978 Y8.847057551999983 F300
G1 X29.572557573692677 Y8.761332092251475 F300
G1 X29.409161879999974 Y8.669905415999983 F300
G1 X29.08968943999997 Y8.481619103999979 F300
G1 X28.936681744198175 Y8.386514068993643 F300
G1 X28.797951399999974 Y8.29678912799998 F300
G1 X28.666747068787807 Y8.207808914200516 F300
G1 X28.55870399999997 Y8.13000599999998 F300
G1 X28.411078857132757 Y8.026041784623786 F300
G1 X28.251297121203496 Y7.925633163143359 F300
G1 X28.07942396557908 Y7.828986270050151 F300
G1 X27.895546018518495 Y7.73635637499998 F300
G1 X27.710269262033602 Y7.652534801282153 F300
G1 X27.5158234196405 Y7.57342472817354 F300
G1 X27.312559685057913 Y7.499257164782761 F300
G1 X27.100857481481462 Y7.430290999999979 F300
G1 X26.816571009649138 Y7.349632204202253 F300
G1 X26.522575598922444 Y7.279321634475905 F300
G1 X26.220162499999972 Y7.219826624999978 F300
G1 X25.91559086543028 Y7.172334408663225 F300
G1 X25.608047069818667 Y7.136617931318903 F300
G1 X25.29898518518516 Y7.112979999999979 F300
G1 X25.066397036216596 Y7.103364033234474 F300
G1 X24.835789283992014 Y7.100926783613456 F300
G1 X24.607749005551916 Y7.105710173894963 F300
G1 X24.382849648148117 Y7.117767874999978 F300
G1 X24.157283315707122 Y7.137628303912042 F300
G1 X23.937531882537755 Y7.1650126917018335 F300
G1 X23.72405297972345 Y7.199879689822304 F300
G1 X23.51727999999997 Y7.242206999999979 F300
G1 X23.517283 Y7.2422070000000005 F300
G0 X27.503487999999997 Y8.038335000000004
G1 X27.70213640480131 Y8.13176896501821 F300
G1 X27.898417312499998 Y8.230974468750002 F300
G1 X28.089659748790705 Y8.334275255968501 F300
G1 X28.263125 Y8.434359750000002 F300
G1 X28.426298864445194 Y8.535635982085408 F300
G1 X28.557049937499997 Y8.624270156250002 F300
G1 X28.671384451605455 Y8.712123003189031 F300
G1 X28.739630999999996 Y8.776485000000001 F300
G1 X28.79366057166259 Y8.82800230420344 F300
G1 X28.883722144 Y8.898766688000004 F300
G1 X28.98714683182761 Y8.971007165030711 F300
G1 X29.118927031999995 Y9.055935064000002 F300
G1 X29.260350321658677 Y9.141511120161196 F300
G1 X29.421777647999992 Y9.234177696000001 F300
G1 X29.589567555797323 Y9.325992968669166 F300
G1 X29.768805976 Y9.419682152 F300
G1 X29.951434351128317 Y9.510783394274954 F300
G1 X30.136543999999997 Y9.598635999999999 F300
G1 X30.32358609859265 Y9.687230646523057 F300
G1 X30.518876368000004 Y9.783905752 F300
G1 X30.713967528444705 Y9.884300231949213 F300
G1 X30.906496224 Y9.986974336 F300
G1 X31.095433443481006 Y10.091329708565048 F300
G1 X31.271146495999997 Y10.191957543999997 F300
G1 X31.43960089754264 Y10.292381498483367 F300
G1 X31.584570111999998 Y10.382971168 F300
G1 X31.718307571730122 Y10.471768523527853 F300
G1 X31.818509999999996 Y10.544131 F300
G1 X31.916024875081813 Y10.615658769660275 F300
G1 X32.03423664 Y10.696925248000003 F300
G1 X32.15925690969967 Y10.778553614799318 F300
G1 X32.29700568 Y10.864674184 F300
G1 X32.58453599999999 Y11.034238095999997 F300
G1 X32.87454647999999 Y11.192477271999998 F300
G1 X33.01589381152348 Y11.264419841381216 F300
G1 X33.144755999999994 Y11.326251999999997 F300
G1 X33.331360138724705 Y11.418812335928493 F300
G1 X33.518063273548165 Y11.523624527089252 F300
G1 X33.70468633828115 Y11.640632795113108 F300
G1 X33.89101119907407 Y11.769804717592592 F300
G1 X34.07014054643877 Y11.905856091991547 F300
G1 X34.24755561247977 Y12.052403463425685 F300
G1 X34.42296683608816 Y12.209277604607975 F300
G1 X34.596052925925925 Y12.376314074074074 F300
G1 X34.76199672813209 Y12.548547416740938 F300
G1 X34.92422960340989 Y12.729171366009167 F300
G1 X35.08241966522353 Y12.917904369326772 F300
G1 X35.236211374999996 Y13.114466374999996 F300
G1 X35.382972297626665 Y13.315384209156662 F300
G1 X35.524046998756084 Y13.522339698837971 F300
G1 X35.659109617778604 Y13.734977786265768 F300
G1 X35.78781674074074 Y13.952947925925923 F300
G1 X35.90926624206166 Y14.17487621995425 F300
G1 X36.023173366173665 Y14.400353066305088 F300
G1 X36.129251524472856 Y14.62899920430938 F300
G1 X36.227199217592585 Y14.8604450324074 F300
G1 X36.3171394564456 Y15.09554641222571 F300
G1 X36.39785674367762 Y15.331677987467657 F300
G1 X36.469122158076665 Y15.568489246505893 F300
G1 X36.530688999999995 Y15.805643999999994 F300
G1 X36.594419119297335 Y16.0568258736574 F300
G1 X36.66997844897959 Y16.32620229446064 F300
G1 X36.75256387962246 Y16.59806125065155 F300
G1 X36.84249920408162 Y16.875031416909618 F300
G1 X36.93738486724886 Y17.150438301230533 F300
G1 X37.034770734693865 Y17.41798358309037 F300
G1 X37.135361178538645 Y17.67977725349671 F300
G1 X37.23331251020408 Y17.92091100874635 F300
G1 X37.33300515052792 Y18.151808112856095 F300
G1 X37.424643999999994 Y18.349665909620985 F300
G1 X37.51706923023832 Y18.53245121996491 F300
G1 X37.59528467346938 Y18.670100501457718 F300
G1 X37.65092327854147 Y18.75499470060577 F300
G1 X37.695956462637184 Y18.812525886975532 F300
G1 X37.731753999999995 Y18.84806699999999 F300
G1 X37.79199334918797 Y18.90442629467381 F300
G1 X37.86026991773651 Y18.981606869283684 F300
G1 X37.9368498425926 Y19.08198938425926 F300
G1 X38.00749308333183 Y19.185634556387814 F300
G1 X38.08244658783458 Y19.305864964590068 F300
G1 X38.161210740740735 Y19.4426764074074 F300
G1 X38.273165971822415 Y19.65466615277297 F300
G1 X38.386279249999994 Y19.889765874999995 F300
G1 X38.49296012452373 Y20.132338279558297 F300
G1 X38.593497925925924 Y20.382895592592586 F300
G1 X38.6852102817991 Y20.635851257206195 F300
G1 X38.76430932407406 Y20.881703365740734 F300
G1 X38.81102506463499 Y21.046283906062758 F300
G1 X38.849680094355236 Y21.201301351687007 F300
G1 X38.88015599999999 Y21.345826999999993 F300
G1 X38.908976354995445 Y21.520663912148063 F300
G1 X38.930142378661984 Y21.70061844986939 F300
G1 X38.9436688396103 Y21.885482384332303 F300
G1 X38.94954547521866 Y22.075035020408162 F300
G1 X38.945732181570555 Y22.327068928790393 F300
G1 X38.92906605071201 Y22.58425963857424 F300
G1 X38.89963404664722 Y22.845852306122442 F300
G1 X38.8584040302503 Y23.10595871251511 F300
G1 X38.8053282292875 Y23.367003943528385 F300
G1 X38.74061721865888 Y23.628098979591826 F300
G1 X38.66508446768529 Y23.88631011260201 F300
G1 X38.579002250287225 Y24.14111053297404 F300
G1 X38.48269049562682 Y24.391595163265297 F300
G1 X38.37600442111326 Y24.637784915533587 F300
G1 X38.26032700788448 Y24.876242843029658 F300
G1 X38.13604938192419 Y25.106160979591827 F300
G1 X38.03577266298748 Y25.275158434789052 F300
G1 X37.931371171865976 Y25.43757166057291 F300
G1 X37.82302397055901 Y25.593142694268856 F300
G1 X37.71088938192419 Y25.7416165510204 F300
G1 X37.592018337068644 Y25.886340772653774 F300
G1 X37.47005818284869 Y26.022373151681137 F300
G1 X37.34515013931971 Y26.149570150065635 F300
G1 X37.217406 Y26.267781999999993 F300
G1 X37.07182823511021 Y26.40005395878643 F300
G1 X36.943831607575625 Y26.52496153775723 F300
G1 X36.83164904 Y26.643798320000002 F300
G1 X36.72522037788175 Y26.76805729708373 F300
G1 X36.63279943231023 Y26.889098277940082 F300
G1 X36.55299687999999 Y27.008077199999995 F300
G1 X36.48137721718838 Y27.13203607043824 F300
G1 X36.42036136050491 Y27.257562720426826 F300
G1 X36.36916679999999 Y27.385859919999994 F300
G1 X36.32728518734679 Y27.517554173765784 F300
G1 X36.29359569085078 Y27.655911017377207 F300
G1 X36.26787607999999 Y27.802387759999995 F300
G1 X36.250693310718276 Y27.950151842180958 F300
G1 X36.2403175273683 Y28.10972008849376 F300
G1 X36.23684199999999 Y28.282901999999993 F300
G1 X36.23261377216765 Y28.42456465165947 F300
G1 X36.219794133072924 Y28.576509698100555 F300
G1 X36.19817619199999 Y28.738168992000002 F300
G1 X36.16960669117828 Y28.898557169424087 F300
G1 X36.133395067106015 Y29.0640774089296 F300
G1 X36.08966817599999 Y29.23370265599999 F300
G1 X36.04002603911074 Y29.401658080689366 F300
G1 X35.98420456158217 Y29.56939664335208 F300
G1 X35.92255206399999 Y29.73575342399999 F300
G1 X35.85525259288595 Y29.899907812216448 F300
G1 X35.7835991783574 Y30.05852675778572 F300
G1 X35.708061967999996 Y30.210571727999994 F300
G1 X35.62648901375024 Y30.359550288524353 F300
G1 X35.54277812603239 Y30.49770366626255 F300
G1 X35.45743199999999 Y30.624407999999992 F300
G1 X35.396526557633855 Y30.701124074147828 F300
G1 X35.305120855999995 Y30.800023352 F300
G1 X35.20153047417369 Y30.901517675949233 F300
G1 X35.07458684799999 Y31.017297615999993 F300
G1 X34.93907558359493 Y31.13393359706363 F300
G1 X34.78803511199999 Y31.25760890399999 F300
G1 X34.63147138257389 Y31.379988259663993 F300
G1 X34.46767078399999 Y31.502335327999997 F300
G1 X34.301065533222456 Y31.621009003275724 F300
G1 X34.13569899999999 Y31.732854999999994 F300
G1 X33.88098633106203 Y31.905166694234723 F300
G1 X33.67786819150998 Y32.052240498847084 F300
G1 X33.51883432746091 Y32.17749995726498 F300
G1 X33.39704181481481 Y32.283962074074076 F300
G1 X33.30869297075183 Y32.371711137020284 F300
G1 X33.24406336074877 Y32.44691925229119 F300
G1 X33.19890893347478 Y32.51144902805667 F300
G1 X33.16953275036833 Y32.567014591310404 F300
G1 X33.152836885507234 Y32.615227917534945 F300
G1 X33.14640818518518 Y32.65763225925926 F300
G1 X33.14976301285165 Y32.70164827027047 F300
G1 X33.16398286230732 Y32.74206918346866 F300
G1 X33.18974321281116 Y32.780257141820115 F300
G1 X33.22903227063786 Y32.817063825564375 F300
G1 X33.284922562366 Y32.85280947677186 F300
G1 X33.361330999999986 Y32.887361999999996 F300
G1 X33.401818316642085 Y32.9066492855828 F300
G1 X33.44421433634012 Y32.93426353904201 F300
G1 X33.48793407407406 Y32.9701987037037 F300
G1 X33.54757298003135 Y33.03190399035843 F300
G1 X33.601856925925915 Y33.10371829629629 F300
G1 X33.646774303753226 Y33.18129642340804 F300
G1 X33.678435999999984 Y33.25901499999999 F300
G1 X33.694014336762685 Y33.29720888305955 F300
G1 X33.71945187542242 Y33.34228620816791 F300
G1 X33.75610185937498 Y33.39466024999999 F300
G1 X33.81921309932715 Y33.470088848150986 F300
G1 X33.900782374999984 Y33.553580249999996 F300
G1 X33.9906412146418 Y33.63460412992361 F300
G1 X34.091804453124986 Y33.71598662499999 F300
G1 X34.198329854479375 Y33.792378585709656 F300
G1 X34.308494999999986 Y33.86209099999999 F300
G1 X34.4188795858597 Y33.93157895408249 F300
G1 X34.526139328124984 Y34.00739560937499 F300
G1 X34.62844159303665 Y34.08783219124028 F300
G1 X34.719757874999985 Y34.16762437499999 F300
G1 X34.803200331262055 Y34.24959360097871 F300
G1 X34.86828023437499 Y34.32332145312499 F300
G1 X34.90662603426899 Y34.37447970727281 F300
G1 X34.93361536035929 Y34.41824047230555 F300
G1 X34.95063599999999 Y34.45503099999999 F300
G1 X34.986387275827994 Y34.53212801250807 F300
G1 X35.04142103703703 Y34.621490962962966 F300
G1 X35.106548646621 Y34.70878626798184 F300
G1 X35.18097362962962 Y34.794021370370366 F300
G1 X35.26107857409758 Y34.87221667991911 F300
G1 X35.33907999999999 Y34.93526999999999 F300
G1 X35.40964592754143 Y34.99370836494813 F300
G1 X35.49073048993675 Y35.076984330959164 F300
G1 X35.58301898833819 Y35.18856187463557 F300
G1 X35.668084584533354 Y35.30453965099722 F300
G1 X35.75951704812732 Y35.44126997476665 F300
G1 X35.85691823323614 Y35.59917544606413 F300
G1 X35.996205431374555 Y35.844957823707944 F300
G1 X36.14026501166179 Y36.12254477842564 F300
G1 X36.278178729419736 Y36.41064794436019 F300
G1 X36.412546600583084 Y36.71410393586005 F300
G1 X36.53844221952435 Y37.02233128982673 F300
G1 X36.65325027696792 Y37.32928698250728 F300
G1 X36.756555765386395 Y37.635606715621876 F300
G1 X36.841863317784245 Y37.923527982507274 F300
G1 X36.89107615245262 Y38.115377983204674 F300
G1 X36.92967888682709 Y38.291796571458995 F300
G1 X36.957872999999985 Y38.452260999999986 F300
G1 X36.994800155351406 Y38.72284988003824 F300
G1 X37.02602661111111 Y39.00759317685185 F300
G1 X37.050700290803015 Y39.29452649848733 F300
G1 X37.06893922222221 Y39.57880871481481 F300
G1 X37.080919056063934 Y39.859787210054776 F300
G1 X37.086230999999984 Y40.12115962499999 F300
G1 X37.08503654018164 Y40.37356484275844 F300
G1 X37.077522111111094 Y40.58989791851852 F300
G1 X37.06242128031989 Y40.79136535710727 F300
G1 X37.0424327222222 Y40.94027560648147 F300
G1 X37.02186832377032 Y41.03391907825069 F300
G1 X37.00090221577607 Y41.09352210614684 F300
G1 X36.98058299999998 Y41.127544699999994 F300
G1 X36.94787657781081 Y41.16075233115952 F300
G1 X36.90485909950224 Y41.193580334379696 F300
G1 X36.85141396296295 Y41.22542543703704 F300
G1 X36.76507204259973 Y41.264349788326406 F300
G1 X36.66780670370368 Y41.29523746296296 F300
G1 X36.56729334252991 Y41.314992044335554 F300
G1 X36.46951099999998 Y41.321866799999995 F300
G1 X36.40487829039406 Y41.325447446087864 F300
G1 X36.337086224241084 Y41.33597831085217 F300
G1 X36.267321148148135 Y41.35318881111112 F300
G1 X36.16614558740079 Y41.389261539827956 F300
G1 X36.0735035185185 Y41.43530328888888 F300
G1 X36.01603540479245 Y41.472303456008866 F300
G1 X35.9680948081454 Y41.5109063489361 F300
G1 X35.93001899999998 Y41.5504329 F300
G1 X35.901568193788954 Y41.58001249295128 F300
G1 X35.86248522333431 Y41.612087387950865 F300
G1 X35.811697437499994 Y41.646505179687495 F300
G1 X35.729594169608326 Y41.69264970597126 F300
G1 X35.629760499999996 Y41.739124787499996 F300
G1 X35.5237975903606 Y41.78044771057835 F300
G1 X35.409007312499995 Y41.8177460765625 F300
G1 X35.29152207290133 Y41.84858169756249 F300
G1 X35.174237 Y41.8718234 F300
G1 X35.05544418218564 Y41.89291698129693 F300
G1 X34.929955671875 Y41.918248415625 F300
G1 X34.683306125 Y41.976033625 F300
G1 X34.463042515625 Y42.037815771875 F300
G1 X34.36776375894231 Y42.069331792303934 F300
G1 X34.297919 Y42.0962316 F300
G1 X34.20012860321389 Y42.13284233348094 F300
G1 X34.074674101552894 Y42.17035452133739 F300
G1 X33.91882936213991 Y42.208320646227705 F300
G1 X33.67630189988759 Y42.25587576508574 F300
G1 X33.38595900823045 Y42.30109696982168 F300
G1 X33.08226547260543 Y42.339147220075645 F300
G1 X32.74890477777778 Y42.37282264814816 F300
G1 X32.40865439800644 Y42.40011783798147 F300
G1 X32.057263510288074 Y42.421759758573394 F300
G1 X31.705127595549126 Y42.43718655472047 F300
G1 X31.360632045267494 Y42.44617037846365 F300
G1 X31.02146837493554 Y42.4486223243453 F300
G1 X30.708607222222223 Y42.444316585185184 F300
G1 X30.407403347414117 Y42.43259972765937 F300
G1 X30.15078588065844 Y42.41446045610426 F300
G1 X29.984558131218694 Y42.39677065080046 F300
G1 X29.8472264046785 Y42.3767066662094 F300
G1 X29.736764860082303 Y42.354864068587105 F300
G1 X29.650673909077565 Y42.33176872937254 F300
G1 X29.587894399919193 Y42.308594139716064 F300
G1 X29.544340626507253 Y42.285845262526784 F300
G1 X29.516141 Y42.2637895 F300
G1 X29.4825727877664 Y42.23610930669993 F300
G1 X29.435699850474098 Y42.20796235050251 F300
G1 X29.3744635925926 Y42.17999678888889 F300
G1 X29.276887032623133 Y42.14695941321678 F300
G1 X29.162941740740745 Y42.12023261111111 F300
G1 X29.045117569970305 Y42.10338669983583 F300
G1 X28.927371 Y42.0974359 F300
G1 X28.869067464257363 Y42.094204107908254 F300
G1 X28.80226009631764 Y42.0841764481986 F300
G1 X28.726989015624998 Y42.0668372671875 F300
G1 X28.614655808076144 Y42.031696796004596 F300
G1 X28.493661125 Y41.983524162500004 F300
G1 X28.374031299329754 Y41.92624825927737 F300
G1 X28.256369671875 Y41.8602207765625 F300
G1 X28.144264424935415 Y41.786819324073704 F300
G1 X28.044097 Y41.709651300000004 F300
G1 X27.94571728987144 Y41.63187144021339 F300
G1 X27.842106796874997 Y41.55908183906251 F300
G1 X27.7356308596051 Y41.49252177874833 F300
G1 X27.632813375 Y41.43577848750001 F300
G1 X27.530363203164963 Y41.38712086583222 F300
G1 X27.440922765625 Y41.3524654171875 F300
G1 X27.381085885640882 Y41.33476879336378 F300
G1 X27.33140986274317 Y41.32492389792806 F300
G1 X27.291141 Y41.3218668 F300
G1 X27.20329328019141 Y41.31660074686495 F300
G1 X27.111231439459484 Y41.300663446945414 F300
G1 X27.014693792838173 Y41.27369295984992 F300
G1 X26.913475848000004 Y41.235154940800015 F300
G1 X26.817666740586738 Y41.18971453526358 F300
G1 X26.718865177919394 Y41.134252148155426 F300
G1 X26.617198798769834 Y41.06844100888517 F300
G1 X26.512867704000005 Y40.9919299904 F300
G1 X26.381691372780832 Y40.882951904850096 F300
G1 X26.249179918045566 Y40.758211010231356 F300
G1 X26.116193735999996 Y40.61755788959999 F300
G1 X25.991086762851182 Y40.46999461827501 F300
G1 X25.868791127427393 Y40.309836572921654 F300
G1 X25.750331111999998 Y40.1374045792 F300
G1 X25.640527273741274 Y39.95935850296584 F300
G1 X25.537462030826713 Y39.77231227381393 F300
G1 X25.442156999999998 Y39.576836 F300
G1 X25.384393575018333 Y39.458764087820214 F300
G1 X25.324422000000002 Y39.35098203125 F300
G1 X25.260603145433066 Y39.24987114723348 F300
G1 X25.200131999999996 Y39.16602725 F300
G1 X25.137380543012743 Y39.09187651234807 F300
G1 X25.084087500000003 Y39.041057843749996 F300
G1 X25.046171419226496 Y39.01382441767624 F300
G1 X25.015629875215865 Y38.99947214985566 F300
G1 X24.991089 Y38.99516 F300
G1 X24.966717035802827 Y38.99986892721079 F300
G1 X24.935530858388194 Y39.015840923970295 F300
G1 X24.895773171875 Y39.04676015625 F300
G1 X24.84008771980053 Y39.10369467962075 F300
G1 X24.773417875 Y39.18725574999999 F300
G1 X24.708798616390578 Y39.28138314367975 F300
G1 X24.639787640625002 Y39.39518946875 F300
G1 X24.574439303408084 Y39.51623266429144 F300
G1 X24.510647 Y39.649103999999994 F300
G1 X24.443053035799732 Y39.789884622881324 F300
G1 X24.367767691372464 Y39.92997887290199 F300
G1 X24.285427995370377 Y40.068678258333335 F300
G1 X24.197531363424773 Y40.20397278692919 F300
G1 X24.1049600940207 Y40.335054789976496 F300
G1 X24.008502629629632 Y40.4612356 F300
G1 X23.907310872308006 Y40.58370377555825 F300
G1 X23.804871765865215 Y40.698388066700694 F300
G1 X23.701995374999996 Y40.80480457499999 F300
G1 X23.59457466924011 Y40.90691844555351 F300
G1 X23.489700937329033 Y40.997805639841474 F300
G1 X23.388030703703702 Y41.07741373333333 F300
G1 X23.281681108197567 Y41.15121854646224 F300
G1 X23.181848938622416 Y41.21088865448978 F300
G1 X23.088733087962957 Y41.25709162499999 F300
G1 X23.014953691112687 Y41.28625390123361 F300
G1 X22.94683136665276 Y41.30636110353135 F300
G1 X22.88404690112142 Y41.318057744284275 F300
G1 X22.826227 Y41.321866799999995 F300
G1 X22.7750858247806 Y41.32504071340764 F300
G1 X22.71506068942301 Y41.33500831058977 F300
G1 X22.645921765625 Y41.352465417187496 F300
G1 X22.54268746235232 Y41.38742947666181 F300
G1 X22.429034625 Y41.4357784875 F300
G1 X22.316067324611407 Y41.492863084464545 F300
G1 X22.202851421874996 Y41.5590818390625 F300
G1 X22.0941302348144 Y41.63223769328097 F300
G1 X21.994658 Y41.7096513 F300
G1 X21.895651372564455 Y41.78722419801134 F300
G1 X21.78913965625 Y41.86022077656251 F300
G1 X21.67883263547488 Y41.9265789645789 F300
G1 X21.570240000000002 Y41.9835241625 F300
G1 X21.46141003103112 Y42.0320004053207 F300
G1 X21.36413234375 Y42.066837267187495 F300
G1 X21.299008299929177 Y42.0843870488223 F300
G1 X21.24343943542582 Y42.09430729140266 F300
G1 X21.19699 Y42.097435899999994 F300
G1 X21.12504385802418 Y42.10066572641346 F300
G1 X21.041610390625 Y42.110602545312496 F300
G1 X20.9563244435563 Y42.12588033299288 F300
G1 X20.867528875 Y42.14645231249999 F300
G1 X20.779626213016723 Y42.17132681354675 F300
G1 X20.696027921875 Y42.199509948437495 F300
G1 X20.61619648858378 Y42.23152623233589 F300
G1 X20.54839 Y42.264300199999994 F300
G1 X20.486681416210697 Y42.291193023803814 F300
G1 X20.397308863301195 Y42.31827430162469 F300
G1 X20.274841042000006 Y42.344773347099995 F300
G1 X20.0821276050902 Y42.37386047176708 F300
G1 X19.836086536000007 Y42.39867761280001 F300
G1 X19.574710713395675 Y42.415876304475255 F300
G1 X19.276233934 Y42.42770824369999 F300
G1 X18.96822637061253 Y42.433393249978856 F300
G1 X18.639390688000002 Y42.4335604864 F300
G1 X18.30659492167381 Y42.42834115353873 F300
G1 X17.969664250000005 Y42.41792958749999 F300
G1 X17.634121337693024 Y42.402473029824854 F300
G1 X17.311162072000002 Y42.3825107936 F300
G1 X16.99512383534534 Y42.35748662625659 F300
G1 X16.707991606 Y42.32899935129999 F300
G1 X16.43357169602663 Y42.294965390865464 F300
G1 X16.204260304 Y42.25909050719999 F300
G1 X16.056636181522137 Y42.23042529010698 F300
G1 X15.937416821965062 Y42.202098070116215 F300
G1 X15.844075618000002 Y42.17447950789999 F300
G1 X15.771732309715398 Y42.1469792567801 F300
G1 X15.721892944219439 Y42.121537692884274 F300
G1 X15.68989464777233 Y42.098235937279924 F300
G1 X15.671545000000002 Y42.076861599999994 F300
G1 X15.652653996703755 Y42.05513978714403 F300
G1 X15.620557551090494 Y42.032398246431526 F300
G1 X15.57246266666667 Y42.00901397777778 F300
G1 X15.493585694180474 Y41.98259174768306 F300
G1 X15.39263166666667 Y41.96047115555555 F300
G1 X15.285814289537893 Y41.94682771897229 F300
G1 X15.170986000000003 Y41.94174219999999 F300
G1 X15.080729900240593 Y41.93578426682731 F300
G1 X14.968839859375004 Y41.91708105625 F300
G1 X14.85312021831496 Y41.88893438569981 F300
G1 X14.727004375000003 Y41.850371124999995 F300
G1 X14.60093573974543 Y41.80452435027298 F300
G1 X14.475840203125003 Y41.751789831249994 F300
G1 X14.354848554337286 Y41.69299748045472 F300
G1 X14.245708000000002 Y41.631514599999996 F300
G1 X14.138038355985737 Y41.56954088979284 F300
G1 X14.02505121875 Y41.5112841609375 F300
G1 X13.910196939526397 Y41.45821446106489 F300
G1 X13.799686500000004 Y41.412825837499994 F300
G1 X13.690689698310761 Y41.37402144478084 F300
G1 X13.596034281250002 Y41.346299945312495 F300
G1 X13.506181304531417 Y41.3274995533765 F300
G1 X13.440515000000001 Y41.321866799999995 F300
G1 X13.357797492468274 Y41.3149957278807 F300
G1 X13.273776925925928 Y41.29529627037037 F300
G1 X13.193363897256374 Y41.264551573055556 F300
G1 X13.122458407407409 Y41.225638562962956 F300
G1 X13.079597159124845 Y41.194199181726674 F300
G1 X13.045202044177119 Y41.16148327742019 F300
G1 X13.019319000000001 Y41.12797449999999 F300
G1 X13.000488739359925 Y41.091293667081956 F300
G1 X12.98077270826182 Y41.03594867310419 F300
G1 X12.960601167968752 Y40.95818792460937 F300
G1 X12.937437761464942 Y40.83571052711131 F300
G1 X12.91620409375 Y40.680232990624994 F300
G1 X12.899831279988218 Y40.51592469859563 F300
G1 X12.88673441015625 Y40.332815236328116 F300
G1 X12.877812375441216 Y40.14584522929829 F300
G1 X12.872798750000001 Y39.95464019999999 F300
G1 X12.87185651808658 Y39.76431082406301 F300
G1 X12.875003746093752 Y39.58441341992187 F300
G1 X12.882590553593683 Y39.41024747852961 F300
G1 X12.893956031250001 Y39.260840434375 F300
G1 X12.910881547584516 Y39.12224920114848 F300
G1 X12.930262238281252 Y39.022626781640625 F300
G1 X12.949256038107668 Y38.96121903712073 F300
G1 X12.967485902549713 Y38.9257012247202 F300
G1 X12.984529000000002 Y38.908477999999995 F300
G1 X13.006648440085192 Y38.888252158619764 F300
G1 X13.030359442817916 Y38.851259702938236 F300
G1 X13.055222703703707 Y38.792897 F300
G1 X13.082565167444706 Y38.69780113089607 F300
G1 X13.105645296296299 Y38.57327133333333 F300
G1 X13.119704496624848 Y38.44124450187453 F300
G1 X13.124879000000002 Y38.297146999999995 F300
G1 X13.130579750498017 Y38.15293882650749 F300
G1 X13.146135074074078 Y38.019772296296296 F300
G1 X13.162397240862118 Y37.93280926633475 F300
G1 X13.181272421186259 Y37.858442748325224 F300
G1 X13.201860925925928 Y37.79686803703703 F300
G1 X13.229027690971613 Y37.73745082049314 F300
G1 X13.255224166209072 Y37.698729341799165 F300
G1 X13.279993000000001 Y37.676691999999996 F300
G1 X13.305350167771271 Y37.65520575427118 F300
G1 X13.331532985164547 Y37.62016541048049 F300
G1 X13.3581232962963 Y37.56918244444444 F300
G1 X13.388583057288578 Y37.48528146955527 F300
G1 X13.413850037037038 Y37.379490222222216 F300
G1 X13.429444001712262 Y37.26769438447816 F300
G1 X13.435107 Y37.14868 F300
G1 X13.441233761138072 Y37.05772443166538 F300
G1 X13.459585828124998 Y36.958732765625 F300
G1 X13.488117728293133 Y36.85984819815693 F300
G1 X13.526236125 Y36.76100587500001 F300
G1 X13.57252112715334 Y36.6659319826219 F300
G1 X13.624878609375 Y36.578891546875006 F300
G1 X13.684156699385705 Y36.49964250751548 F300
G1 X13.745334 Y36.435782 F300
G1 X13.807174564543336 Y36.37375860318694 F300
G1 X13.865789968749999 Y36.302979984375 F300
G1 X13.918626198934723 Y36.2271799729334 F300
G1 X13.964432749999999 Y36.148931875 F300
G1 X14.002929215824704 Y36.06865390630327 F300
G1 X14.03108315625 Y35.992743078125 F300
G1 X14.049611389377993 Y35.91764431255855 F300
G1 X14.055562 Y35.853519000000006 F300
G1 X14.059001316408315 Y35.81210725914799 F300
G1 X14.069947671959191 Y35.762458686902555 F300
G1 X14.08943996875 Y35.70399870312501 F300
G1 X14.12785786261796 Y35.61734084370418 F300
G1 X14.181681999999999 Y35.51977562500001 F300
G1 X14.24451770115889 Y35.42306259613701 F300
G1 X14.31820028125 Y35.324236734375006 F300
G1 X14.398742552188239 Y35.2294419118858 F300
G1 X14.484907 Y35.140769000000006 F300
G1 X14.574751405054345 Y35.051465820602424 F300
G1 X14.673095343750001 Y34.947433796875 F300
G1 X14.77083137763753 Y34.83855071826838 F300
G1 X14.868103249999999 Y34.72502812500001 F300
G1 X14.96207281863628 Y34.610133787640606 F300
G1 X15.04691003125 Y34.50104239062501 F300
G1 X15.12530048471384 Y34.39384505789021 F300
G1 X15.186494999999999 Y34.30296700000001 F300
G1 X15.26673703020956 Y34.188874408545054 F300
G1 X15.351462 Y34.0881054814815 F300
G1 X15.412330745947832 Y34.02589260081171 F300
G1 X15.469590342244398 Y33.97486251591182 F300
G1 X15.522245666666667 Y33.934858851851864 F300
G1 X15.579136100607434 Y33.90060329011854 F300
G1 X15.625267735870736 Y33.88206650922184 F300
G1 X15.661871999999999 Y33.87640400000001 F300
G1 X15.691961856664152 Y33.87089779801076 F300
G1 X15.735247512851036 Y33.851576735196325 F300
G1 X15.795178078717203 Y33.81361621865891 F300
G1 X15.882614151839928 Y33.74546181790594 F300
G1 X15.990867486880466 Y33.64849546355686 F300
G1 X16.10047455462579 Y33.54069058997907 F300
G1 X16.21872726822157 Y33.415905618075804 F300
G1 X16.335166069348006 Y33.28533563840857 F300
G1 X16.448544466472303 Y33.15071056559768 F300
G1 X16.55643306354262 Y33.014579992458906 F300
G1 X16.65010612536443 Y32.887774189504384 F300
G1 X16.733812439858205 Y32.76337020387528 F300
G1 X16.793199288629737 Y32.66196037317785 F300
G1 X16.8257277363507 Y32.593701793521106 F300
G1 X16.84268632463253 Y32.54348179276454 F300
G1 X16.847611 Y32.50813300000001 F300
G1 X16.84218277515206 Y32.488968669689534 F300
G1 X16.820817309164557 Y32.456453795023876 F300
G1 X16.774084765625 Y32.40477817187501 F300
G1 X16.693716153631815 Y32.33021537599897 F300
G1 X16.573889625 Y32.230958875000006 F300
G1 X16.440124664627092 Y32.12838584032094 F300
G1 X16.277600921875 Y32.010930390625006 F300
G1 X16.105521918511194 Y31.892871740635282 F300
G1 X15.915794 Y31.76894800000001 F300
G1 X15.716263042897546 Y31.636254766491454 F300
G1 X15.527855259367076 Y31.49975767064417 F300
G1 X15.350204685413212 Y31.35958894805213 F300
G1 X15.182968827666508 Y31.21585230154032 F300
G1 X15.025830400695275 Y31.068623633720637 F300
G1 X14.878499070601574 Y30.917951897762563 F300
G1 X14.740713185185188 Y30.76386007407409 F300
G1 X14.60730273380475 Y30.599986301597934 F300
G1 X14.483950528548657 Y30.432680324842273 F300
G1 X14.370426346284113 Y30.26191382349829 F300
G1 X14.266538877328312 Y30.087632149861516 F300
G1 X14.172137497359156 Y29.9097561151262 F300
G1 X14.08711388801235 Y29.728183926738687 F300
G1 X14.011403481481484 Y29.54279325925927 F300
G1 X13.945207277340941 Y29.354126663718766 F300
G1 X13.888353121108295 Y29.1617040695499 F300
G1 X13.840862780483965 Y28.96536517306404 F300
G1 X13.802805444073698 Y28.764935400024306 F300
G1 X13.774298336295209 Y28.560228332562573 F300
G1 X13.755507106256962 Y28.351048142352035 F300
G1 X13.746646 Y28.13719200000001 F300
G1 X13.741057760701295 Y27.971350762736503 F300
G1 X13.730327381543773 Y27.823006856267458 F300
G1 X13.714311168000004 Y27.689421920000015 F300
G1 X13.69061913844533 Y27.557042370210898 F300
G1 X13.659825161529518 Y27.434241869179342 F300
G1 X13.621500464 Y27.31893856000001 F300
G1 X13.574179103157658 Y27.207094805348383 F300
G1 X13.516793837056031 Y27.097104299925036 F300
G1 X13.448098575999998 Y26.98726704000001 F300
G1 X13.371833049710247 Y26.882438736395336 F300
G1 X13.28119443425412 Y26.772608134725104 F300
G1 X13.173990192000002 Y26.655932480000008 F300
G1 X12.999153850998166 Y26.484228112184397 F300
G1 X12.77906 Y26.28646000000001 F300
G1 X12.6827235429667 Y26.195563157689808 F300
G1 X12.570745560000002 Y26.07526112800001 F300
G1 X12.45925042305479 Y25.943303141732088 F300
G1 X12.3397672 Y25.790504704000007 F300
G1 X12.222461950340158 Y25.629982773604965 F300
G1 X12.104366359999998 Y25.457959816000006 F300
G1 X11.990566124522957 Y25.281592661526116 F300
G1 X11.882784480000002 Y25.103395552000013 F300
G1 X11.781798883662296 Y24.92391593914095 F300
G1 X11.693263 Y24.75258100000001 F300
G1 X11.51685688629738 Y24.383567895043747 F300
G1 X11.44508196476976 Y24.220195866977893 F300
G1 X11.386746457725948 Y24.073664935860066 F300
G1 X11.336571005671212 Y23.928808398330325 F300
G1 X11.29597972594752 Y23.787354798833825 F300
G1 X11.26346584984259 Y23.64341758365054 F300
G1 X11.237604702623905 Y23.489120160349863 F300
G1 X11.218777104049195 Y23.328476133912744 F300
G1 X11.20466939941691 Y23.143443696793014 F300
G1 X11.195774516359208 Y22.94785434360267 F300
G1 X11.190221827988339 Y22.714808084548114 F300
G1 X11.18731 Y22.16769600000001 F300
G1 X11.189995914163415 Y21.892724561291963 F300
G1 X11.197525848224268 Y21.641537566453135 F300
G1 X11.209803861111112 Y21.411626291666682 F300
G1 X11.228509940238485 Y21.181788651526116 F300
G1 X11.252716090299884 Y20.970393170953134 F300
G1 X11.282301888888892 Y20.775255333333348 F300
G1 X11.319959913802183 Y20.581282147576847 F300
G1 X11.36399072539174 Y20.399706670635663 F300
G1 X11.41442875 Y20.22876337500001 F300
G1 X11.47365727466743 Y20.060708516530475 F300
G1 X11.540666925743167 Y19.89902988082227 F300
G1 X11.615809111111112 Y19.742330666666682 F300
G1 X11.699171853750846 Y19.589786307069417 F300
G1 X11.79234652113184 Y19.438136440306238 F300
G1 X11.896067638888889 Y19.286137458333343 F300
G1 X12.0062334697928 Y19.138777288477915 F300
G1 X12.128788193421551 Y18.98729147629568 F300
G1 X12.264829 Y18.83036400000001 F300
G1 X12.326062356932573 Y18.756339203851788 F300
G1 X12.391839640893785 Y18.664644200022007 F300
G1 X12.462687471867113 Y18.55218581098978 F300
G1 X12.539186921875002 Y18.415484875000008 F300
G1 X12.629885939166659 Y18.23407039763762 F300
G1 X12.7298080605678 Y18.011796997255246 F300
G1 X12.840203124999999 Y17.741597750000007 F300
G1 X12.943317401035689 Y17.468486685515032 F300
G1 X13.056672720197762 Y17.14802167931043 F300
G1 X13.181572515625 Y16.773702000000007 F300
G1 X13.365446131958038 Y16.18896245939121 F300
G1 X13.57699 Y15.476797000000012 F300
G1 X13.648808107027468 Y15.245296853250263 F300
G1 X13.729480090247012 Y15.01535908181291 F300
G1 X13.818770323304232 Y14.787242332322805 F300
G1 X13.916460402777782 Y14.561215787037051 F300
G1 X14.021725049860398 Y14.338820217574067 F300
G1 X14.13445124024324 Y14.119912185434297 F300
G1 X14.254371930164357 Y13.904768524295735 F300
G1 X14.38123488888889 Y13.693674296296312 F300
G1 X14.514993805518252 Y13.486636788660958 F300
G1 X14.65467526395056 Y13.285061324770966 F300
G1 X14.799988509115142 Y13.089208373255017 F300
G1 X14.950658875 Y12.899344250000013 F300
G1 X15.107912729905287 Y12.714049172124746 F300
G1 X15.269426242462645 Y12.536150989375717 F300
G1 X15.434905882019779 Y12.365861408760459 F300
G1 X15.60407777777778 Y12.203397370370382 F300
G1 X15.779728075639913 Y12.046360953407746 F300
G1 X15.95790964689753 Y11.898523322771451 F300
G1 X16.138359013002145 Y11.760022447202765 F300
G1 X16.32083701388889 Y11.631005379629638 F300
G1 X16.50958862175748 Y11.508875192229114 F300
G1 X16.699200346085128 Y11.397509521283245 F300
G1 X16.889484641324042 Y11.296969852541592 F300
G1 X17.080281999999997 Y11.20734000000001 F300
G1 X17.182559931201055 Y11.158743634571762 F300
G1 X17.317666453125 Y11.08764553125001 F300
G1 X17.459849902112488 Y11.007735517480176 F300
G1 X17.620015625 Y10.91327925000001 F300
G1 X17.782508192335037 Y10.813472855942658 F300
G1 X17.948481484375 Y10.707642843750008 F300
G1 X18.11193861664787 Y10.599349776068172 F300
G1 X18.264216 Y10.494138000000007 F300
G1 X18.389261043160666 Y10.408497812852612 F300
G1 X18.541284640000008 Y10.309736672000009 F300
G1 X18.87910928 Y10.102943776000007 F300
G1 X19.2490248 Y9.890241744000006 F300
G1 X19.622366080000003 Y9.688113008000006 F300
G1 X19.804237023876947 Y9.594719015519939 F300
G1 X19.970468 Y9.513040000000004 F300
G1 X20.136940931497318 Y9.431139130092806 F300
G1 X20.320456400000005 Y9.336614584000007 F300
G1 X20.506715925109912 Y9.236996409498467 F300
G1 X20.699043440000004 Y9.130725472000004 F300
G1 X21.07694528 Y8.912298568000002 F300
G1 X21.42487808 Y8.698259776000004 F300
G1 X21.582480904602374 Y8.595487098389665 F300
G1 X21.713558 Y8.505535000000002 F300
G1 X21.932963028683016 Y8.355652559049059 F300
G1 X22.14330718729142 Y8.222989423578431 F300
G1 X22.346624392000003 Y8.106111504000005 F300
G1 X22.555092444255706 Y7.998668074344237 F300
G1 X22.762312285457185 Y7.904746071412587 F300
G1 X22.970156496 Y7.8234774320000025 F300
G1 X23.182069277746873 Y7.753590097243199 F300
G1 X23.400718068296182 Y7.6944451782815815 F300
G1 X23.628175304 Y7.645742608000002 F300
G1 X23.85779142422235 Y7.608443633251025 F300
G1 X24.102433508837926 Y7.5801550465507885 F300
G1 X24.364701808 Y7.561016856000004 F300
G1 X24.62712674105976 Y7.5515466235770985 F300
G1 X24.912420598434974 Y7.550245709848683 F300
G1 X25.223757 Y7.557410000000004 F300
G1 X25.52811196347886 Y7.570928779374651 F300
G1 X25.789032584000005 Y7.588526488000006 F300
G1 X26.0377091926103 Y7.61301010890136 F300
G1 X26.258270632 Y7.643450064000005 F300
G1 X26.471382260465948 Y7.682899914453298 F300
G1 X26.672843687999997 Y7.730907896000003 F300
G1 X26.87131572206894 Y7.789164965374031 F300
G1 X27.074124296 Y7.859627152000003 F300
G1 X27.278755414744612 Y7.940539745210818 F300
G1 X27.503484999999998 Y8.038335000000004 F300
G1 X27.503487999999997 Y8.038335000000004 F300
G0 X23.347917999999996 Y9.288708000000007
G1 X23.17947585801658 Y9.380946763627984 F300
G1 X23.018760376899955 Y9.477731496143667 F300
G1 X22.865818257036047 Y9.578474869360901 F300
G1 X22.720698625 Y9.682634634259268 F300
G1 X22.57848458382929 Y9.793758121552951 F300
G1 X22.445770455581382 Y9.90665550059335 F300
G1 X22.322482308039714 Y10.02077527314906 F300
G1 X22.208548 Y10.13562174074075 F300
G1 X22.09818332712151 Y10.257349224403765 F300
G1 X21.99897028846617 Y10.377856804929724 F300
G1 X21.910621808989593 Y10.496708623194035 F300
G1 X21.832862874999996 Y10.613541625000007 F300
G1 X21.76043487278908 Y10.73720144441429 F300
G1 X21.700356150254365 Y10.856637230960668 F300
G1 X21.65205931747591 Y10.971684945382467 F300
G1 X21.615039999999997 Y11.082266592592598 F300
G1 X21.586994060177545 Y11.197949394955241 F300
G1 X21.571592238923564 Y11.307191968168144 F300
G1 X21.568211924254456 Y11.41031344377135 F300
G1 X21.576476124999996 Y11.507668949074079 F300
G1 X21.59225790489186 Y11.584930086654625 F300
G1 X21.616059245165278 Y11.658114509696887 F300
G1 X21.64806490874272 Y11.727511582789578 F300
G1 X21.688686681321926 Y11.793321062977546 F300
G1 X21.738567999999997 Y11.855621000000006 F300
G1 X21.80310927092427 Y11.9215696908339 F300
G1 X21.874476926896552 Y11.983721115158998 F300
G1 X21.953775521137434 Y12.042245365437708 F300
G1 X22.042240712 Y12.09725100800001 F300
G1 X22.132397818834495 Y12.144546584643296 F300
G1 X22.233884288996393 Y12.189478150747759 F300
G1 X22.34841695479624 Y12.231890669196309 F300
G1 X22.477916256 Y12.271591304000006 F300
G1 X22.64993517146123 Y12.313999696760678 F300
G1 X22.851274165832443 Y12.352488472431501 F300
G1 X23.087007544 Y12.386451296000004 F300
G1 X23.323481590610747 Y12.411752208993361 F300
G1 X23.596353110366515 Y12.432966826252233 F300
G1 X23.910927488 Y12.449640392000006 F300
G1 X24.399471828941003 Y12.463995153690107 F300
G1 X24.991089 Y12.468968000000004 F300
G1 X25.442649570233183 Y12.464908460017543 F300
G1 X25.847844120519 Y12.453200563191029 F300
G1 X26.21020596372047 Y12.43454666061287 F300
G1 X26.533102791662298 Y12.409640645123037 F300
G1 X26.819740493788917 Y12.379163364008246 F300
G1 X27.073166734374997 Y12.343777640625003 F300
G1 X27.32475480977644 Y12.298366643311015 F300
G1 X27.54148148040903 Y12.24822953055223 F300
G1 X27.72703458700641 Y12.194151421487012 F300
G1 X27.884855479428758 Y12.136833304589906 F300
G1 X28.018135727792654 Y12.07687197153104 F300
G1 X28.12980884812069 Y12.01473684879815 F300
G1 X28.222535375 Y11.950744375000005 F300
G1 X28.29696498309237 Y11.886691928262566 F300
G1 X28.357758226666846 Y11.820656550900097 F300
G1 X28.406291346884995 Y11.752405742894002 F300
G1 X28.443611854298968 Y11.681538467071288 F300
G1 X28.470412195437866 Y11.607492126695195 F300
G1 X28.487011377071205 Y11.52955874422975 F300
G1 X28.49334840980736 Y11.446907983862982 F300
G1 X28.48898920860057 Y11.358613025582757 F300
G1 X28.473145828125 Y11.263674921875003 F300
G1 X28.443138942929142 Y11.156320516048481 F300
G1 X28.397655949926225 Y11.039031369862212 F300
G1 X28.334681567615853 Y10.9105022236615 F300
G1 X28.251935543598343 Y10.76938921390979 F300
G1 X28.14690594340709 Y10.614303296115718 F300
G1 X28.016876542677466 Y10.443801287913104 F300
G1 X27.858949 Y10.256376000000003 F300
G1 X27.709266309053834 Y10.094431692961962 F300
G1 X27.555432309874462 Y9.94350462735073 F300
G1 X27.397728419364704 Y9.8032706345083 F300
G1 X27.23639193972446 Y9.6734440532007 F300
G1 X27.071620624000005 Y9.553780224000004 F300
G1 X26.89921702866084 Y9.44138843170325 F300
G1 X26.724217944119644 Y9.33969438620582 F300
G1 X26.54679736687771 Y9.248473085143859 F300
G1 X26.367097241691646 Y9.167546821490133 F300
G1 X26.185232872 Y9.096787392000003 F300
G1 X25.99878764616581 Y9.035363724460655 F300
G1 X25.81109829221322 Y8.984476070426146 F300
G1 X25.622256780230654 Y8.944025894953022 F300
G1 X25.432338049393294 Y8.9139706966749 F300
G1 X25.241406207999997 Y8.894325648 F300
G1 X25.049583242405014 Y8.885166182686712 F300
G1 X24.857660229256695 Y8.886590416971842 F300
G1 X24.665682694120203 Y8.898662253029158 F300
G1 X24.47369780267512 Y8.92150920614422 F300
G1 X24.281761095999997 Y8.955323136 F300
G1 X24.093112408728548 Y8.999523298888318 F300
G1 X23.90533819643582 Y9.054666119657728 F300
G1 X23.718491733617395 Y9.121013606773943 F300
G1 X23.53264953146642 Y9.198895328437764 F300
G1 X23.347918 Y9.288708 F300
G1 X23.347917999999996 Y9.288708000000007 F300
G0 X26.454812999999998 Y9.673620000000007
G1 X26.569639651674276 Y9.736540250043639 F300
G1 X26.689071986079874 Y9.810479834730986 F300
G1 X26.81231559722222 Y9.895001634259268 F300
G1 X26.991615835840456 Y10.031812125625319 F300
G1 X27.169113444444445 Y10.182935074074082 F300
G1 X27.339049007933752 Y10.342843866162921 F300
G1 X27.496534124999997 Y10.506167125000005 F300
G1 X27.596341941123022 Y10.618871917474381 F300
G1 X27.686278377059104 Y10.728290705016272 F300
G1 X27.765905222222223 Y10.833444592592599 F300
G1 X27.840834745053577 Y10.94265320485975 F300
G1 X27.901526861348827 Y11.042778804011842 F300
G1 X27.94855431944444 Y11.133514282407415 F300
G1 X27.98739341668786 Y11.228381972343918 F300
G1 X28.009037009702062 Y11.308402163158553 F300
G1 X28.015808999999997 Y11.37512300000001 F300
G1 X28.010113304309776 Y11.437417976289273 F300
G1 X27.993031890338827 Y11.496373790183197 F300
G1 X27.963937081387478 Y11.553098806225291 F300
G1 X27.921360458433554 Y11.608432860098068 F300
G1 X27.863039937499998 Y11.662906406250011 F300
G1 X27.802578505593576 Y11.706335328819215 F300
G1 X27.727505902203987 Y11.74963672301927 F300
G1 X27.635371594106505 Y11.792648682335004 F300
G1 X27.523437650353493 Y11.835105764633678 F300
G1 X27.388680249999997 Y11.87666200000001 F300
G1 X27.23135404555589 Y11.91610492073551 F300
G1 X27.044892151179937 Y11.953989803648591 F300
G1 X26.825398987279467 Y11.989822592408359 F300
G1 X26.568651187499995 Y12.02309009375001 F300
G1 X26.23394846210946 Y12.056423372847465 F300
G1 X25.83990717726403 Y12.085273187071838 F300
G1 X25.378873999999996 Y12.108891000000007 F300
G1 X25.042181445932716 Y12.119477225452812 F300
G1 X24.725960639401155 Y12.122689279938708 F300
G1 X24.429975412370016 Y12.119133119871126 F300
G1 X24.153917593749995 Y12.109380000000005 F300
G1 X23.869739415652806 Y12.091899663830809 F300
G1 X23.61064486882899 Y12.068261616275084 F300
G1 X23.37568366086863 Y12.039217817569114 F300
G1 X23.163830249999997 Y12.005460000000008 F300
G1 X22.944140788084002 Y11.960892597859473 F300
G1 X22.754171322793834 Y11.912076682943631 F300
G1 X22.59158764053505 Y11.859937724235905 F300
G1 X22.454045281249996 Y11.805258000000006 F300
G1 X22.339891023171717 Y11.749028094667416 F300
G1 X22.246714567167185 Y11.69185729717805 F300
G1 X22.172081493517563 Y11.634081437770453 F300
G1 X22.113796301213316 Y11.575808145968784 F300
G1 X22.069995999999996 Y11.516901000000004 F300
G1 X22.043993677907817 Y11.4673367802709 F300
G1 X22.025863812272746 Y11.414742932894761 F300
G1 X22.015385120653715 Y11.358686751804983 F300
G1 X22.01265915011287 Y11.298634057626062 F300
G1 X22.018094125 Y11.233990703125002 F300
G1 X22.034276289872096 Y11.157032379697977 F300
G1 X22.06216699666393 Y11.073521087747748 F300
G1 X22.103105781172275 Y10.982775455243006 F300
G1 X22.15867375 Y10.884180875000006 F300
G1 X22.21885680332344 Y10.793634516163081 F300
G1 X22.291752149052048 Y10.697220140209279 F300
G1 X22.378474095952672 Y10.594762447182319 F300
G1 X22.480191249999997 Y10.486153359375004 F300
G1 X22.61990063848755 Y10.351197261899152 F300
G1 X22.782939972476473 Y10.208588120315268 F300
G1 X22.971102999999996 Y10.058590000000002 F300
G1 X23.171361985075475 Y9.913185703996753 F300
G1 X23.367349913540643 Y9.78525208088914 F300
G1 X23.559524632873156 Y9.673801863022637 F300
G1 X23.748348367872072 Y9.577934453419337 F300
G1 X23.93429015385636 Y9.49684039147551 F300
G1 X24.11782774074074 Y9.429805851851855 F300
G1 X24.283037946193446 Y9.380538263525137 F300
G1 X24.447364393827822 Y9.341932887228555 F300
G1 X24.611179406383943 Y9.313738816117354 F300
G1 X24.774860579870175 Y9.295777313237185 F300
G1 X24.938790260620188 Y9.28794280524658 F300
G1 X25.10335488672806 Y9.290203387756746 F300
G1 X25.268944259259257 Y9.302600814814816 F300
G1 X25.430621757034423 Y9.32437143952853 F300
G1 X25.594274617547608 Y9.355985563922665 F300
G1 X25.760263926571263 Y9.397724773515243 F300
G1 X25.92895082860175 Y9.449930711133677 F300
G1 X26.100696616888236 Y9.513002934410483 F300
G1 X26.275863064837086 Y9.587396594170507 F300
G1 X26.454812999999994 Y9.67362 F300
G1 X26.454812999999998 Y9.673620000000007 F300
G0 X17.777293 Y12.615626000000006
G1 X17.590577269163546 Y12.67686019947765 F300
G1 X17.411368119713458 Y12.74467566718411 F300
G1 X17.238854604381057 Y12.819325836474762 F300
G1 X17.07226403703704 Y12.901086074074083 F300
G1 X16.90970796480346 Y12.990929873351618 F300
G1 X16.75072224093902 Y13.089259503947476 F300
G1 X16.594670728331895 Y13.196605533602574 F300
G1 X16.440924629629635 Y13.3135445925926 F300
G1 X16.29395864043419 Y13.436245716500135 F300
G1 X16.147089247076142 Y13.56995430186471 F300
G1 X15.999768851406015 Y13.715509171347751 F300
G1 X15.851423 Y13.873810000000006 F300
G1 X15.688616542350713 Y14.06253954577411 F300
G1 X15.540236479167781 Y14.252001181097393 F300
G1 X15.4056727221336 Y14.44241551520066 F300
G1 X15.284373650702099 Y14.6340237604647 F300
G1 X15.175848196177233 Y14.827088500887141 F300
G1 X15.079667814814817 Y15.021894185185195 F300
G1 X14.993304886721212 Y15.224228822189774 F300
G1 X14.919191758951856 Y15.429329009288901 F300
G1 X14.85712492899467 Y15.637581906294958 F300
G1 X14.806975739549495 Y15.849396690124577 F300
G1 X14.768690728966558 Y16.06520370160794 F300
G1 X14.74229151851852 Y16.28545348148149 F300
G1 X14.728144222868924 Y16.50344013319497 F300
G1 X14.725391778883692 Y16.726743139630244 F300
G1 X14.734291795317734 Y16.955835506733514 F300
G1 X14.75516445958607 Y17.19120403660397 F300
G1 X14.788390508322896 Y17.43334883405159 F300
G1 X14.834409 Y17.682783000000008 F300
G1 X14.883431459027298 Y17.89273111567498 F300
G1 X14.938754838383593 Y18.08410570818026 F300
G1 X14.999610979574054 Y18.257970041862425 F300
G1 X15.065345223761712 Y18.415359488145643 F300
G1 X15.135415370370373 Y18.55726851851853 F300
G1 X15.20529737269144 Y18.678108159049835 F300
G1 X15.278034050852835 Y18.786173685194946 F300
G1 X15.353364803389827 Y18.88226479231895 F300
G1 X15.431120526686147 Y18.967109543579845 F300
G1 X15.511221177827801 Y19.041350504724026 F300
G1 X15.593671962962965 Y19.10553048148149 F300
G1 X15.684324621774401 Y19.163390590487133 F300
G1 X15.77746055798809 Y19.210432414178534 F300
G1 X15.873344436710148 Y19.247005315799527 F300
G1 X15.972327930240093 Y19.273253859040164 F300
G1 X16.074832222602193 Y19.2891033780294 F300
G1 X16.181329 Y19.29425000000001 F300
G1 X16.27895724821356 Y19.289434467647357 F300
G1 X16.384010102808638 Y19.275360735632916 F300
G1 X16.496837915463406 Y19.251562252361243 F300
G1 X16.617747693359377 Y19.21750348632813 F300
G1 X16.77331348298087 Y19.162478251829956 F300
G1 X16.939413876521336 Y19.09166650149526 F300
G1 X17.115921421874997 Y19.00446782812501 F300
G1 X17.287655248862155 Y18.909044294369828 F300
G1 X17.465960134594578 Y18.799856808005348 F300
G1 X17.650211283203127 Y18.676898849609387 F300
G1 X17.829741340738053 Y18.547629345621544 F300
G1 X18.01161591315539 Y18.407380491023353 F300
G1 X18.194978375 Y18.256552375000012 F300
G1 X18.37365500554548 Y18.100308867228986 F300
G1 X18.550496025456987 Y17.93630485633593 F300
G1 X18.724583794921877 Y17.765184228515636 F300
G1 X18.893604207283317 Y17.589065680945968 F300
G1 X19.05682227033448 Y17.40860481375223 F300
G1 X19.213388640625002 Y17.22455023437501 F300
G1 X19.36399613863663 Y17.035632005560586 F300
G1 X19.505002068019156 Y16.846006446517286 F300
G1 X19.635754009765627 Y16.65640621679689 F300
G1 X19.75905138804668 Y16.46185536873854 F300
G1 X19.869255409923365 Y16.27036345569055 F300
G1 X19.966041 Y16.08250800000001 F300
G1 X20.02441984462324 Y15.953765102007115 F300
G1 X20.08062521547579 Y15.81304954892757 F300
G1 X20.13429194907408 Y15.660886287037052 F300
G1 X20.205034559192615 Y15.427492586041906 F300
G1 X20.26747692592593 Y15.179555629629643 F300
G1 X20.319414514045537 Y14.927141496921518 F300
G1 X20.360820125 Y14.67234925000001 F300
G1 X20.39124041601041 Y14.417752004536798 F300
G1 X20.409545740740743 Y14.173100370370383 F300
G1 X20.415106767503563 Y14.010769491900056 F300
G1 X20.414813728646905 Y13.858053841266477 F300
G1 X20.408877967592595 Y13.715642212962976 F300
G1 X20.396269907552714 Y13.57320450987871 F300
G1 X20.377823217916735 Y13.44598668782844 F300
G1 X20.354041000000002 Y13.333808000000012 F300
G1 X20.326418269803657 Y13.247529854191153 F300
G1 X20.28813828800396 Y13.16506607984129 F300
G1 X20.23935235437906 Y13.086033989697937 F300
G1 X20.179963486111117 Y13.010181625000014 F300
G1 X20.113779315353927 Y12.94127851691261 F300
G1 X20.038249432318416 Y12.875786117976677 F300
G1 X19.95322773198242 Y12.81380163487747 F300
G1 X19.858517888888894 Y12.75552466666668 F300
G1 X19.76138299967765 Y12.704839101215098 F300
G1 X19.656493706053766 Y12.658378919704472 F300
G1 X19.54388780010912 Y12.616417028586303 F300
G1 X19.423616125000006 Y12.57928887500001 F300
G1 X19.261684625912483 Y12.540097229925799 F300
G1 X19.09000960084584 Y12.510398113751604 F300
G1 X18.909170111111116 Y12.490926000000012 F300
G1 X18.727445060280104 Y12.48265654704938 F300
G1 X18.540474640227703 Y12.48542586556097 F300
G1 X18.34909176388889 Y12.49988779166668 F300
G1 X18.158951258754982 Y12.525996061488549 F300
G1 X17.968052745863748 Y12.56437628169473 F300
G1 X17.777293000000004 Y12.615626000000013 F300
G1 X17.777293 Y12.615626000000006 F300
G0 X19.736156 Y13.091152000000008
G1 X19.74373136109814 Y13.09961927041865 F300
G1 X19.772027111111115 Y13.15223662962964 F300
G1 X19.845898222222225 Y13.312377037037045 F300
G1 X19.941776 Y13.53690300000001 F300
G1 X19.98329448073043 Y13.654118989650485 F300
G1 X20.014452174609062 Y13.780409598350563 F300
G1 X20.03516430595828 Y13.916133210873921 F300
G1 X20.0451783125 Y14.061672322265634 F300
G1 X20.044582057818285 Y14.205139507933259 F300
G1 X20.034228039870573 Y14.356435505875393 F300
G1 X20.013861616822837 Y14.515600847294305 F300
G1 X19.9831821875 Y14.68263070312501 F300
G1 X19.945043381967185 Y14.845196132072033 F300
G1 X19.897746992662075 Y15.013214470074702 F300
G1 X19.841181706035805 Y15.186434118656218 F300
G1 X19.77522903125 Y15.364556888671883 F300
G1 X19.678108420461868 Y15.596473645469379 F300
G1 X19.566575099837387 Y15.832709719378776 F300
G1 X19.440760250000004 Y16.07222962500001 F300
G1 X19.305313243642793 Y16.306437190034416 F300
G1 X19.157991545852983 Y16.539563091467777 F300
G1 X18.99921725 Y16.770427658203136 F300
G1 X18.831600603958023 Y16.994969304403597 F300
G1 X18.65501385728265 Y17.21318434341942 F300
G1 X18.4700414375 Y17.423929734375008 F300
G1 X18.276533364749064 Y17.62675042381994 F300
G1 X18.077203627698214 Y17.818264277057906 F300
G1 X17.87267421875 Y17.99751459960938 F300
G1 X17.713228590265736 Y18.125630641741278 F300
G1 X17.552245241509553 Y18.24492934828743 F300
G1 X17.389953459298507 Y18.35513319333816 F300
G1 X17.226557 Y18.45596100000001 F300
G1 X17.051391624319482 Y18.55308403454198 F300
G1 X16.89066440341359 Y18.631452546430737 F300
G1 X16.743144077424006 Y18.692866462211427 F300
G1 X16.607647150871674 Y18.738987475598336 F300
G1 X16.483034793997405 Y18.771324304088928 F300
G1 X16.36821139381696 Y18.79121558064027 F300
G1 X16.262125527466544 Y18.79981069640961 F300
G1 X16.16377414814815 Y18.798049407407422 F300
G1 X16.070736376983042 Y18.786372641298144 F300
G1 X15.98358011327617 Y18.765142207452215 F300
G1 X15.90153295071262 Y18.73450124823114 F300
G1 X15.823930424141182 Y18.69432144917195 F300
G1 X15.750231740367525 Y18.64420471070364 F300
G1 X15.680032289044913 Y18.583492076590286 F300
G1 X15.613071232656733 Y18.511278540800305 F300
G1 X15.549233376505093 Y18.42643156655665 F300
G1 X15.48854551851852 Y18.32761092592594 F300
G1 X15.42953022493299 Y18.20966650922788 F300
G1 X15.37415947289589 Y18.07295145232144 F300
G1 X15.322926931328265 Y17.91527206197054 F300
G1 X15.2764404903089 Y17.734262531149557 F300
G1 X15.23540511715807 Y17.52739285861837 F300
G1 X15.200607407830926 Y17.291973566355207 F300
G1 X15.172902 Y17.025158000000012 F300
G1 X15.160044228057403 Y16.798371014834053 F300
G1 X15.159845950356967 Y16.577034537832517 F300
G1 X15.171956109579904 Y16.36082470759741 F300
G1 X15.196106063331348 Y16.14942510528801 F300
G1 X15.232110147329912 Y15.942530987466471 F300
G1 X15.279865740740744 Y15.739853629629643 F300
G1 X15.339870980780457 Y15.539565518589326 F300
G1 X15.41173850585937 Y15.343336838743348 F300
G1 X15.495558028969619 Y15.150932652435202 F300
G1 X15.591499927630942 Y14.962148470524316 F300
G1 X15.699812917692839 Y14.776814186988567 F300
G1 X15.820821259259262 Y14.594797703703716 F300
G1 X15.94930663383601 Y14.423090878157803 F300
G1 X16.09007871727053 Y14.254531904907974 F300
G1 X16.24356916392988 Y14.089089829000567 F300
G1 X16.41026505083925 Y13.926774156763399 F300
G1 X16.590705621563888 Y13.767636514897111 F300
G1 X16.785479000000002 Y13.611772000000009 F300
G1 X16.92826371726811 Y13.510143304739733 F300
G1 X17.082918858008924 Y13.413785031560966 F300
G1 X17.24833389600001 Y13.323229232000013 F300
G1 X17.418313042071553 Y13.241356600745565 F300
G1 X17.593651066765336 Y13.167204494397286 F300
G1 X17.772840808000005 Y13.10119641600001 F300
G1 X17.954937282289343 Y13.043633277955953 F300
G1 X18.135286825579797 Y12.995862448200988 F300
G1 X18.312395672 Y12.958038784000006 F300
G1 X18.491301990461118 Y12.929489402727052 F300
G1 X18.66096977830564 Y12.912274651448865 F300
G1 X18.820394424000003 Y12.90612156800001 F300
G1 X18.941540369954126 Y12.909093312455061 F300
G1 X19.053540866858633 Y12.918909432177543 F300
G1 X19.15641140644842 Y12.93523841470709 F300
G1 X19.250233 Y12.95781000000001 F300
G1 X19.48729970370371 Y13.024975703703715 F300
G1 X19.661871962962966 Y13.07287962962964 F300
G1 X19.736156 Y13.091152000000008 F300
G0 X30.319359 Y12.645776000000005
G1 X30.22886971714282 Y12.684390059349312 F300
G1 X30.14469507747706 Y12.731352659990423 F300
G1 X30.0663669385455 Y12.786637178837644 F300
G1 X29.993532412828 Y12.85040001362273 F300
G1 X29.925965958095055 Y12.92296592586534 F300
G1 X29.863578555555563 Y13.004810259259264 F300
G1 X29.800700750589094 Y13.10683001283179 F300
G1 X29.744740383806445 Y13.221351698738953 F300
G1 X29.696066392303166 Y13.349343691744496 F300
G1 X29.655247349619238 Y13.491886158280575 F300
G1 X29.623046111111112 Y13.650142074074076 F300
G1 X29.602727578210455 Y13.802020429054473 F300
G1 X29.590460007452165 Y13.967058071814758 F300
G1 X29.586996023732418 Y14.14604063729136 F300
G1 X29.593185573044973 Y14.339760461796638 F300
G1 X29.609973 Y14.549007000000003 F300
G1 X29.635369512550906 Y14.741914665921652 F300
G1 X29.672185559337276 Y14.939251037195726 F300
G1 X29.720413325854064 Y15.14079235236376 F300
G1 X29.78007844444445 Y15.346278768518523 F300
G1 X29.848237199086427 Y15.547174225844874 F300
G1 X29.926549587850747 Y15.749852941294291 F300
G1 X30.01490040255584 Y15.953923845458107 F300
G1 X30.11318622222223 Y16.158963814814822 F300
G1 X30.21836155655961 Y16.359139336176906 F300
G1 X30.33207681069504 Y16.558146408884554 F300
G1 X30.454099789257224 Y16.755515936577254 F300
G1 X30.5842065 Y16.950757250000002 F300
G1 X30.720516384662375 Y17.14111427217518 F300
G1 X30.86346593950288 Y17.32731410022506 F300
G1 X31.012743443666437 Y17.508887677208524 F300
G1 X31.168049444444446 Y17.68535418518519 F300
G1 X31.329471589266866 Y17.856604290145448 F300
G1 X31.49543124224978 Y18.020806604636316 F300
G1 X31.66558893286014 Y18.177558143653265 F300
G1 X31.839625222222217 Y18.326449731481482 F300
G1 X32.01996548304673 Y18.469134477962946 F300
G1 X32.2026452794878 Y18.602103892834684 F300
G1 X32.38736243742568 Y18.72507110073819 F300
G1 X32.573843999999994 Y18.837739000000003 F300
G1 X32.76124562097182 Y18.940981135030544 F300
G1 X32.93420437686327 Y19.027871187917725 F300
G1 X33.093976669720924 Y19.099745923438206 F300
G1 X33.24173521674714 Y19.1578712340752 F300
G1 X33.37857734375 Y19.203436171875 F300
G1 X33.52693348236622 Y19.242442669134984 F300
G1 X33.66403197593054 Y19.267353066319412 F300
G1 X33.79123146646524 Y19.279370349188593 F300
G1 X33.90980105276301 Y19.279489785098548 F300
G1 X34.02092425000001 Y19.268479625000005 F300
G1 X34.114273989347836 Y19.249794878986872 F300
G1 X34.2037505326778 Y19.222792390015083 F300
G1 X34.28992740894343 Y19.187398899441718 F300
G1 X34.37332059089726 Y19.143391140387486 F300
G1 X34.454388145898385 Y19.090398508694854 F300
G1 X34.53353128125 Y19.027908015625002 F300
G1 X34.61840973643106 Y18.947800373518888 F300
G1 X34.702159730899496 Y18.85403624120481 F300
G1 X34.78504176508219 Y18.745285034103386 F300
G1 X34.86727322852238 Y18.620066239884306 F300
G1 X34.949045 Y18.476760000000002 F300
G1 X35.001460760209845 Y18.365729016563115 F300
G1 X35.050414355065485 Y18.234319784989285 F300
G1 X35.09530511661808 Y18.081710539358603 F300
G1 X35.131314825122544 Y17.927307090343035 F300
G1 X35.162524255551006 Y17.757926058054764 F300
G1 X35.18851981049563 Y17.574174600583092 F300
G1 X35.20772417745711 Y17.38996237729337 F300
G1 X35.22143167983026 Y17.197384321417957 F300
G1 X35.22945545481049 Y16.997745419825073 F300
G1 X35.23056278618804 Y16.697584206698806 F300
G1 X35.218878422740524 Y16.396016233236153 F300
G1 X35.20385983267537 Y16.195366557030873 F300
G1 X35.183356840730134 Y16.000427395441907 F300
G1 X35.15755508746356 Y15.812580276967932 F300
G1 X35.12515570243995 Y15.625473854770863 F300
G1 X35.08792765676213 Y15.451360302578077 F300
G1 X35.04625182215743 Y15.291030787172012 F300
G1 X34.996135033832886 Y15.132617513695509 F300
G1 X34.94245231479999 Y14.99407399587273 F300
G1 X34.885735 Y14.874960999999999 F300
G1 X34.78071839288519 Y14.688009812021175 F300
G1 X34.667557542361905 Y14.50749910563943 F300
G1 X34.546660144671804 Y14.333427103391521 F300
G1 X34.418394110787176 Y14.165814600583088 F300
G1 X34.282377537278904 Y14.003894383279457 F300
G1 X34.140222963056665 Y13.849311356297845 F300
G1 X33.992318256286445 Y13.70209844783286 F300
G1 X33.839021274052485 Y13.56231123323615 F300
G1 X33.67937596248241 Y13.429001149564673 F300
G1 X33.51571885297668 Y13.304021049243996 F300
G1 X33.34842326283887 Y13.18740316228083 F300
G1 X33.17783609329445 Y13.079203358600576 F300
G1 X33.00201459613025 Y12.97826767080863 F300
G1 X32.824391013656296 Y12.88661915859289 F300
G1 X32.64530189672476 Y12.804265659250955 F300
G1 X32.46505817201166 Y12.731243437317783 F300
G1 X32.28070497479307 Y12.66656841881176 F300
G1 X32.09672493520998 Y12.612003431742915 F300
G1 X31.91337953993258 Y12.567533386296446 F300
G1 X31.730907113702624 Y12.533183930029153 F300
G1 X31.54597143799507 Y12.508652774324807 F300
G1 X31.363344150013457 Y12.494887847105673 F300
G1 X31.183175108532534 Y12.491902940931077 F300
G1 X31.005602521865885 Y12.49977729737609 F300
G1 X30.828370004759275 Y12.518999133476319 F300
G1 X30.65488605356847 Y12.54960360447041 F300
G1 X30.48519565307841 Y12.591768463847027 F300
G1 X30.319363999999997 Y12.645775999999998 F300
G1 X30.319359 Y12.645776000000005 F300
G0 X32.035346 Y13.023979000000004
G1 X32.196855782184144 Y13.077544092543707 F300
G1 X32.36264408565173 Y13.143594021558764 F300
G1 X32.532169365740735 Y13.222011268518525 F300
G1 X32.69766147739072 Y13.30871887270185 F300
G1 X32.86380182510744 Y13.405624840062305 F300
G1 X33.029836592592595 Y13.512312481481489 F300
G1 X33.19139313854644 Y13.625748937402475 F300
G1 X33.34985703647826 Y13.746628587044844 F300
G1 X33.504430375 Y13.874331750000003 F300
G1 X33.65393896996909 Y14.007921547355558 F300
G1 X33.796707629481325 Y14.145886377317382 F300
G1 X33.9320334074074 Y14.287518185185188 F300
G1 X34.06131148625674 Y14.434634468419226 F300
G1 X34.1803664550182 Y14.582793903842523 F300
G1 X34.28872838425926 Y14.73132089814815 F300
G1 X34.389363977429454 Y14.885149698496958 F300
G1 X34.476692423230475 Y15.036599979710111 F300
G1 X34.550597999999994 Y15.185189000000001 F300
G1 X34.60780661322598 Y15.323156073580783 F300
G1 X34.6597450020054 Y15.47529552723431 F300
G1 X34.70602031481481 Y15.64117892592593 F300
G1 X34.743927212287765 Y15.809057091188391 F300
G1 X34.7756115779951 Y15.985581127655426 F300
G1 X34.800835185185186 Y16.16966940740741 F300
G1 X34.818893723635234 Y16.354587235573213 F300
G1 X34.83023245348872 Y16.542054499630968 F300
G1 X34.83479799999999 Y16.730724000000002 F300
G1 X34.83251246394674 Y16.919442144072782 F300
G1 X34.823424005009024 Y17.10442991895543 F300
G1 X34.80766414814814 Y17.284406259259264 F300
G1 X34.784509368487306 Y17.463671693072072 F300
G1 X34.754905658803914 Y17.63274909072212 F300
G1 X34.71918901851851 Y17.79077974074074 F300
G1 X34.674555531898605 Y17.946740859205065 F300
G1 X34.624372203455465 Y18.086444577966994 F300
G1 X34.56912799999999 Y18.209908000000002 F300
G1 X34.49874832797537 Y18.338486100162154 F300
G1 X34.42649450284512 Y18.44767734320924 F300
G1 X34.35228989858963 Y18.5395393587326 F300
G1 X34.275945887935244 Y18.615882206572472 F300
G1 X34.197137816829006 Y18.678239803370932 F300
G1 X34.11538711111111 Y18.727839000000007 F300
G1 X34.03978392206535 Y18.761924650255665 F300
G1 X33.96038548218076 Y18.787139177423846 F300
G1 X33.87647235829908 Y18.803496845516246 F300
G1 X33.787240310216994 Y18.810767757379733 F300
G1 X33.69180839724562 Y18.808484103274907 F300
G1 X33.589225505934024 Y18.795951627522925 F300
G1 X33.47847422222222 Y18.772264666666672 F300
G1 X33.36366701717272 Y18.738079893658487 F300
G1 X33.2386582431511 Y18.69123393227646 F300
G1 X33.102286062137765 Y18.630280688984694 F300
G1 X32.95331595011355 Y18.553642596266233 F300
G1 X32.790431052435046 Y18.459621075652446 F300
G1 X32.61222199999999 Y18.346405 F300
G1 X32.415426404449825 Y18.209701234869243 F300
G1 X32.224928317682654 Y18.064840373530995 F300
G1 X32.040767919969284 Y17.91237899909952 F300
G1 X31.863005436213975 Y17.75284696707819 F300
G1 X31.691289848425388 Y17.58631657591938 F300
G1 X31.527016505269906 Y17.414578573657415 F300
G1 X31.370235766692204 Y17.238225247470552 F300
G1 X31.221012526748964 Y17.05782555144033 F300
G1 X31.077675893655908 Y16.871569308897698 F300
G1 X30.943017766061665 Y16.68335861269314 F300
G1 X30.817035515711098 Y16.493793221360683 F300
G1 X30.69973744444444 Y16.30344277777778 F300
G1 X30.588296134725635 Y16.10763821597077 F300
G1 X30.48671393339983 Y15.91340931066213 F300
G1 X30.394874881649603 Y15.721297380005156 F300
G1 X30.31267436213991 Y15.531800670781893 F300
G1 X30.23689144993174 Y15.336840501000596 F300
G1 X30.171924087448737 Y15.147145042944112 F300
G1 X30.117487302824497 Y14.963091876609788 F300
G1 X30.07331745267489 Y14.785001255144035 F300
G1 X30.03722567013097 Y14.601760566911699 F300
G1 X30.012475850481543 Y14.42734136536102 F300
G1 X29.998593010288523 Y14.261803317546356 F300
G1 X29.995160888888883 Y14.105146555555555 F300
G1 X30.000367127217608 Y13.976556069182749 F300
G1 X30.012865089108615 Y13.855385935138692 F300
G1 X30.032379305671164 Y13.741431578574117 F300
G1 X30.058701850542185 Y13.634483003868954 F300
G1 X30.091698843621394 Y13.53433859670782 F300
G1 X30.133931095414187 Y13.435359582323166 F300
G1 X30.183352497734717 Y13.344159728582014 F300
G1 X30.24005219812521 Y13.260431170679825 F300
G1 X30.304275368063326 Y13.183965137517223 F300
G1 X30.376425489711927 Y13.114679403292183 F300
G1 X30.454658315567862 Y13.054297867341726 F300
G1 X30.541423162344586 Y13.001055255128193 F300
G1 X30.637630419134474 Y12.9552403051618 F300
G1 X30.744357186670715 Y12.917383326244686 F300
G1 X30.862834999999993 Y12.888271000000003 F300
G1 X31.031926740740733 Y12.852584333333338 F300
G1 X31.15530825925925 Y12.821611000000008 F300
G1 X31.196965123810173 Y12.807785989955685 F300
G1 X31.20626799999999 Y12.802051000000006 F300
G1 X31.215869444782374 Y12.801492033949227 F300
G1 X31.274956109374987 Y12.813026640625006 F300
G1 X31.45417612499999 Y12.858528625000007 F300
G1 X31.71671157812499 Y12.931274546875006 F300
G1 X32.03534599999999 Y13.023982000000004 F300
G1 X32.035346 Y13.023979000000004 F300
G0 X23.671617999999995 Y13.692313000000006
G1 X23.481690782579083 Y13.759271599448347 F300
G1 X23.29925756039917 Y13.832947372378811 F300
G1 X23.12412188480789 Y13.91299368386162 F300
G1 X22.95610126443751 Y13.999105642570916 F300
G1 X22.795029495626824 Y14.091017699708463 F300
G1 X22.636505203960386 Y14.191329368808196 F300
G1 X22.485514873947633 Y14.2969667925913 F300
G1 X22.3419044601229 Y14.407681382516708 F300
G1 X22.20554033397168 Y14.523259491791702 F300
G1 X22.076311556851305 Y14.643519577259482 F300
G1 X21.95187530041125 Y14.770726642772415 F300
G1 X21.83511481708757 Y14.90201099389438 F300
G1 X21.725928597962405 Y15.037203918851583 F300
G1 X21.6242418907216 Y15.176164260350955 F300
G1 X21.530008830903785 Y15.318775157434406 F300
G1 X21.44236875712864 Y15.46644738466652 F300
G1 X21.362633678141783 Y15.617073509264682 F300
G1 X21.29076741273093 Y15.770550776429161 F300
G1 X21.22676727002349 Y15.926795820060589 F300
G1 X21.170665965014575 Y16.085740965014583 F300
G1 X21.122510557321906 Y16.24741471679328 F300
G1 X21.082577321995657 Y16.411060497020884 F300
G1 X21.05091740832509 Y16.576628297481307 F300
G1 X21.027622745206656 Y16.744077657015982 F300
G1 X21.01282760641399 Y16.91337352478135 F300
G1 X21.006729639937248 Y17.082558307698754 F300
G1 X21.009307435491685 Y17.25289664456725 F300
G1 X21.02073133506827 Y17.424370008237013 F300
G1 X21.041219396681704 Y17.596957087091823 F300
G1 X21.071038402332356 Y17.770629361516036 F300
G1 X21.109384676932113 Y17.94091528890471 F300
G1 X21.157091033407465 Y18.111674211798704 F300
G1 X21.21447855621454 Y18.282882690554093 F300
G1 X21.281920580641383 Y18.454500236489114 F300
G1 X21.359842999999994 Y18.626465000000007 F300
G1 X21.443194176185145 Y18.78666442506753 F300
G1 X21.53461984957666 Y18.94021521905907 F300
G1 X21.633824082446285 Y19.087342480389747 F300
G1 X21.740565622779293 Y19.228238600115393 F300
G1 X21.854651996093743 Y19.363060785156257 F300
G1 X21.975805503300666 Y19.491799846075022 F300
G1 X22.103495047329876 Y19.614193402676065 F300
G1 X22.23752533226043 Y19.730327559714656 F300
G1 X22.37772933743075 Y19.840257709586535 F300
G1 X22.523963281249994 Y19.944007218750006 F300
G1 X22.712842495307456 Y20.063675991027683 F300
G1 X22.90940492013385 Y20.173209097792522 F300
G1 X23.113300615888463 Y20.272591663651948 F300
G1 X23.324205675781243 Y20.361744417968758 F300
G1 X23.539055087555212 Y20.439603500823466 F300
G1 X23.758862399870218 Y20.506783509851044 F300
G1 X23.983239704872567 Y20.56319990017375 F300
G1 X24.21180799999999 Y20.608712500000006 F300
G1 X24.442005237100584 Y20.64285541199891 F300
G1 X24.674241180185206 Y20.665757802480922 F300
G1 X24.908108148168573 Y20.677310673929213 F300
G1 X25.143199074218746 Y20.67735158203126 F300
G1 X25.377825583694673 Y20.66575834166757 F300
G1 X25.61156351858898 Y20.642452305053492 F300
G1 X25.84402344728516 Y20.607298166817785 F300
G1 X26.074807718749994 Y20.560101781250008 F300
G1 X26.257356749503437 Y20.51367005835842 F300
G1 X26.437637303616093 Y20.45949680443064 F300
G1 X26.61547363782944 Y20.39748424992422 F300
G1 X26.790681205630705 Y20.327505296512015 F300
G1 X26.963062753906243 Y20.249403214843756 F300
G1 X27.131242941525603 Y20.163618795040385 F300
G1 X27.295644959329515 Y20.06975979160601 F300
G1 X27.456101757789934 Y19.967640773785696 F300
G1 X27.61242353471172 Y19.857039303597976 F300
G1 X27.764392999999995 Y19.737696000000007 F300
G1 X27.90959689008203 Y19.610879300196192 F300
G1 X28.044097797149963 Y19.47963849318807 F300
G1 X28.168336796898956 Y19.343840112520244 F300
G1 X28.282699173434946 Y19.20331150236307 F300
G1 X28.387512531615172 Y19.05784077799896 F300
G1 X28.48304515608019 Y18.907177138912402 F300
G1 X28.569504681033038 Y18.75103151354687 F300
G1 X28.647037124999994 Y18.589077500000005 F300
G1 X28.713940047923774 Y18.425702379317702 F300
G1 X28.772567687984665 Y18.25592803502588 F300
G1 X28.822855609707936 Y18.079336914638173 F300
G1 X28.864683194907897 Y17.895483463904668 F300
G1 X28.89787482928809 Y17.70389551296948 F300
G1 X28.92220139395978 Y17.50407557210265 F300
G1 X28.93738201249131 Y17.295501997840457 F300
G1 X28.943085999999994 Y17.077630000000006 F300
G1 X28.939036480895503 Y16.8799236561618 F300
G1 X28.92558527456733 Y16.68842507264343 F300
G1 X28.903034345774635 Y16.50285461138695 F300
G1 X28.871632646018455 Y16.32294163110525 F300
G1 X28.831575757547245 Y16.148427156171948 F300
G1 X28.7830057841473 Y15.979066633694888 F300
G1 X28.726011518518515 Y15.814632740740752 F300
G1 X28.65925522170009 Y15.65181483981404 F300
G1 X28.583897141413793 Y15.493979093395868 F300
G1 X28.499912450253852 Y15.340937781660772 F300
G1 X28.407222311878158 Y15.192530479619622 F300
G1 X28.305695436610833 Y15.048626763319476 F300
G1 X28.195149941776783 Y14.909128725048681 F300
G1 X28.075355481481477 Y14.773973259259266 F300
G1 X27.951124305215277 Y14.648023928709168 F300
G1 X27.818000286537035 Y14.526259138150905 F300
G1 X27.675691432696894 Y14.408692789300293 F300
G1 X27.523870097886586 Y14.295373702537571 F300
G1 X27.362175314466757 Y14.18638663984995 F300
G1 X27.19021514234383 Y14.081853113933045 F300
G1 X27.007568999999993 Y13.981932000000008 F300
G1 X26.9086834502253 Y13.935712584681895 F300
G1 X26.788887352141124 Y13.889448106826375 F300
G1 X26.64716493877551 Y13.843612026239075 F300
G1 X26.504288633926734 Y13.804218958864293 F300
G1 X26.346361900649875 Y13.766611255300523 F300
G1 X26.174044020408157 Y13.73118318950438 F300
G1 X25.911749241390265 Y13.686288566881059 F300
G1 X25.632604285714276 Y13.648499973760936 F300
G1 X25.3500577193449 Y13.619510422092 F300
G1 X25.067243775510196 Y13.599416862973767 F300
G1 X24.786592526657287 Y13.5886184101184 F300
G1 X24.52236053061224 Y13.587788341107878 F300
G1 X24.347858291786885 Y13.593134108874175 F300
G1 X24.187638598824485 Y13.603125935918015 F300
G1 X24.042352591836725 Y13.617468892128285 F300
G1 X23.89711300368328 Y13.638464513897112 F300
G1 X23.77389398372716 Y13.663637151204835 F300
G1 X23.671617999999995 Y13.692313000000006 F300
G1 X23.671617999999995 Y13.692313000000006 F300
G0 X26.571143999999997 Y14.273487000000003
G1 X26.65997242353872 Y14.308641689161524 F300
G1 X26.7585474194134 Y14.35444102826754 F300
G1 X26.866241203124993 Y14.411045796875003 F300
G1 X27.024929021161988 Y14.50492465739586 F300
G1 X27.189685124999997 Y14.614220875 F300
G1 X27.350234090727028 Y14.73219645422537 F300
G1 X27.502305234374997 Y14.855633015625003 F300
G1 X27.644802512476616 Y14.984509678006372 F300
G1 X27.764930999999997 Y15.107903 F300
G1 X27.884547214859182 Y15.247110879540914 F300
G1 X27.99369358861774 Y15.38790674553077 F300
G1 X28.092765739697725 Y15.530136905271315 F300
G1 X28.18211594791906 Y15.673683328563 F300
G1 X28.262051208000003 Y15.818459760000005 F300
G1 X28.33504829417871 Y15.969320271642221 F300
G1 X28.398295602729238 Y16.1208676878568 F300
G1 X28.452056832690133 Y16.273051047242635 F300
G1 X28.49654213261045 Y16.425843112405303 F300
G1 X28.531906583999998 Y16.579235320000002 F300
G1 X28.558539863033303 Y16.7352925073125 F300
G1 X28.575904163118437 Y16.89140667764779 F300
G1 X28.584083484985605 Y17.047589877488498 F300
G1 X28.583101690103398 Y17.20386051440809 F300
G1 X28.572922055999996 Y17.3602376 F300
G1 X28.55366615010781 Y17.51531437077741 F300
G1 X28.52524597434894 Y17.669969875982535 F300
G1 X28.487543729440127 Y17.824217778363515 F300
G1 X28.440381591080644 Y17.978058667435796 F300
G1 X28.383522552 Y18.131474520000005 F300
G1 X28.318859979977418 Y18.279769254239355 F300
G1 X28.244718981086635 Y18.427127388652163 F300
G1 X28.160796757818495 Y18.57350133463829 F300
G1 X28.066737288110087 Y18.71881394370275 F300
G1 X27.962132999999998 Y18.862954000000002 F300
G1 X27.833128651085595 Y19.022901333854584 F300
G1 X27.701469664425435 Y19.169854928458438 F300
G1 X27.56667831768687 Y19.30463943422633 F300
G1 X27.42826628125 Y19.428007046875 F300
G1 X27.281981960965155 Y19.54341366915549 F300
G1 X27.12998019072321 Y19.648695271191574 F300
G1 X26.971548591798868 Y19.744283231799034 F300
G1 X26.805926 Y19.830535375 F300
G1 X26.63631599642708 Y19.90609195774562 F300
G1 X26.45731900953039 Y19.973527769758476 F300
G1 X26.267932608218715 Y20.032858712192702 F300
G1 X26.067081468749997 Y20.084048265625 F300
G1 X25.867247981277153 Y20.12458881392403 F300
G1 X25.654233608191674 Y20.15793652495253 F300
G1 X25.426819300628217 Y20.183846394923687 F300
G1 X25.183701999999997 Y20.202055 F300
G1 X24.96649570074796 Y20.21272808430152 F300
G1 X24.782335944444444 Y20.217977851851856 F300
G1 X24.60733106738616 Y20.217682491086304 F300
G1 X24.45451588888889 Y20.211154481481486 F300
G1 X24.307300425074168 Y20.197264909045412 F300
G1 X24.170420499999995 Y20.175972 F300
G1 X24.03604346379584 Y20.146143956537383 F300
G1 X23.90022844444444 Y20.106817518518522 F300
G1 X23.763725205438494 Y20.05877311437888 F300
G1 X23.614118388888883 Y19.998078148148146 F300
G1 X23.460005162264462 Y19.92907515523325 F300
G1 X23.282268999999996 Y19.844141 F300
G1 X23.1024247492381 Y19.750820196756326 F300
G1 X22.933747201060864 Y19.652763406557032 F300
G1 X22.77572440512343 Y19.550359756796897 F300
G1 X22.627878345567577 Y19.44394320338109 F300
G1 X22.489767062499997 Y19.333795878906255 F300
G1 X22.35483812125469 Y19.214429831516988 F300
G1 X22.23013332833976 Y19.09180606131687 F300
G1 X22.11523895497504 Y18.96616817011047 F300
G1 X22.00978459730605 Y18.837713832211 F300
G1 X21.913445312499995 Y18.70659928125 F300
G1 X21.823284108621575 Y18.56862178629911 F300
G1 X21.74257706066019 Y18.428573576083217 F300
G1 X21.671045722088536 Y18.28658080736287 F300
G1 X21.60846251813048 Y18.142738069855273 F300
G1 X21.55465234375 Y17.99711385546875 F300
G1 X21.508949615889833 Y17.84777900867173 F300
G1 X21.47220010794613 Y17.69734303118757 F300
G1 X21.44428288712963 Y17.545859712132547 F300
G1 X21.425131922973964 Y17.393368856890735 F300
G1 X21.414736749999996 Y17.23990225 F300
G1 X21.41312898277407 Y17.0862495385861 F300
G1 X21.42028658640574 Y16.93234984341199 F300
G1 X21.4362516916295 Y16.778236257204746 F300
G1 X21.46112133906017 Y16.62394616844049 F300
G1 X21.495047124999996 Y16.469527113281252 F300
G1 X21.537195306564826 Y16.318401596668387 F300
G1 X21.58823512041474 Y16.1678679877948 F300
G1 X21.648363791920257 Y16.01798846069985 F300
G1 X21.717829870616512 Y15.868846292410442 F300
G1 X21.796932062499998 Y15.72055109375 F300
G1 X21.882566355109073 Y15.578632422318165 F300
G1 X21.977508170603254 Y15.438219656143877 F300
G1 X22.082091289725874 Y15.299446940794645 F300
G1 X22.196694533506196 Y15.162483280085052 F300
G1 X22.321740156249998 Y15.027536839843751 F300
G1 X22.450700798914855 Y14.901366622836589 F300
G1 X22.58962766732268 Y14.777771883214072 F300
G1 X22.738963734411712 Y14.656990657137865 F300
G1 X22.899189228777495 Y14.539305540125863 F300
G1 X23.070819999999998 Y14.425047 F300
G1 X23.20325336651069 Y14.346913333228782 F300
G1 X23.342906059512735 Y14.275655498726628 F300
G1 X23.489748673620642 Y14.21130225596362 F300
G1 X23.643771032013028 Y14.153937094738646 F300
G1 X23.804973046875 Y14.1036980625 F300
G1 X23.96609191514872 Y14.062440506995433 F300
G1 X24.132849730100173 Y14.028279244863773 F300
G1 X24.305143423073158 Y14.0013489900408 F300
G1 X24.48286560338351 Y13.98182058006129 F300
G1 X24.665898874999996 Y13.969900499999998 F300
G1 X24.892418093638454 Y13.96598237990502 F300
G1 X25.124593727448627 Y13.973768587455371 F300
G1 X25.36204676653561 Y13.99357649407995 F300
G1 X25.604366265624996 Y14.025786187499996 F300
G1 X25.843190580930465 Y14.069204394989292 F300
G1 X26.084259649619185 Y14.124752067943668 F300
G1 X26.32708517968552 Y14.192728872306905 F300
G1 X26.571143999999997 Y14.273486999999996 F300
G1 X26.571143999999997 Y14.273487000000003 F300
G0 X12.986296 Y20.073075
G1 X12.886302431087298 Y20.218646590720937 F300
G1 X12.793927036884018 Y20.368438172538713 F300
G1 X12.708997410273847 Y20.522239842517248 F300
G1 X12.631373048798068 Y20.67986196476395 F300
G1 X12.56094534985423 Y20.84113056559767 F300
G1 X12.483156540040216 Y21.04690582490682 F300
G1 X12.416682811184096 Y21.256597448074462 F300
G1 X12.3613428454931 Y21.469795312702704 F300
G1 X12.31701573760933 Y21.686105606413992 F300
G1 X12.28372949887001 Y21.904434755778208 F300
G1 X12.261422149442248 Y22.123768440216637 F300
G1 X12.249953157424438 Y22.343667501597526 F300
G1 X12.249232813411076 Y22.563697924198248 F300
G1 X12.25924393815694 Y22.783744951725247 F300
G1 X12.2798455106613 Y23.001698481387287 F300
G1 X12.310900617139652 Y23.217128572541753 F300
G1 X12.35232222740525 Y23.429605320699707 F300
G1 X12.404487969406699 Y23.640202228206924 F300
G1 X12.466728052376912 Y23.84563678580211 F300
G1 X12.538922741003999 Y24.045537954513303 F300
G1 X12.62100962973761 Y24.23952559766764 F300
G1 X12.714011247246983 Y24.429155146096637 F300
G1 X12.816523545763875 Y24.61083771574374 F300
G1 X12.928513539628238 Y24.78428062207316 F300
G1 X13.050020670553934 Y24.949156556851307 F300
G1 X13.154917910110154 Y25.07551529601352 F300
G1 X13.265674468469882 Y25.195352964684126 F300
G1 X13.382369829224926 Y25.30853287550962 F300
G1 X13.505121024325275 Y25.414884280063458 F300
G1 X13.634081 Y25.514196 F300
G1 X13.812195977548589 Y25.63671594952369 F300
G1 X13.973073342006098 Y25.734826350703255 F300
G1 X14.11834824096637 Y25.81124270728634 F300
G1 X14.249585194376218 Y25.868471286295296 F300
G1 X14.368285481556601 Y25.90878463343021 F300
G1 X14.47589211005793 Y25.934191290681834 F300
G1 X14.573790352209977 Y25.946399766234485 F300
G1 X14.663301444444446 Y25.946778222222225 F300
G1 X14.747391341602494 Y25.93596965100313 F300
G1 X14.825442207790756 Y25.914365152054728 F300
G1 X14.898450155311531 Y25.882006865418635 F300
G1 X14.967219682543607 Y25.838465370208247 F300
G1 X15.032332612843502 Y25.78285398095318 F300
G1 X15.094128904665954 Y25.713859328962894 F300
G1 X15.152702255417905 Y25.629781533972782 F300
G1 X15.207909565935795 Y25.528576422358626 F300
G1 X15.259390555555557 Y25.407893777777776 F300
G1 X15.304395092112541 Y25.27264482187838 F300
G1 X15.345042716603992 Y25.11436419504718 F300
G1 X15.380531699525772 Y24.930209589367294 F300
G1 X15.409957125141531 Y24.717140661392634 F300
G1 X15.432327689995809 Y24.47192141222953 F300
G1 X15.446579737427735 Y24.19112017122068 F300
G1 X15.451589 Y23.871108 F300
G1 X15.447815996403996 Y23.58054768004768 F300
G1 X15.436786422599315 Y23.296596438085544 F300
G1 X15.418916686085451 Y23.019723094657273 F300
G1 X15.394600199074077 Y22.75036828703704 F300
G1 X15.362875497571403 Y22.478694497437512 F300
G1 X15.325215136500484 Y22.217565335119623 F300
G1 X15.282094829664029 Y21.967271528448755 F300
G1 X15.233957259259263 Y21.7280612962963 F300
G1 X15.177734871363398 Y21.48612820430313 F300
G1 X15.117187389053546 Y21.258675569251764 F300
G1 X15.052834343514688 Y21.04567184973441 F300
G1 X14.985145375 Y20.84703175 F300
G1 X14.907808662807113 Y20.646113210606938 F300
G1 X14.828119334740624 Y20.46338294659236 F300
G1 X14.746589766198612 Y20.29826138631637 F300
G1 X14.663649740740745 Y20.15012437037037 F300
G1 X14.587818334581684 Y20.03038528097128 F300
G1 X14.511889162683467 Y19.924229818895235 F300
G1 X14.436039328436141 Y19.830937424459854 F300
G1 X14.360379554888759 Y19.749808659533837 F300
G1 X14.284955550925925 Y19.68018387962963 F300
G1 X14.200022841120958 Y19.61462742666849 F300
G1 X14.115849000029042 Y19.56256918246449 F300
G1 X14.032154907873725 Y19.523146275700675 F300
G1 X13.948549000894028 Y19.495745814224026 F300
G1 X13.864548000000001 Y19.480055 F300
G1 X13.782001068622288 Y19.47361314062238 F300
G1 X13.70768953484296 Y19.47479960043529 F300
G1 X13.639471421875 Y19.483746562500002 F300
G1 X13.57325222527112 Y19.50141775989956 F300
G1 X13.50762601029912 Y19.529080889265224 F300
G1 X13.440784625 Y19.5684775 F300
G1 X13.3785411227875 Y19.615361010489295 F300
G1 X13.31042339544113 Y19.67714818027549 F300
G1 X13.234416515625 Y19.7572521875 F300
G1 X13.123320289287829 Y19.89069428117586 F300
G1 X12.986296000000001 Y20.073075 F300
G1 X12.986296 Y20.073075 F300
G0 X14.272521 Y20.265166
G1 X14.34295833933416 Y20.38406589757791 F300
G1 X14.414351734312534 Y20.523810096228303 F300
G1 X14.486324228515624 Y20.685209974609375 F300
G1 X14.550993753768745 Y20.848927637317402 F300
G1 X14.61462476989549 Y21.028709517096836 F300
G1 X14.676805890624998 Y21.224155234375004 F300
G1 X14.733294442694271 Y21.420807485452354 F300
G1 X14.787146428056534 Y21.627863121331174 F300
G1 X14.838005326171874 Y21.844292658203127 F300
G1 X14.905564308735814 Y22.171985251599473 F300
G1 X14.963961874999999 Y22.507913124999998 F300
G1 X15.012006163280764 Y22.8453888992049 F300
G1 X15.048714876953126 Y23.177307513671877 F300
G1 X15.067006526698261 Y23.398400476312485 F300
G1 X15.079526003122668 Y23.611244829577906 F300
G1 X15.086303671875 Y23.814766703125002 F300
G1 X15.087265487379472 Y24.018905907720146 F300
G1 X15.08199324279051 Y24.20833601481928 F300
G1 X15.070767599609376 Y24.38258157226563 F300
G1 X15.051814847213986 Y24.556859988979433 F300
G1 X15.026731861991694 Y24.71010673132907 F300
G1 X14.996146 Y24.843043 F300
G1 X14.948967817171724 Y25.001613169744076 F300
G1 X14.901757805266294 Y25.129760610213967 F300
G1 X14.854460940116356 Y25.23182310117531 F300
G1 X14.807073703124999 Y25.311748875 F300
G1 X14.758928507482864 Y25.37377057986061 F300
G1 X14.709902426234228 Y25.420342356578985 F300
G1 X14.65944604755564 Y25.453712520554518 F300
G1 X14.606732341425978 Y25.475445007599134 F300
G1 X14.550642875 Y25.48633175 F300
G1 X14.49453722810213 Y25.486731530356824 F300
G1 X14.432470652541245 Y25.477037371576472 F300
G1 X14.362933445210361 Y25.45573888255763 F300
G1 X14.284295263901285 Y25.42082043658428 F300
G1 X14.194785859375 Y25.36983325 F300
G1 X14.096727545573025 Y25.303079757489073 F300
G1 X13.984332984938419 Y25.215609875793568 F300
G1 X13.855397789216989 Y25.104175751833466 F300
G1 X13.707435 Y24.965295 F300
G1 X13.568465458373902 Y24.82207199627096 F300
G1 X13.439931842309369 Y24.67290215090634 F300
G1 X13.321556797899708 Y24.518077052878333 F300
G1 X13.213123759259261 Y24.357834550925933 F300
G1 X13.113857086507958 Y24.191251844860822 F300
G1 X13.024785207611046 Y24.020286035533132 F300
G1 X12.945771270041634 Y23.845155285514206 F300
G1 X12.876738740740743 Y23.666046740740743 F300
G1 X12.817724666122702 Y23.483301411772594 F300
G1 X12.768906006226853 Y23.29775158213286 F300
G1 X12.730257294541593 Y23.10958590778396 F300
G1 X12.701812 Y22.918979875000005 F300
G1 X12.68374172461192 Y22.727272721590783 F300
G1 X12.67600675534975 Y22.53436727316593 F300
G1 X12.678675614759214 Y22.340443311253075 F300
G1 X12.691875592592593 Y22.145682259259264 F300
G1 X12.715490799228498 Y21.952294312473928 F300
G1 X12.749673414903178 Y21.75929377404909 F300
G1 X12.794588506230676 Y21.566863366958074 F300
G1 X12.850461574074075 Y21.375202199074074 F300
G1 X12.91644780189737 Y21.18748765684792 F300
G1 X12.993350960063092 Y21.00167163287574 F300
G1 X13.081453753548793 Y20.81795895283574 F300
G1 X13.181102000000001 Y20.636588000000003 F300
G1 X13.302590306193594 Y20.438969429246978 F300
G1 X13.408597339321675 Y20.28523138205853 F300
G1 X13.501515609375 Y20.168366921875002 F300
G1 X13.580972716903794 Y20.084334556508438 F300
G1 X13.652233585302243 Y20.023418286631117 F300
G1 X13.716744674877072 Y19.981524599258343 F300
G1 X13.775913625 Y19.955259375000004 F300
G1 X13.827324325327904 Y19.9425838140581 F300
G1 X13.876990022969046 Y19.939787050568103 F300
G1 X13.925957721760287 Y19.9464703021334 F300
G1 X13.975235265408106 Y19.962896651462994 F300
G1 X14.025760578125 Y19.989960640625007 F300
G1 X14.081266290343436 Y20.031585476014328 F300
G1 X14.140356805805286 Y20.08930073878885 F300
G1 X14.203833244255657 Y20.166052523473372 F300
G1 X14.272521000000001 Y20.265166000000004 F300
G1 X14.272521 Y20.265166 F300
G0 X35.467852 Y19.90692
G1 X35.4065783726207 Y20.00091538475238 F300
G1 X35.34157862678669 Y20.117374049345667 F300
G1 X35.27306701457727 Y20.258006571428577 F300
G1 X35.21104539848501 Y20.400761190987716 F300
G1 X35.1477577452479 Y20.56148781388822 F300
G1 X35.083613177842565 Y20.74016632653061 F300
G1 X34.99496744993238 Y21.01452306952264 F300
G1 X34.908469883381926 Y21.31601804081632 F300
G1 X34.82952764403322 Y21.625495399350633 F300
G1 X34.75661652478135 Y21.948180489795917 F300
G1 X34.692159465050054 Y22.27407839427437 F300
G1 X34.637032495626826 Y22.59927244897959 F300
G1 X34.59180359028794 Y22.923009894768022 F300
G1 X34.55869718950437 Y23.231912693877547 F300
G1 X34.54301040715524 Y23.436876331663363 F300
G1 X34.533675172168465 Y23.629380950676143 F300
G1 X34.530590000000004 Y23.80872 F300
G1 X34.53608873086324 Y24.12566664354712 F300
G1 X34.55165185954057 Y24.40652890614764 F300
G1 X34.57595947404505 Y24.654310871560558 F300
G1 X34.60780095905703 Y24.871891337574404 F300
G1 X34.64608029443045 Y25.062018939675855 F300
G1 X34.68982337201513 Y25.227305757838693 F300
G1 X34.73818751851852 Y25.37021866666667 F300
G1 X34.79263895920136 Y25.497597077876524 F300
G1 X34.85070504431884 Y25.60563618020917 F300
G1 X34.91193739910356 Y25.696472952066753 F300
G1 X34.97608780067745 Y25.772004808134803 F300
G1 X35.043120229810135 Y25.833854557629074 F300
G1 X35.113216110475854 Y25.88333107005971 F300
G1 X35.186769621934616 Y25.921389442790215 F300
G1 X35.26437148319934 Y25.948596034060177 F300
G1 X35.34678214814815 Y25.965104000000004 F300
G1 X35.426738938131585 Y25.97060934802659 F300
G1 X35.51212242210217 Y25.966530124672776 F300
G1 X35.603770153760834 Y25.95209396291473 F300
G1 X35.70255401280691 Y25.926252100408117 F300
G1 X35.809366270744775 Y25.887700721214408 F300
G1 X35.92511081877313 Y25.83490268650503 F300
G1 X36.05069866154651 Y25.766107582101483 F300
G1 X36.187046466298185 Y25.6793689090999 F300
G1 X36.335077000000005 Y25.572558 F300
G1 X36.46750324053073 Y25.4657912718316 F300
G1 X36.593358240171376 Y25.352768679465367 F300
G1 X36.712798463492994 Y25.233704030082023 F300
G1 X36.82594944407098 Y25.108776351075978 F300
G1 X36.932904402332376 Y24.97813477842566 F300
G1 X37.05741776563865 Y24.807794008210642 F300
G1 X37.171895265023196 Y24.629947749807915 F300
G1 X37.27642395029189 Y24.444920299652324 F300
G1 X37.37102401457726 Y24.25299924781341 F300
G1 X37.45486030736839 Y24.056440205159006 F300
G1 X37.5284213775629 Y23.854757152161753 F300
G1 X37.59169131015342 Y23.64829027270573 F300
G1 X37.64459723032069 Y23.437365752186587 F300
G1 X37.68666366812124 Y23.224318253898975 F300
G1 X37.7180992296572 Y23.008741150414174 F300
G1 X37.73884388883927 Y22.790997748231483 F300
G1 X37.74878544314869 Y22.571448635568515 F300
G1 X37.747800513431976 Y22.351874449363073 F300
G1 X37.735867459602645 Y22.132443983873713 F300
G1 X37.71289799759036 Y21.91351780497704 F300
G1 X37.67875004664724 Y21.695462241982508 F300
G1 X37.63344868604683 Y21.479592084015636 F300
G1 X37.57693812502188 Y21.266436088864545 F300
G1 X37.50907461434579 Y21.056328032060552 F300
G1 X37.429652434402335 Y20.849620915451897 F300
G1 X37.358033476615375 Y20.687851161613953 F300
G1 X37.27906592759402 Y20.529252712697073 F300
G1 X37.19262343597657 Y20.373982354208696 F300
G1 X37.0985487852102 Y20.222213259947033 F300
G1 X36.996654000000014 Y20.074139000000002 F300
G1 X36.8880634007789 Y19.932297239564633 F300
G1 X36.785612414892064 Y19.813712669108707 F300
G1 X36.68884943405492 Y19.715897078055768 F300
G1 X36.59730130654483 Y19.636557259947267 F300
G1 X36.51046314216195 Y19.573611928935396 F300
G1 X36.42778917754961 Y19.525213418547597 F300
G1 X36.34868636199516 Y19.48977409432744 F300
G1 X36.27251272297423 Y19.46599634955375 F300
G1 X36.19858250000001 Y19.452903625000005 F300
G1 X36.12110431131703 Y19.450025360650816 F300
G1 X36.044368894387716 Y19.458402006811443 F300
G1 X35.967544553898485 Y19.47827043185191 F300
G1 X35.88985798594274 Y19.51033513544484 F300
G1 X35.81061993030838 Y19.55574146616017 F300
G1 X35.72924023402035 Y19.61603768415712 F300
G1 X35.64523159358953 Y19.693132730906733 F300
G1 X35.55820385260604 Y19.789255594976428 F300
G1 X35.46785200000001 Y19.906920000000003 F300
G1 X35.467852 Y19.90692 F300
G0 X36.892452 Y20.771224
G1 X36.98618834134956 Y20.956084307649462 F300
G1 X37.06805301505122 Y21.145277124220616 F300
G1 X37.13836431375557 Y21.33839814677669 F300
G1 X37.19736274537038 Y21.535076486111112 F300
G1 X37.24522274872315 Y21.735011199952442 F300
G1 X37.281820715548726 Y21.936528120013193 F300
G1 X37.30737673487883 Y22.139206033446698 F300
G1 X37.32204796296296 Y22.342635888888893 F300
G1 X37.32592675537245 Y22.546851542069902 F300
G1 X37.319086911738076 Y22.749638351195255 F300
G1 X37.30171959604293 Y22.950574200261403 F300
G1 X37.273958125 Y23.149239625 F300
G1 X37.23556645331262 Y23.346613815294884 F300
G1 X37.18709734473149 Y23.539486881973588 F300
G1 X37.12872069243931 Y23.727484483324943 F300
G1 X37.0605437037037 Y23.910225111111114 F300
G1 X36.98168962676146 Y24.089247164723922 F300
G1 X36.89347518253066 Y24.260907304143174 F300
G1 X36.795991994592576 Y24.424910385583257 F300
G1 X36.689255171296296 Y24.580929763888886 F300
G1 X36.59630611495048 Y24.700797154884803 F300
G1 X36.49772296958821 Y24.814452804946168 F300
G1 X36.39346264446624 Y24.921767819173567 F300
G1 X36.28344264834089 Y25.022580816638758 F300
G1 X36.167543 Y25.116691 F300
G1 X36.062318679189616 Y25.194210277176705 F300
G1 X35.95857 Y25.265622515625 F300
G1 X35.85504851535357 Y25.332025974378613 F300
G1 X35.76133075 Y25.387584874999998 F300
G1 X35.67056341008501 Y25.436274824650557 F300
G1 X35.598028625000005 Y25.469992046875 F300
G1 X35.53095329141447 Y25.493834076447172 F300
G1 X35.490867 Y25.500258 F300
G1 X35.443747717990234 Y25.495287890068425 F300
G1 X35.398623734435965 Y25.480617836870554 F300
G1 X35.35472438920164 Y25.456067710197964 F300
G1 X35.31149296495982 Y25.420827148293654 F300
G1 X35.26862465306124 Y25.37359535568514 F300
G1 X35.2250425782777 Y25.311064291547346 F300
G1 X35.18253406825614 Y25.23332882190746 F300
G1 X35.141433885124876 Y25.138859001042277 F300
G1 X35.102234959183676 Y25.026134233236153 F300
G1 X35.0614815736736 Y24.876880214925404 F300
G1 X35.02544536274364 Y24.703945829264345 F300
G1 X34.99507922448979 Y24.506664848396497 F300
G1 X34.973583417962395 Y24.30907518650855 F300
G1 X34.958514651095115 Y24.094581227963804 F300
G1 X34.950538755102045 Y23.86397741690962 F300
G1 X34.95014981394039 Y23.633730457872844 F300
G1 X34.95716510166165 Y23.394200631194543 F300
G1 X34.97199485714286 Y23.14686215451895 F300
G1 X34.994343623810465 Y22.900222592938626 F300
G1 X35.02455834934486 Y22.652075623609935 F300
G1 X35.06282883673469 Y22.40410927696793 F300
G1 X35.10944849778302 Y22.15762171186159 F300
G1 X35.163979729345606 Y21.917244505423096 F300
G1 X35.226422 Y21.684509 F300
G1 X35.347087945445686 Y21.286766535712978 F300
G1 X35.455829793758646 Y20.96234327444182 F300
G1 X35.55437065600001 Y20.701305408000007 F300
G1 X35.64057156728522 Y20.502012823710917 F300
G1 X35.71975633600108 Y20.344977354102998 F300
G1 X35.792718408459926 Y20.22360871829354 F300
G1 X35.860150128 Y20.131968904000004 F300
G1 X35.91646444205731 Y20.070732995626027 F300
G1 X35.9698836107501 Y20.0254818745843 F300
G1 X36.02101890272199 Y19.993724512583544 F300
G1 X36.07059407945309 Y19.973501973349663 F300
G1 X36.1194561196878 Y19.963458794924183 F300
G1 X36.168558272 Y19.962905696 F300
G1 X36.22613775116699 Y19.973896677057077 F300
G1 X36.28716831069199 Y19.998502774430804 F300
G1 X36.35302760123311 Y20.03898416093616 F300
G1 X36.42501601448155 Y20.098412500611282 F300
G1 X36.504392944 Y20.180521992000003 F300
G1 X36.586829051821375 Y20.282125747325612 F300
G1 X36.678153278633516 Y20.411595704233832 F300
G1 X36.77956947300964 Y20.57314054137922 F300
G1 X36.892452 Y20.771224 F300
G0 X18.476308999999997 Y20.562516
G1 X18.296399689996825 Y20.668827153265763 F300
G1 X18.128749166626204 Y20.781652685064277 F300
G1 X17.97276454068171 Y20.900916502404176 F300
G1 X17.827915157054992 Y21.026609364188893 F300
G1 X17.693736658730412 Y21.15878820250761 F300
G1 X17.56983486697819 Y21.297574823348334 F300
G1 X17.455889348946645 Y21.443153981818433 F300
G1 X17.351656549012898 Y21.59577085908989 F300
G1 X17.256972374999997 Y21.755728 F300
G1 X17.174114331732937 Y21.91836129457855 F300
G1 X17.10022730776946 Y22.08848624833903 F300
G1 X17.035360026494025 Y22.26650684855544 F300
G1 X16.979635918830148 Y22.4528661101615 F300
G1 X16.933252664346117 Y22.648042378391125 F300
G1 X16.8964812158014 Y22.852545706167845 F300
G1 X16.86966437697285 Y23.06691438813725 F300
G1 X16.853215015720437 Y23.291711715889093 F300
G1 X16.847613999999997 Y23.527523 F300
G1 X16.851839910437924 Y23.77098537049524 F300
G1 X16.864356834487303 Y24.00342087882483 F300
G1 X16.884938486072013 Y24.225682574275503 F300
G1 X16.913380578124997 Y24.438578906249997 F300
G1 X16.951396046431864 Y24.652321831870392 F300
G1 X16.99785968312789 Y24.858265063927153 F300
G1 X17.052734268146743 Y25.057129807429014 F300
G1 X17.116019624999996 Y25.249603 F300
G1 X17.18898545667487 Y25.43931845133553 F300
G1 X17.271071160642677 Y25.624422669595464 F300
G1 X17.362499940605936 Y25.805490978781272 F300
G1 X17.463540109374996 Y25.98307934375 F300
G1 X17.572598952427718 Y26.15487646571716 F300
G1 X17.69202651881556 Y26.324906420819225 F300
G1 X17.822302588204927 Y26.493626138855554 F300
G1 X17.963950999999998 Y26.661492 F300
G1 X18.129884696744835 Y26.8408757365179 F300
G1 X18.300312034154622 Y27.00762820615963 F300
G1 X18.474928756172268 Y27.162100945770437 F300
G1 X18.6534827166922 Y27.304600906080307 F300
G1 X18.83576859375 Y27.435386812500003 F300
G1 X19.0267907174074 Y27.55778985023726 F300
G1 X19.22062271062982 Y27.667771587536006 F300
G1 X19.41710115162578 Y27.7655724103446 F300
G1 X19.616101828711347 Y27.851372382916114 F300
G1 X19.817533 Y27.92528775 F300
G1 X20.023933183981388 Y27.988080484537164 F300
G1 X20.23181093620765 Y28.038522697667034 F300
G1 X20.441118985095894 Y28.076677161185813 F300
G1 X20.651829445886946 Y28.102529808257025 F300
G1 X20.863925656249997 Y28.1159870625 F300
G1 X21.040666303784263 Y28.117625136706728 F300
G1 X21.217752137120325 Y28.110533262363663 F300
G1 X21.39518997369897 Y28.094614327432748 F300
G1 X21.57298434723929 Y28.069728276706226 F300
G1 X21.751133928720876 Y28.035691598385025 F300
G1 X21.929627999999997 Y27.992276999999998 F300
G1 X22.111348600944943 Y27.93704905926522 F300
G1 X22.284376734005477 Y27.872219950982597 F300
G1 X22.44914743245863 Y27.798305192163646 F300
G1 X22.606055176538828 Y27.71572319629012 F300
G1 X22.755449078124997 Y27.62480244335937 F300
G1 X22.900057156130874 Y27.52398306874637 F300
G1 X23.036907864145157 Y27.415426206004256 F300
G1 X23.16623196783363 Y27.2993877972903 F300
G1 X23.288212539307303 Y27.17606391871524 F300
G1 X23.4029819375 Y27.045598609374995 F300
G1 X23.510042607629323 Y26.908872817315533 F300
G1 X23.60961213646148 Y26.765949368117294 F300
G1 X23.7017472875318 Y26.616982714900505 F300
G1 X23.786460418494006 Y26.46209882098926 F300
G1 X23.863718015624997 Y26.301401876953122 F300
G1 X23.93233244833234 Y26.13782022476291 F300
G1 X23.99325259546821 Y25.969640675193133 F300
G1 X24.046427856616525 Y25.797010867799713 F300
G1 X24.09176925978713 Y25.62006888414909 F300
G1 X24.129148749999995 Y25.438948625 F300
G1 X24.15789889005149 Y25.25749542768169 F300
G1 X24.178562262612342 Y25.073202665646008 F300
G1 X24.191029495136945 Y24.886238323352114 F300
G1 X24.1951568006202 Y24.696771155383406 F300
G1 X24.190765578124996 Y24.50497523242187 F300
G1 X24.177985197272644 Y24.314859805763113 F300
G1 X24.156693969597356 Y24.123738091168413 F300
G1 X24.126739258779885 Y23.93179389340918 F300
G1 X24.087934691724804 Y23.739219126317725 F300
G1 X24.040059937499997 Y23.546218078124998 F300
G1 X23.98410583876115 Y23.356901486465787 F300
G1 X23.91920294538342 Y23.168359715955454 F300
G1 X23.84514139035764 Y22.9807869635736 F300
G1 X23.761675395233073 Y22.794394201145103 F300
G1 X23.668523265624998 Y22.609413541015623 F300
G1 X23.567966802727632 Y22.43048661678182 F300
G1 X23.45792206830894 Y22.253977714560172 F300
G1 X23.338087624894065 Y22.08010560459888 F300
G1 X23.208122592261212 Y21.90911837483765 F300
G1 X23.067646999999997 Y21.741297999999997 F300
G1 X22.932791156677055 Y21.595067682805904 F300
G1 X22.79286601911202 Y21.45759112691554 F300
G1 X22.64789092441491 Y21.328648947615566 F300
G1 X22.497853310650502 Y21.208056597580914 F300
G1 X22.34271064537624 Y21.095666030539 F300
G1 X22.18239251851852 Y20.991367222222223 F300
G1 X22.017125089042015 Y20.895266252957533 F300
G1 X21.84679115434926 Y20.80727304390886 F300
G1 X21.67127854748288 Y20.727356010564208 F300
G1 X21.490454528883447 Y20.655523791162427 F300
G1 X21.304168230994105 Y20.591825998987012 F300
G1 X21.112253148148145 Y20.536353777777776 F300
G1 X20.920827614178705 Y20.490590620395686 F300
G1 X20.724097546406888 Y20.452881323838103 F300
G1 X20.521894303696154 Y20.42337986160041 F300
G1 X20.31404153571021 Y20.402277370734655 F300
G1 X20.10035727941802 Y20.389802059697516 F300
G1 X19.880656 Y20.386218999999997 F300
G1 X19.653866236772632 Y20.390693519677182 F300
G1 X19.431350890624998 Y20.401591921874996 F300
G1 X19.213229691952225 Y20.41859794076992 F300
G1 X19.016804624999995 Y20.439954874999994 F300
G1 X18.83067532040342 Y20.467001853353484 F300
G1 X18.683097296874998 Y20.495524140624998 F300
G1 X18.589106523486425 Y20.51935558622696 F300
G1 X18.52157937633203 Y20.541833867590892 F300
G1 X18.476308999999997 Y20.562516 F300
G0 X21.086792999999997 Y20.939383999999997
G1 X21.227782099162713 Y20.992828285073646 F300
G1 X21.37504823067715 Y21.059373558297402 F300
G1 X21.52816085648148 Y21.139124898148147 F300
G1 X21.677049869085963 Y21.226282898225318 F300
G1 X21.828426898816677 Y21.324137571405323 F300
G1 X21.981545851851852 Y21.432347518518522 F300
G1 X22.13035402909663 Y21.54637420240141 F300
G1 X22.27772021540085 Y21.668085029272742 F300
G1 X22.422800124999995 Y21.796848749999995 F300
G1 X22.563285175808385 Y21.93061720093201 F300
G1 X22.698538269225814 Y22.068730532403666 F300
G1 X22.827775814814814 Y22.21042548148148 F300
G1 X22.951689334952533 Y22.356773039407926 F300
G1 X23.066728484783866 Y22.50384001947789 F300
G1 X23.17232506018518 Y22.650874601851847 F300
G1 X23.27124304545532 Y22.802523930129475 F300
G1 X23.357965349447692 Y22.95108597577353 F300
G1 X23.432299999999998 Y23.095992999999996 F300
G1 X23.513915491579304 Y23.278719327342003 F300
G1 X23.584548650493712 Y23.460341265038338 F300
G1 X23.644704572170017 Y23.640727406407976 F300
G1 X23.694834745650805 Y23.819771481572324 F300
G1 X23.735337664723033 Y23.997387376093293 F300
G1 X23.767424976874914 Y24.179221123885323 F300
G1 X23.789864626485606 Y24.35863387403888 F300
G1 X23.803036929028014 Y24.53553876304821 F300
G1 X23.80727110061261 Y24.70986101216123 F300
G1 X23.802846379008745 Y24.881532661807576 F300
G1 X23.789582169005453 Y25.05451550515739 F300
G1 X23.767803967912148 Y25.223746644262857 F300
G1 X23.737786264410985 Y25.389163946324057 F300
G1 X23.699754353854086 Y25.550704655718246 F300
G1 X23.65388600874635 Y25.70829980758017 F300
G1 X23.599360675219334 Y25.86438062819673 F300
G1 X23.537315671689637 Y26.01540797988549 F300
G1 X23.467920345411667 Y26.161329239173277 F300
G1 X23.391295621057854 Y26.30207635900036 F300
G1 X23.307516419825074 Y26.437559763848398 F300
G1 X23.21594014551196 Y26.568570982435457 F300
G1 X23.117661322804093 Y26.69333445275431 F300
G1 X23.01272186890341 Y26.81177324960907 F300
G1 X22.901116732159423 Y26.923774651105692 F300
G1 X22.78279747813411 Y27.029183481049557 F300
G1 X22.658678239990298 Y27.127053824332055 F300
G1 X22.528350999575856 Y27.21758468521245 F300
G1 X22.39170221895926 Y27.30059817817319 F300
G1 X22.24857797321601 Y27.37585380824192 F300
G1 X22.09878904956268 Y27.443041909620984 F300
G1 X21.946829170259242 Y27.500173343404477 F300
G1 X21.788699637163617 Y27.54877114527941 F300
G1 X21.624138050202628 Y27.588444740502432 F300
G1 X21.452857176953998 Y27.61871438161296 F300
G1 X21.274551 Y27.639005999999995 F300
G1 X21.099915952422233 Y27.648743520521425 F300
G1 X20.908582984375 Y27.650438609374998 F300
G1 X20.71482385121581 Y27.644329828634476 F300
G1 X20.521671875 Y27.631016874999997 F300
G1 X20.331824866897644 Y27.61062224682685 F300
G1 X20.159923078124997 Y27.584783953124997 F300
G1 X19.997336459790965 Y27.55155464374454 F300
G1 X19.869442 Y27.515782999999995 F300
G1 X19.707567317227504 Y27.45623868155358 F300
G1 X19.547565028918843 Y27.385264621182678 F300
G1 X19.3894507649779 Y27.303097242545544 F300
G1 X19.233278576171873 Y27.209913894531244 F300
G1 X19.083220612349884 Y27.108754175872452 F300
G1 X18.936085237451927 Y26.998044970030506 F300
G1 X18.792031438869355 Y26.87804092335974 F300
G1 X18.651252109374997 Y26.748976593749994 F300
G1 X18.51702033691449 Y26.614266822030284 F300
G1 X18.38715440261189 Y26.47218675657616 F300
G1 X18.26187297623503 Y26.323078790841123 F300
G1 X18.141420431640622 Y26.167277246093747 F300
G1 X18.027469180999436 Y26.007164819727844 F300
G1 X17.919408947477105 Y25.842162312183593 F300
G1 X17.817454862264007 Y25.672680685006974 F300
G1 X17.721841375 Y25.499121999999996 F300
G1 X17.63285167180176 Y25.321940599395212 F300
G1 X17.551195070574607 Y25.14254684950164 F300
G1 X17.477040199848645 Y24.961368101890663 F300
G1 X17.410572771484375 Y24.778817003906248 F300
G1 X17.35134919070271 Y24.593107301314042 F300
G1 X17.30072195015016 Y24.40793097062262 F300
G1 X17.25878952170233 Y24.223665608400776 F300
G1 X17.225672453125 Y24.040668406249996 F300
G1 X17.201086142750135 Y23.855302138725023 F300
G1 X17.18610853037966 Y23.673064477486584 F300
G1 X17.18078409405942 Y23.49421190144673 F300
G1 X17.185198251953125 Y23.318982355468744 F300
G1 X17.19997250002301 Y23.143327282876886 F300
G1 X17.225150992306542 Y22.97289292948869 F300
G1 X17.26083456454773 Y22.807772317976635 F300
G1 X17.307208 Y22.648064999999995 F300
G1 X17.379011465835152 Y22.44949869935002 F300
G1 X17.458571866817966 Y22.263859785952004 F300
G1 X17.545406780728033 Y22.090505864322374 F300
G1 X17.639127566680436 Y21.928842195291427 F300
G1 X17.739436040000005 Y21.778328224000003 F300
G1 X17.851400830714407 Y21.632030675311537 F300
G1 X17.969821015397798 Y21.49740541867121 F300
G1 X18.094543196327532 Y21.37399289675799 F300
G1 X18.225501162063082 Y21.261416762685588 F300
G1 X18.36270864 Y21.159390872 F300
G1 X18.50733913163603 Y21.067084593046737 F300
G1 X18.65800011410352 Y20.985477563450015 F300
G1 X18.814831232187796 Y20.914476224176106 F300
G1 X18.978026784837915 Y20.85409378214224 F300
G1 X19.14782572 Y20.80445380799999 F300
G1 X19.318585469090646 Y20.766884989804687 F300
G1 X19.4954732443941 Y20.73996908375925 F300
G1 X19.678751143887233 Y20.724013049026315 F300
G1 X19.86869528350173 Y20.71942576469899 F300
G1 X20.065587200000003 Y20.726717895999997 F300
G1 X20.257168887276013 Y20.744939485841485 F300
G1 X20.454863714254035 Y20.774688929115733 F300
G1 X20.65889526971395 Y20.816553888518406 F300
G1 X20.86947426702132 Y20.871202874743105 F300
G1 X21.086793 Y20.939383999999997 F300
G1 X21.086792999999997 Y20.939383999999997 F300
G0 X28.201133999999996 Y20.783281999999996
G1 X28.015090824349016 Y20.881282645324728 F300
G1 X27.83711663306942 Y20.985624267230087 F300
G1 X27.667005976995554 Y21.09611325295263 F300
G1 X27.50457392565215 Y21.21259263279972 F300
G1 X27.34965824194191 Y21.33494030246542 F300
G1 X27.202121515624995 Y21.463067093750002 F300
G1 X27.05956889371741 Y21.59920137095181 F300
G1 X26.92481125023813 Y21.74081396312502 F300
G1 X26.797739740651537 Y21.887846419794382 F300
G1 X26.67827543583529 Y22.040269330212766 F300
G1 X26.566371230892486 Y22.198079874160413 F300
G1 X26.462013624999994 Y22.36129925 F300
G1 X26.36577449060178 Y22.528956222861183 F300
G1 X26.277309167103116 Y22.701568523668033 F300
G1 X26.196642845694605 Y22.87917654367937 F300
G1 X26.12383666551581 Y23.061838472718616 F300
G1 X26.058988973172795 Y23.249627550673562 F300
G1 X26.002236421874997 Y23.442629281249992 F300
G1 X25.954929522092424 Y23.63562187033937 F300
G1 X25.915748526245522 Y23.83323535694415 F300
G1 X25.88486187560855 Y24.035556445773057 F300
G1 X25.862475358451633 Y24.242677902448307 F300
G1 X25.848832694985006 Y24.4546959992544 F300
G1 X25.844215999999996 Y24.671707999999995 F300
G1 X25.84952307618378 Y24.927158655202156 F300
G1 X25.865123968390456 Y25.166760362316626 F300
G1 X25.890569138073175 Y25.391777279815543 F300
G1 X25.925455453124993 Y25.603398093749995 F300
G1 X25.962484128028542 Y25.774472150262408 F300
G1 X26.00612362923786 Y25.93777311723624 F300
G1 X26.056292008474117 Y26.093862418554114 F300
G1 X26.112942238982072 Y26.243269650755288 F300
G1 X26.176064124999996 Y26.386493499999993 F300
G1 X26.247448481433697 Y26.527256967746307 F300
G1 X26.32597193957764 Y26.662898915325925 F300
G1 X26.41181279559054 Y26.793807868476645 F300
G1 X26.50519279513366 Y26.92034442542704 F300
G1 X26.606377484375 Y27.042842656249995 F300
G1 X26.71282667231545 Y27.15866949121327 F300
G1 X26.827644946496864 Y27.271527260520124 F300
G1 X26.95125505966617 Y27.381624186678657 F300
G1 X27.08411769247129 Y27.489153125953713 F300
G1 X27.226730999999997 Y27.594293999999994 F300
G1 X27.369896604688606 Y27.692882346502145 F300
G1 X27.493392370370373 Y27.772423421296292 F300
G1 X27.614621530492435 Y27.84261111320776 F300
G1 X27.72765296296296 Y27.89861137037037 F300
G1 X27.842746340646563 Y27.944841418803065 F300
G1 X27.96241 Y27.981411874999992 F300
G1 X28.08744425252709 Y28.008711145051585 F300
G1 X28.230560703703702 Y28.02937896296296 F300
G1 X28.38230645727254 Y28.04264113743885 F300
G1 X28.565002296296292 Y28.05106666203703 F300
G1 X28.76032050828511 Y28.054668202369598 F300
G1 X28.998631999999997 Y28.055028999999994 F300
G1 X29.256695182753067 Y28.049436284630705 F300
G1 X29.493867506579445 Y28.03501497269336 F300
G1 X29.712740408000005 Y28.011952584 F300
G1 X29.877226491287203 Y27.987255796265664 F300
G1 X30.033802979856663 Y27.95693110415696 F300
G1 X30.183385002083718 Y27.920934819951462 F300
G1 X30.326833424 Y27.87921015199999 F300
G1 X30.46885758430555 Y27.83023153985556 F300
G1 X30.607173897230513 Y27.774539762077403 F300
G1 X30.742501145683867 Y27.711842387562335 F300
G1 X30.875543335999996 Y27.641811927999996 F300
G1 X31.00425493813698 Y27.565792396068325 F300
G1 X31.133059621760246 Y27.48134859632941 F300
G1 X31.262588879507916 Y27.387887707183772 F300
G1 X31.393502432 Y27.284768135999997 F300
G1 X31.56055449758909 Y27.140865490489418 F300
G1 X31.733953275235635 Y26.97764759073689 F300
G1 X31.915342999999996 Y26.793088999999995 F300
G1 X32.0556295906429 Y26.64104220695275 F300
G1 X32.18298829211493 Y26.4941675320899 F300
G1 X32.29856299200001 Y26.351349048000003 F300
G1 X32.40872192754936 Y26.204193257927503 F300
G1 X32.509089536979204 Y26.05788262118557 F300
G1 X32.60048965599999 Y25.911386583999995 F300
G1 X32.68516702414007 Y25.760946525857182 F300
G1 X32.7627587074176 Y25.606869514129944 F300
G1 X32.833787023999996 Y25.448051095999993 F300
G1 X32.89770095369855 Y25.286198855266214 F300
G1 X32.95670885540967 Y25.116028757473295 F300
G1 X33.011119128 Y24.936192071999997 F300
G1 X33.0589471738271 Y24.754657003395376 F300
G1 X33.10355153000707 Y24.560037061603563 F300
G1 X33.145149999999994 Y24.350658999999993 F300
G1 X33.181693980692444 Y24.11812822571599 F300
G1 X33.20516254303532 Y23.88894734465863 F300
G1 X33.21608913375078 Y23.663344884832906 F300
G1 X33.214926888 Y23.441529976 F300
G1 X33.20162194520839 Y23.21877186918391 F300
G1 X33.17655076273266 Y23.00158691289705 F300
G1 X33.14014734809599 Y22.79015183217935 F300
G1 X33.092764783999996 Y22.584640647999997 F300
G1 X33.033334314967256 Y22.38108251426163 F300
G1 X32.9633990804041 Y22.185247306661665 F300
G1 X32.88327904623762 Y21.99725596801189 F300
G1 X32.79320773599999 Y21.81724943199999 F300
G1 X32.712634533981166 Y21.676713403386035 F300
G1 X32.62603816467002 Y21.54232840773456 F300
G1 X32.53350714158082 Y21.4141368122161 F300
G1 X32.4350904935488 Y21.29220218512127 F300
G1 X32.33079979199999 Y21.176614743999995 F300
G1 X32.21983026516453 Y21.066766368021142 F300
G1 X32.10334272865511 Y20.9640710258538 F300
G1 X31.98128821297809 Y20.86861427460772 F300
G1 X31.853577584387317 Y20.780527668879856 F300
G1 X31.720084999999994 Y20.699994999999994 F300
G1 X31.611751062268468 Y20.643729233332383 F300
G1 X31.49481034709359 Y20.591924912445535 F300
G1 X31.369291302210367 Y20.54471516082106 F300
G1 X31.235239254629626 Y20.502279074074075 F300
G1 X31.05495999581837 Y20.456102592655988 F300
G1 X30.86360632427999 Y20.41867521350296 F300
G1 X30.661842370370373 Y20.39033559259259 F300
G1 X30.458880782448453 Y20.37204349734031 F300
G1 X30.249865634860928 Y20.362974116010243 F300
G1 X30.035813874999995 Y20.363314499999998 F300
G1 X29.82194584934455 Y20.37301238712231 F300
G1 X29.60731926945567 Y20.392020106907534 F300
G1 X29.393073296296294 Y20.42036574074074 F300
G1 X29.180324955421213 Y20.45811850610557 F300
G1 X28.972128854116626 Y20.50491242733227 F300
G1 X28.769540162037032 Y20.560639259259254 F300
G1 X28.57013752435953 Y20.626475970812734 F300
G1 X28.380409290844998 Y20.700755413631313 F300
G1 X28.201133999999993 Y20.783284999999996 F300
G1 X28.201133999999996 Y20.783281999999996 F300
G0 X31.069208999999997 Y20.857171999999995
G1 X31.186488818344635 Y20.906123911453843 F300
G1 X31.302371077725976 Y20.96346055187775 F300
G1 X31.416768452920387 Y21.029016246961827 F300
G1 X31.52956111574074 Y21.102664652777772 F300
G1 X31.673051976645297 Y21.209968599444135 F300
G1 X31.811897338311834 Y21.329408318176984 F300
G1 X31.945630925925926 Y21.46051822222222 F300
G1 X32.07105942406975 Y21.599761496185305 F300
G1 X32.189396212068004 Y21.748021585797556 F300
G1 X32.300110624999995 Y21.904675624999996 F300
G1 X32.40163268366547 Y22.067472016011003 F300
G1 X32.49365652851323 Y22.235839617154106 F300
G1 X32.5756924074074 Y22.409079777777777 F300
G1 X32.64729131939621 Y22.586812401306176 F300
G1 X32.707216658560384 Y22.76656162008748 F300
G1 X32.75506846759259 Y22.947673597222217 F300
G1 X32.78302325922305 Y23.08558330399245 F300
G1 X32.80341184084314 Y23.222812583586258 F300
G1 X32.816103738905994 Y23.35915092182759 F300
G1 X32.820930999999995 Y23.494399999999995 F300
G1 X32.81648141881678 Y23.682597887983057 F300
G1 X32.800971033703945 Y23.87401746371581 F300
G1 X32.77456441009734 Y24.068347644958376 F300
G1 X32.73737906481482 Y24.265252458333332 F300
G1 X32.69087373999351 Y24.459155865313566 F300
G1 X32.63468714848706 Y24.653401930593894 F300
G1 X32.56904441521666 Y24.847542210073513 F300
G1 X32.494145851851854 Y25.041104333333337 F300
G1 X32.41139755993692 Y25.2309252449731 F300
G1 X32.32063967744821 Y25.417887729005226 F300
G1 X32.22218266840739 Y25.601499533603246 F300
G1 X32.11631525 Y25.781253874999997 F300
G1 X32.00319565058309 Y25.956790557145943 F300
G1 X31.884029151853372 Y26.126222838441073 F300
G1 X31.759176771100133 Y26.289108684749905 F300
G1 X31.628971148148143 Y26.44499933333333 F300
G1 X31.491513048220426 Y26.595748834851804 F300
G1 X31.35017540270362 Y26.737313964185127 F300
G1 X31.205302292546627 Y26.86938402103002 F300
G1 X31.05719743518518 Y26.991638958333326 F300
G1 X30.901825138765332 Y27.106753528236865 F300
G1 X30.74471087950415 Y27.210038508130744 F300
G1 X30.586073123277394 Y27.301341880249424 F300
G1 X30.426077999999993 Y27.380470999999996 F300
G1 X30.25422956082381 Y27.45329791293037 F300
G1 X30.084832957910066 Y27.515001480804962 F300
G1 X29.917878639513493 Y27.566214776068662 F300
G1 X29.753335960177175 Y27.607505327491037 F300
G1 X29.591157489711925 Y27.639376377229077 F300
G1 X29.424826991757733 Y27.663015246109655 F300
G1 X29.261433972215062 Y27.677323848714796 F300
G1 X29.100941556782235 Y27.682741959563256 F300
G1 X28.943306346872163 Y27.679650627054542 F300
G1 X28.78848302880658 Y27.668374240054867 F300
G1 X28.594634930926944 Y27.642470575942955 F300
G1 X28.406210321461877 Y27.604305577202226 F300
G1 X28.22317212545406 Y27.554399077375184 F300
G1 X28.045504222222217 Y27.49315618518519 F300
G1 X27.871717429993492 Y27.420184606145483 F300
G1 X27.70444595491756 Y27.336707026203655 F300
G1 X27.5437340882318 Y27.243040666801587 F300
G1 X27.389670674897115 Y27.13941380932784 F300
G1 X27.242473071770227 Y27.02603495491932 F300
G1 X27.10309746294455 Y26.90370519617382 F300
G1 X26.971682770458578 Y26.772602848575975 F300
G1 X26.848431991769544 Y26.63283870919067 F300
G1 X26.734494263057712 Y26.485670369164946 F300
G1 X26.629800508588158 Y26.330959871155297 F300
G1 X26.534602743395237 Y26.16877187818736 F300
G1 X26.449237777777775 Y25.99912248148148 F300
G1 X26.37526064680336 Y25.824898716693795 F300
G1 X26.312023129010505 Y25.64432840401813 F300
G1 X26.25994054838784 Y25.45737049743046 F300
G1 X26.21953763786008 Y25.26395672290809 F300
G1 X26.196574893847924 Y25.108843357802307 F300
G1 X26.181471487270173 Y24.950256721566973 F300
G1 X26.17454646205545 Y24.78813495407536 F300
G1 X26.176173091462932 Y24.622414231968683 F300
G1 X26.186781176954725 Y24.45303303017832 F300
G1 X26.205841208062093 Y24.287119057094586 F300
G1 X26.234017621478934 Y24.118133019840585 F300
G1 X26.271796288844293 Y23.945998833549652 F300
G1 X26.31972559679942 Y23.7706518670737 F300
G1 X26.378417999999993 Y23.592042999999993 F300
G1 X26.46373794688738 Y23.37189325700096 F300
G1 X26.55970861732743 Y23.158837368022454 F300
G1 X26.6657853511168 Y22.952856348525312 F300
G1 X26.781489717201165 Y22.753957055393588 F300
G1 X26.907460825828636 Y22.56063829720659 F300
G1 X27.041710102433797 Y22.375554351870573 F300
G1 X27.18375177690741 Y22.1987421738016 F300
G1 X27.333149247813402 Y22.030267932944604 F300
G1 X27.491012120054084 Y21.868765666947123 F300
G1 X27.654677892409254 Y21.71681864310145 F300
G1 X27.823694695938507 Y21.574475056151634 F300
G1 X27.997652160349844 Y21.441815556851306 F300
G1 X28.178584707014036 Y21.317386326201426 F300
G1 X28.36275474413915 Y21.203822092328476 F300
G1 X28.549764316920918 Y21.101150463177596 F300
G1 X28.739254023323607 Y21.009439851311953 F300
G1 X28.9341862374642 Y20.927524241328992 F300
G1 X29.12984857992289 Y20.85762348984195 F300
G1 X29.325944379381603 Y20.79975098416813 F300
G1 X29.522210405247804 Y20.753980740524778 F300
G1 X29.68187838573685 Y20.72576211221751 F300
G1 X29.840645670947943 Y20.705833958994205 F300
G1 X29.99843184625466 Y20.6942249720256 F300
G1 X30.15516502342143 Y20.691003075861985 F300
G1 X30.310776874635557 Y20.696278148688044 F300
G1 X30.466265214565077 Y20.7103318694149 F300
G1 X30.619868802584282 Y20.733255259022265 F300
G1 X30.771577165786624 Y20.765209679260387 F300
G1 X30.92136975224266 Y20.806418986370996 F300
G1 X31.069208999999994 Y20.857172 F300
G1 X31.069208999999997 Y20.857171999999995 F300
G0 X14.901438999999996 Y26.908012999999997
G1 X14.885523516244298 Y26.943545904627683 F300
G1 X14.871652360232577 Y27.000048074069998 F300
G1 X14.861232212827986 Y27.083020510204083 F300
G1 X14.855752251279208 Y27.213386612580777 F300
G1 X14.858968376093292 Y27.38346304081632 F300
G1 X14.870028656310721 Y27.563713972640354 F300
G1 X14.889199419825065 Y27.768542306122445 F300
G1 X14.914565818167349 Y27.978331290760394 F300
G1 X14.946477274052473 Y28.19746002040816 F300
G1 X14.98371286687857 Y28.41646728400661 F300
G1 X15.025353868804661 Y28.62941789795918 F300
G1 X15.072010514426175 Y28.837196897283917 F300
G1 X15.120381134110783 Y29.02361765306122 F300
G1 X15.17413673346906 Y29.199443836003738 F300
G1 X15.226110999999996 Y29.339260999999993 F300
G1 X15.315161456431042 Y29.53759242215613 F300
G1 X15.414180739119518 Y29.728766349962786 F300
G1 X15.522971317620954 Y29.9129397566538 F300
G1 X15.641400039817537 Y30.090235995122338 F300
G1 X15.769393687499997 Y30.2607401875 F300
G1 X15.906430300315675 Y30.423926884742574 F300
G1 X16.052464681023427 Y30.579888355201717 F300
G1 X16.207474343310466 Y30.72863920146351 F300
G1 X16.37148122143893 Y30.870149971114152 F300
G1 X16.544546749999995 Y31.004343749999997 F300
G1 X16.72302083914868 Y31.128624792217177 F300
G1 X16.909768641042263 Y31.245212909441225 F300
G1 X17.104861423512112 Y31.353974133324677 F300
G1 X17.308395865654244 Y31.454726375872564 F300
G1 X17.520489437499997 Y31.5472371875 F300
G1 X17.734186199411752 Y31.628709274778497 F300
G1 X17.955492361023154 Y31.7016710129288 F300
G1 X18.18451053199074 Y31.765855829901028 F300
G1 X18.42135365068429 Y31.820948955161235 F300
G1 X18.666140999999996 Y31.866585999999998 F300
G1 X18.860607471469123 Y31.895286138878106 F300
G1 X19.053799370171046 Y31.917742794062516 F300
G1 X19.244522995370367 Y31.934202851851854 F300
G1 X19.435793863640008 Y31.9450752251465 F300
G1 X19.619993389640445 Y31.95012647217395 F300
G1 X19.79612862962963 Y31.949756814814815 F300
G1 X19.972608662822623 Y31.943882594712655 F300
G1 X20.13605501778971 Y31.932948827077887 F300
G1 X20.286002874999994 Y31.917521999999998 F300
G1 X20.43586407007848 Y31.895832418000595 F300
G1 X20.56671152096445 Y31.87033195285511 F300
G1 X20.679190703703703 Y31.841772518518518 F300
G1 X20.78991050941749 Y31.804839039814105 F300
G1 X20.876086718383373 Y31.76624127486904 F300
G1 X20.940737087962958 Y31.72678248148148 F300
G1 X20.98424749785272 Y31.689564398613136 F300
G1 X21.013304641141886 Y31.652585553645842 F300
G1 X21.030093941165354 Y31.61533445394681 F300
G1 X21.035686999999996 Y31.576825999999997 F300
G1 X21.030119549817684 Y31.512142947619264 F300
G1 X21.012259696840236 Y31.435723037864705 F300
G1 X20.980076605156675 Y31.34582662962029 F300
G1 X20.931272244928618 Y31.240760416979708 F300
G1 X20.858409273182108 Y31.11060495685179 F300
G1 X20.762433595532205 Y30.961804840196397 F300
G1 X20.641305885048826 Y30.793414195341843 F300
G1 X20.514219835300327 Y30.630687004698007 F300
G1 X20.367449804433285 Y30.454445454477888 F300
G1 X20.200704778362127 Y30.264978217129972 F300
G1 X19.939086800048813 Y29.984221490362316 F300
G1 X19.644385782870014 Y29.685643364387676 F300
G1 X19.336153286260107 Y29.388592931396808 F300
G1 X19.007265756574004 Y29.08560051915852 F300
G1 X18.66956512615251 Y28.787462903728617 F300
G1 X18.324261557475577 Y28.495040563486096 F300
G1 X17.974450515872977 Y28.21115256569456 F300
G1 X17.630290043576252 Y27.94415437941397 F300
G1 X17.285654475649206 Y27.689829676024345 F300
G1 X16.960268072877533 Y27.463132848985722 F300
G1 X16.74196544219853 Y27.31948401647282 F300
G1 X16.538097425640395 Y27.192525752773445 F300
G1 X16.349112503380912 Y27.08216685424492 F300
G1 X16.15559255084451 Y26.9780620011477 F300
G1 X15.983389172371691 Y26.894953596057945 F300
G1 X15.8317401930879 Y26.831447277235156 F300
G1 X15.711420056264483 Y26.789616895246827 F300
G1 X15.60753786926325 Y26.76170674050498 F300
G1 X15.51860410418342 Y26.746067577953543 F300
G1 X15.443067999999997 Y26.741164999999995 F300
G1 X15.322220810839882 Y26.74724278558018 F300
G1 X15.208057444444444 Y26.764029 F300
G1 X15.13366805248371 Y26.78132745032313 F300
G1 X15.068652330430917 Y26.801589249085954 F300
G1 X15.01347222222222 Y26.82397033333333 F300
G1 X14.961012049867554 Y26.852395443013414 F300
G1 X14.92438567335738 Y26.88055654479264 F300
G1 X14.901438999999996 Y26.908012999999997 F300
G0 X16.421852999999995 Y27.624188999999998
G1 X16.614791761251915 Y27.750224806097794 F300
G1 X16.842144015 Y27.910278363 F300
G1 X17.076163177715312 Y28.08429308364154 F300
G1 X17.333758919999998 Y28.28406350400001 F300
G1 X17.59506472946106 Y28.49379658330025 F300
G1 X17.869492604999994 Y28.720560800999998 F300
G1 X18.144453131322148 Y28.95370448190093 F300
G1 X18.422139959999992 Y29.194786632000003 F300
G1 X18.697168933144802 Y29.439016437949107 F300
G1 X18.964495874999997 Y29.681757375 F300
G1 X19.225813880887756 Y29.9245665611253 F300
G1 X19.469355239999995 Y30.156489408000002 F300
G1 X19.70320911043585 Y30.385421906017157 F300
G1 X19.909512944999992 Y30.593999108999995 F300
G1 X20.102165587860917 Y30.796743229848797 F300
G1 X20.257763879999995 Y30.969302856 F300
G1 X20.395221448447703 Y31.133754978194542 F300
G1 X20.486902934999996 Y31.257417026999995 F300
G1 X20.537993931135272 Y31.34054095028356 F300
G1 X20.562869276508778 Y31.39688713662107 F300
G1 X20.569724999999995 Y31.433358 F300
G1 X20.56526364837252 Y31.45175392592743 F300
G1 X20.550855614476266 Y31.469480491827746 F300
G1 X20.523227713051867 Y31.487297793397175 F300
G1 X20.47737834693877 Y31.50497672011662 F300
G1 X20.416206640261247 Y31.519935489047743 F300
G1 X20.333776886361623 Y31.5328365488931 F300
G1 X20.22732695918367 Y31.542817801749266 F300
G1 X20.06229223563551 Y31.54965401472736 F300
G1 X19.861467979591833 Y31.549082912536438 F300
G1 X19.65175503874319 Y31.541248302308546 F300
G1 X19.421698551020405 Y31.525973720116617 F300
G1 X19.188055245890624 Y31.504183754641673 F300
G1 X18.949915816326524 Y31.475691892128282 F300
G1 X18.71339309096991 Y31.440769679709952 F300
G1 X18.488016918367343 Y31.400439096209908 F300
G1 X18.269641433982454 Y31.353127994128343 F300
G1 X18.077899 Y31.302417 F300
G1 X17.88292550922469 Y31.23858198933374 F300
G1 X17.69238293055847 Y31.16311480977987 F300
G1 X17.50630940620377 Y31.07639041010138 F300
G1 X17.324775652777774 Y30.978710328703706 F300
G1 X17.14908347292977 Y30.871087444915062 F300
G1 X16.979042130363805 Y30.753734734787184 F300
G1 X16.814792206372825 Y30.62696247653462 F300
G1 X16.656511555555554 Y30.491035296296296 F300
G1 X16.50554024280285 Y30.347301203217995 F300
G1 X16.361715298887482 Y30.195835037856362 F300
G1 X16.225233000679772 Y30.03693878113326 F300
G1 X16.096328124999992 Y29.870882874999996 F300
G1 X15.975827936014785 Y29.698740338824564 F300
G1 X15.864029851624775 Y29.52097949555554 F300
G1 X15.761150025233531 Y29.33789187886736 F300
G1 X15.667446777777771 Y29.14974403703704 F300
G1 X15.58334975766491 Y28.957090399161583 F300
G1 X15.509428589220722 Y28.760937115004808 F300
G1 X15.445913859092503 Y28.561533632121062 F300
G1 X15.39308893055555 Y28.35910975462963 F300
G1 X15.351338251711041 Y28.15412996246608 F300
G1 X15.321114272344786 Y27.94758346874776 F300
G1 X15.30270588336502 Y27.739642574978312 F300
G1 X15.296475999999995 Y27.530471 F300
G1 X15.298882172994468 Y27.422832781197613 F300
G1 X15.306256455753989 Y27.33929512943857 F300
G1 X15.318443047999997 Y27.275813912000004 F300
G1 X15.334399791468801 Y27.229915581319887 F300
G1 X15.354302760170325 Y27.195895887075473 F300
G1 X15.37835508857435 Y27.171412378439605 F300
G1 X15.407392223999995 Y27.154978376000003 F300
G1 X15.439488310793013 Y27.146624104781 F300
G1 X15.479912071305318 Y27.145101699211832 F300
G1 X15.53154818717844 Y27.152291033061264 F300
G1 X15.597895575999994 Y27.170843383999998 F300
G1 X15.680599815267144 Y27.202940639619328 F300
G1 X15.787391430988107 Y27.253215942952068 F300
G1 X15.924525151999998 Y27.326287928 F300
G1 X16.137346941313577 Y27.44984925836671 F300
G1 X16.421852999999995 Y27.624191 F300
G1 X16.421852999999995 Y27.624188999999998 F300
G0 X33.212121999999994 Y27.350734999999997
G1 X32.97198124873621 Y27.514166895455965 F300
G1 X32.724881705015925 Y27.689897500898127 F300
G1 X32.471937462890615 Y27.877081148437494 F300
G1 X32.09736926462521 Y28.16684451268563 F300
G1 X31.722313390624993 Y28.471223499999994 F300
G1 X31.353822148925776 Y28.783854231949658 F300
G1 X30.99813309179687 Y29.098711414062496 F300
G1 X30.653164819420326 Y29.41732828375336 F300
G1 X30.334279874999993 Y29.725094249999994 F300
G1 X30.03069178130064 Y30.03249488400201 F300
G1 X29.765637048828115 Y30.315921367187492 F300
G1 X29.597012856183895 Y30.506253770015064 F300
G1 X29.451081535998682 Y30.679871830701646 F300
G1 X29.32708792187499 Y30.836742125 F300
G1 X29.208713215083677 Y30.999108324513912 F300
G1 X29.118571898667952 Y31.13728911010902 F300
G1 X29.053515802734367 Y31.2531058828125 F300
G1 X29.010511859672555 Y31.34812175977914 F300
G1 X28.986281402326988 Y31.423966376547188 F300
G1 X28.97706579722804 Y31.48376405701486 F300
G1 X28.979803999999994 Y31.530561999999996 F300
G1 X28.994187536571623 Y31.575880551007042 F300
G1 X29.01957952822516 Y31.61926507961994 F300
G1 X29.056886829573624 Y31.661392692564675 F300
G1 X29.107674242187493 Y31.702581175781248 F300
G1 X29.18180778977514 Y31.74690468674855 F300
G1 X29.276301249543554 Y31.788942594550964 F300
G1 X29.393392062499995 Y31.827996968749993 F300
G1 X29.512556847369567 Y31.85820642609805 F300
G1 X29.64891932095824 Y31.884533010031998 F300
G1 X29.802879101562493 Y31.90636315234374 F300
G1 X29.957020693524097 Y31.92163504368433 F300
G1 X30.123598172986743 Y31.93205833719275 F300
G1 X30.302056999999994 Y31.937233499999994 F300
G1 X30.572028779224134 Y31.934797543877604 F300
G1 X30.856847398437495 Y31.920161785156246 F300
G1 X31.143847364904737 Y31.893576193865858 F300
G1 X31.433171937499992 Y31.854701781249993 F300
G1 X31.62523174618325 Y31.82185485069815 F300
G1 X31.813530345410904 Y31.783738558557637 F300
G1 X31.996952257812495 Y31.740407261718744 F300
G1 X32.178757728896336 Y31.690628120642526 F300
G1 X32.35141081708111 Y31.636045961686563 F300
G1 X32.514109999999995 Y31.576831999999996 F300
G1 X32.69096977847954 Y31.50250970953473 F300
G1 X32.862291416282666 Y31.420001570235677 F300
G1 X33.02814957034681 Y31.32954424378992 F300
G1 X33.188598795891295 Y31.23132998077383 F300
G1 X33.34367024800001 Y31.125510176000002 F300
G1 X33.493584343364475 Y31.012027266724093 F300
G1 X33.63753579511178 Y30.89159442409286 F300
G1 X33.775523502559146 Y30.764355489682917 F300
G1 X33.907520457597265 Y30.630423407370465 F300
G1 X34.033471104 Y30.489883808 F300
G1 X34.15247215603324 Y30.343850323078247 F300
G1 X34.26487396898358 Y30.192020219637968 F300
G1 X34.370605729385346 Y30.034486188633323 F300
G1 X34.469566949369316 Y29.871320714816125 F300
G1 X34.56162533599999 Y29.70257955199999 F300
G1 X34.64558257446888 Y29.530548667221375 F300
G1 X34.722176065980996 Y29.35384133954058 F300
G1 X34.791269765875896 Y29.172519396953767 F300
G1 X34.852694403646254 Y28.986633001281106 F300
G1 X34.906245712 Y28.796224063999997 F300
G1 X34.95095075070823 Y28.604817543785803 F300
G1 X34.98745026197875 Y28.409798175919697 F300
G1 X35.0155361081097 Y28.211205553163197 F300
G1 X35.034962595563286 Y28.00907559594148 F300
G1 X35.045444999999994 Y27.803443999999995 F300
G1 X35.07348499999999 Y26.818720999999996 F300
G1 X34.60814299999999 Y26.775520999999998 F300
G1 X34.52720332378803 Y26.771954094291665 F300
G1 X34.44081922456602 Y26.776374934990596 F300
G1 X34.3476503291551 Y26.789725890468915 F300
G1 X34.24621062962963 Y26.813163925925924 F300
G1 X34.11608505095477 Y26.854772301979644 F300
G1 X33.967010121464995 Y26.915474318440907 F300
G1 X33.794872703703696 Y26.99913107407407 F300
G1 X33.627460884890986 Y27.09120196016731 F300
G1 X33.43469271977182 Y27.207102223506553 F300
G1 X33.212118999999994 Y27.35073 F300
G1 X33.212121999999994 Y27.350734999999997 F300
G0 X34.61498699999999 Y28.378316999999996
G1 X34.5853704109174 Y28.544333947026683 F300
G1 X34.547012203015576 Y28.707057173149654 F300
G1 X34.50016657543562 Y28.866576870857138 F300
G1 X34.44503675829714 Y29.022971091200645 F300
G1 X34.381778486880464 Y29.176302204081633 F300
G1 X34.29176560426328 Y29.36310138195212 F300
G1 X34.18993454335939 Y29.544424469632247 F300
G1 X34.07652061071741 Y29.7202770022547 F300
G1 X33.9516842419825 Y29.890616061224485 F300
G1 X33.81750805784352 Y30.05307326334301 F300
G1 X33.67308927357419 Y30.209176051187956 F300
G1 X33.51858543704314 Y30.35879150676689 F300
G1 X33.35411134985421 Y30.501734938775503 F300
G1 X33.18294861120406 Y30.635397257287085 F300
G1 X33.00319063608133 Y30.761511768926866 F300
G1 X32.81498780015103 Y30.879850780609363 F300
G1 X32.618466895043724 Y30.99013520408163 F300
G1 X32.41750047429726 Y31.090270492017034 F300
G1 X32.20968966508626 Y31.18154461399254 F300
G1 X31.995193295179632 Y31.26366655437559 F300
G1 X31.774157962099117 Y31.336293224489793 F300
G1 X31.550713434698167 Y31.398027255699787 F300
G1 X31.32219993281472 Y31.449578275068944 F300
G1 X31.08877474731355 Y31.49059884002199 F300
G1 X30.850591635568506 Y31.520685367346932 F300
G1 X30.612166673311933 Y31.539145029799087 F300
G1 X30.370359144417993 Y31.54610929563874 F300
G1 X30.125312052990278 Y31.54115335421493 F300
G1 X29.877174999999994 Y31.523787999999996 F300
G1 X29.334276999999993 Y31.472137999999998 F300
G1 X30.342515999999993 Y30.408813999999996 F300
G1 X30.572324344464 Y30.170744410807963 F300
G1 X30.81003973039088 Y29.932804739341982 F300
G1 X31.05447452 Y29.696067440000004 F300
G1 X31.427655149600874 Y29.348722633136294 F300
G1 X31.80455079999999 Y29.01395808 F300
G1 X32.05962136037899 Y28.79619143411196 F300
G1 X32.310968069504945 Y28.58851735814403 F300
G1 X32.55737171999999 Y28.391723199999994 F300
G1 X32.807665837148036 Y28.199001509326077 F300
G1 X33.04803841798352 Y28.021175153998684 F300
G1 X33.27756416 Y27.858600079999995 F300
G1 X33.51145899444002 Y27.701033722687164 F300
G1 X33.72895465464594 Y27.5629113631186 F300
G1 X33.92975499999999 Y27.443825999999994 F300
G1 X34.60814599999999 Y27.056912999999994 F300
G1 X34.660895999999994 Y27.388663999999995 F300
G1 X34.669113384533865 Y27.463592062624624 F300
G1 X34.67359849999999 Y27.569390265624996 F300
G1 X34.67349453962528 Y27.68338506038748 F300
G1 X34.669185999999996 Y27.816223124999997 F300
G1 X34.661114971034976 Y27.953060884048615 F300
G1 X34.64915099999999 Y28.096689921874997 F300
G1 X34.63363660214442 Y28.240254760953793 F300
G1 X34.614985999999995 Y28.378317999999997 F300
G1 X34.61498699999999 Y28.378316999999996 F300
G0 X23.439950999999994 Y28.427626999999994
G1 X23.339862669224487 Y28.456515517545654 F300
G1 X23.220232359374997 Y28.495722671874997 F300
G1 X23.096973372969515 Y28.53988269966127 F300
G1 X22.965984374999994 Y28.590205874999995 F300
G1 X22.708708453124995 Y28.698583390624997 F300
G1 X22.58635099670399 Y28.755243190923107 F300
G1 X22.479905999999993 Y28.808361999999995 F300
G1 X22.319340339320995 Y28.89879254519663 F300
G1 X22.1775821720959 Y28.991907634257046 F300
G1 X22.052951256590934 Y29.087149143058078 F300
G1 X21.943924091686686 Y29.18410685996804 F300
G1 X21.84913953352769 Y29.282509402332366 F300
G1 X21.759569017476426 Y29.392713112337532 F300
G1 X21.68485686215938 Y29.504000641522843 F300
G1 X21.62383732224154 Y29.616295418714124 F300
G1 X21.575564753879423 Y29.7296382558669 F300
G1 X21.539319084548097 Y29.84416505539358 F300
G1 X21.514134777077622 Y29.963006732064937 F300
G1 X21.50084194381999 Y30.082749170550446 F300
G1 X21.499162131046525 Y30.203567921725842 F300
G1 X21.509022765984064 Y30.3256546686698 F300
G1 X21.530548793002907 Y30.449191699708447 F300
G1 X21.56228035456896 Y30.56866151404568 F300
G1 X21.60501001983177 Y30.68882103224975 F300
G1 X21.659053874225414 Y30.809699530450022 F300
G1 X21.724847210610474 Y30.931273481086144 F300
G1 X21.802932798833815 Y31.053452075801747 F300
G1 X21.886622219904872 Y31.16681251162541 F300
G1 X21.9813372996685 Y31.27967124345475 F300
G1 X22.087544809350874 Y31.391819515165647 F300
G1 X22.205767259764627 Y31.50298190106964 F300
G1 X22.3365752419825 Y31.612808924198244 F300
G1 X22.468668168972336 Y31.712380062322282 F300
G1 X22.611764929770636 Y31.809611795769634 F300
G1 X22.76630332075644 Y31.904121851522554 F300
G1 X22.932746901553173 Y31.995464288160235 F300
G1 X23.11158026239066 Y32.08312498542273 F300
G1 X23.28852677849928 Y32.16045003723999 F300
G1 X23.476261263156545 Y32.233359052250236 F300
G1 X23.675164109707715 Y32.3013495533301 F300
G1 X23.88562747133908 Y32.363859288860226 F300
G1 X24.10805199999999 Y32.42026299999999 F300
G1 X24.297447325380283 Y32.459166303409006 F300
G1 X24.48816767028923 Y32.48840880844547 F300
G1 X24.679929327551555 Y32.50830456325133 F300
G1 X24.87245469921874 Y32.51912443554687 F300
G1 X25.065451078665937 Y32.52109914641073 F300
G1 X25.257662185388256 Y32.51447875460407 F300
G1 X25.448766937340707 Y32.4995531081527 F300
G1 X25.638445031249994 Y32.476579921874986 F300
G1 X25.82738631779387 Y32.44559902834685 F300
G1 X26.013193541757758 Y32.40715120652963 F300
G1 X26.19554482333457 Y32.36154011109482 F300
G1 X26.374119847656246 Y32.30904010351561 F300
G1 X26.551125889161526 Y32.24898121195783 F300
G1 X26.72254921918858 Y32.18273301497165 F300
G1 X26.888121111548866 Y32.11061546280145 F300
G1 X27.047575999999992 Y32.03291562499999 F300
G1 X27.204509984153095 Y31.947678585145688 F300
G1 X27.353482765005122 Y31.857684877008403 F300
G1 X27.494335971476083 Y31.76324237446407 F300
G1 X27.626910339843743 Y31.664617130859362 F300
G1 X27.755315309639474 Y31.558300018771966 F300
G1 X27.873683289696043 Y31.44870854571979 F300
G1 X27.98199796343016 Y31.33606958516807 F300
G1 X28.080219718749994 Y31.220555265624995 F300
G1 X28.171383540365888 Y31.097790166729602 F300
G1 X28.250986134989986 Y30.972959850027923 F300
G1 X28.31907291580639 Y30.846089549759164 F300
G1 X28.375600988281242 Y30.717140673828116 F300
G1 X28.413063630168242 Y30.610313759979796 F300
G1 X28.442485321801964 Y30.502413383950923 F300
G1 X28.46377278361746 Y30.393300096013572 F300
G1 X28.47675009142708 Y30.282814485922525 F300
G1 X28.481150999999993 Y30.17078399999999 F300
G1 X28.474972675223192 Y30.044242527120854 F300
G1 X28.45666780084203 Y29.921021939752713 F300
G1 X28.42640899693225 Y29.80066315629105 F300
G1 X28.38414329384119 Y29.682752476374358 F300
G1 X28.329601074074073 Y29.56693918518518 F300
G1 X28.26579236144691 Y29.458311895008045 F300
G1 X28.19010387425971 Y29.35151886621691 F300
G1 X28.101929420734294 Y29.24645224089537 F300
G1 X28.00053206770116 Y29.14308819978322 F300
G1 X27.885058259259253 Y29.04149281481481 F300
G1 X27.767673950039097 Y28.95124136458387 F300
G1 X27.637538672328134 Y28.86295881873093 F300
G1 X27.493882343682316 Y28.776856158664916 F300
G1 X27.335884831167416 Y28.693210095917973 F300
G1 X27.162682999999994 Y28.612363999999992 F300
G1 X27.092187858584342 Y28.585630963385892 F300
G1 X26.99701558881479 Y28.557584717884495 F300
G1 X26.87390634179687 Y28.528594015624993 F300
G1 X26.68159581532401 Y28.492590750214013 F300
G1 X26.445893484374995 Y28.45775449999999 F300
G1 X26.198022869915626 Y28.428348982402188 F300
G1 X25.92303897851562 Y28.402048484374994 F300
G1 X25.641704457484106 Y28.38067845354576 F300
G1 X25.349737374999997 Y28.36367899999999 F300
G1 X25.05694992697674 Y28.351648379422684 F300
G1 X24.77038322460937 Y28.34484907812499 F300
G1 X24.488416641235457 Y28.343470726294278 F300
G1 X24.229371078124995 Y28.347761749999993 F300
G1 X23.980580305915055 Y28.358443389342927 F300
G1 X23.771095486328118 Y28.374620046874995 F300
G1 X23.63568492278486 Y28.390468912082326 F300
G1 X23.526020758181954 Y28.408325561574824 F300
G1 X23.439950999999994 Y28.427626999999994 F300
G0 X27.034254999999995 Y29.058276999999993
G1 X27.198397455514222 Y29.137627030599933 F300
G1 X27.343988194752345 Y29.217491524811173 F300
G1 X27.4724933229973 Y29.297554516779098 F300
G1 X27.585294566340135 Y29.377575710492053 F300
G1 X27.683682479372884 Y29.457390284143727 F300
G1 X27.768848296875 Y29.536908515624994 F300
G1 X27.853394988907127 Y29.62984475626994 F300
G1 X27.92256707444276 Y29.72218213186193 F300
G1 X27.977725110367878 Y29.814069884421404 F300
G1 X28.019981256479713 Y29.905774340774272 F300
G1 X28.050175446034764 Y29.997665232301706 F300
G1 X28.068854374999997 Y30.09019662499999 F300
G1 X28.07627074746331 Y30.18470375741357 F300
G1 X28.072167723671498 Y30.280577610517476 F300
G1 X28.056266254873492 Y30.378393196858042 F300
G1 X28.02796172290047 Y30.47871562125494 F300
G1 X27.986337442248818 Y30.582073669724657 F300
G1 X27.930183765624996 Y30.68893792187499 F300
G1 X27.86941011721665 Y30.783574602427734 F300
G1 X27.795910065620696 Y30.8811568432443 F300
G1 X27.708483067824282 Y30.98187727729998 F300
G1 X27.605799132840087 Y31.08587181954124 F300
G1 X27.486408025026982 Y31.193217164478632 F300
G1 X27.348746999999996 Y31.303928999999993 F300
G1 X27.158673201884625 Y31.44145705588505 F300
G1 X26.967609048647393 Y31.565238031885222 F300
G1 X26.77557902005841 Y31.67577631311671 F300
G1 X26.5825710489778 Y31.773513622173667 F300
G1 X26.388540359374996 Y31.858826343749996 F300
G1 X26.187828913179985 Y31.93393639031281 F300
G1 X25.986301324802092 Y31.996362200613568 F300
G1 X25.78385220948128 Y32.04636094144197 F300
G1 X25.580354648184365 Y32.084111121254175 F300
G1 X25.375665625 Y32.10971099999999 F300
G1 X25.16979711525404 Y32.12317158273666 F300
G1 X24.96289092808309 Y32.12446417095479 F300
G1 X24.754788269300523 Y32.113523942096165 F300
G1 X24.545331057479054 Y32.09020405439911 F300
G1 X24.334367578124997 Y32.05427615624999 F300
G1 X24.128002613863547 Y32.007047227572414 F300
G1 X23.920377036808553 Y31.947420339174805 F300
G1 X23.711375871506057 Y31.875036982677653 F300
G1 X23.500904106943718 Y31.789467902312833 F300
G1 X23.288890999999996 Y31.69021499999999 F300
G1 X23.093077311348626 Y31.587078264953274 F300
G1 X22.91770839518448 Y31.484107247339495 F300
G1 X22.761346290960645 Y31.381481090575996 F300
G1 X22.622624827563946 Y31.279326899770854 F300
G1 X22.500256203768494 Y31.177717870418977 F300
G1 X22.393038586172782 Y31.076671534888604 F300
G1 X22.299864749999998 Y30.97614837499999 F300
G1 X22.21833676621027 Y30.87416240702781 F300
G1 X22.149488588357297 Y30.772582479175117 F300
G1 X22.092486677231935 Y30.67120953619317 F300
G1 X22.0466373387955 Y30.569787397159917 F300
G1 X22.01139782730752 Y30.468007252836355 F300
G1 X21.986386285692554 Y30.365514051231138 F300
G1 X21.971389806294937 Y30.261914601322854 F300
G1 X21.966369999999998 Y30.15678699999999 F300
G1 X21.972180795906745 Y30.046487622576276 F300
G1 X21.989232382317503 Y29.941777230242646 F300
G1 X22.01715901233454 Y29.841965900015385 F300
G1 X22.055867656741313 Y29.746439012380623 F300
G1 X22.105531225576847 Y29.654676415475155 F300
G1 X22.166575546875 Y29.566269781249993 F300
G1 X22.23409246351155 Y29.486860238839846 F300
G1 X22.31251099042133 Y29.41015571291271 F300
G1 X22.402597063176557 Y29.336110727358246 F300
G1 X22.505242412393958 Y29.264780383301918 F300
G1 X22.621448499101557 Y29.196319911240245 F300
G1 X22.752311374999998 Y29.130982499999988 F300
G1 X22.903620891685385 Y29.06733543800606 F300
G1 X23.072765944296258 Y29.007949586745973 F300
G1 X23.26112309924057 Y28.95336072554372 F300
G1 X23.47012621884439 Y28.904198066836933 F300
G1 X23.701256265625 Y28.86118046874999 F300
G1 X23.920532936244904 Y28.829503055541444 F300
G1 X24.15817393197613 Y28.80364967200652 F300
G1 X24.415154732681753 Y28.78420644362371 F300
G1 X24.69246175630215 Y28.771804407463527 F300
G1 X24.991089 Y28.76711899999999 F300
G1 X25.36927569197122 Y28.770263085374093 F300
G1 X25.682449515625 Y28.780890531249995 F300
G1 X25.884360173816997 Y28.793478533548033 F300
G1 X26.063231448713093 Y28.80980083010352 F300
G1 X26.222538874999998 Y28.82960624999999 F300
G1 X26.381170153979653 Y28.85553071720357 F300
G1 X26.52533988883274 Y28.885664542075787 F300
G1 X26.657694796874996 Y28.91986784374999 F300
G1 X26.78825816751044 Y28.960607873703914 F300
G1 X26.913129685727686 Y29.00667938282404 F300
G1 X27.034254999999998 Y29.05827699999999 F300
G1 X27.034254999999995 Y29.058276999999993 F300
G0 X18.70898 Y32.983270000000005
G1 X18.703282780171715 Y33.02702663793455 F300
G1 X18.685907750675877 Y33.068349698999654 F300
G1 X18.655159728317273 Y33.108595275511384 F300
G1 X18.607770679677678 Y33.1485431568044 F300
G1 X18.53911175 Y33.188405125 F300
G1 X18.45496252934558 Y33.223792733861444 F300
G1 X18.343148470609513 Y33.25884033325681 F300
G1 X18.197479811030238 Y33.29293185289923 F300
G1 X18.010967 Y33.325390000000006 F300
G1 X17.839276874807574 Y33.354244081325554 F300
G1 X17.704807595253527 Y33.38316174166418 F300
G1 X17.600640037037042 Y33.412251407407425 F300
G1 X17.521946032253645 Y33.44097052832151 F300
G1 X17.461013613984036 Y33.4701862797541 F300
G1 X17.414402968827016 Y33.499864549982945 F300
G1 X17.37924062962963 Y33.5300505925926 F300
G1 X17.349262922121245 Y33.566723683204884 F300
G1 X17.328877737614743 Y33.60603192579458 F300
G1 X17.316932393270157 Y33.648961026688795 F300
G1 X17.312955000000002 Y33.696780000000004 F300
G1 X17.30642189310455 Y33.746889654080405 F300
G1 X17.28650112354164 Y33.80030267857699 F300
G1 X17.251983703703708 Y33.85734740740741 F300
G1 X17.209209633219395 Y33.90918447667343 F300
G1 X17.15458239188387 Y33.961560621345384 F300
G1 X17.0876032962963 Y34.013611259259264 F300
G1 X17.016199678519982 Y34.05926640603685 F300
G1 X16.93610010285262 Y34.10148863430699 F300
G1 X16.847614000000004 Y34.139144 F300
G1 X16.762764515237002 Y34.174643147016056 F300
G1 X16.684300206127453 Y34.21401296434307 F300
G1 X16.613085259259265 Y34.25603655555557 F300
G1 X16.544938092446742 Y34.303391476363664 F300
G1 X16.489205374084904 Y34.34958541679278 F300
G1 X16.445554740740747 Y34.39363644444445 F300
G1 X16.408354211496174 Y34.44295008275978 F300
G1 X16.38783839021447 Y34.48551438742679 F300
G1 X16.381292000000002 Y34.522157 F300
G1 X16.37742958742948 Y34.550097602932276 F300
G1 X16.365195582599352 Y34.58385157703472 F300
G1 X16.342899312500002 Y34.62430964062499 F300
G1 X16.300214244679278 Y34.68243207471362 F300
G1 X16.239090500000003 Y34.749156625 F300
G1 X16.16915247047335 Y34.81382034792579 F300
G1 X16.085704437500002 Y34.880896296875 F300
G1 X15.996012005144472 Y34.94399021324497 F300
G1 X15.898580000000003 Y35.003727 F300
G1 X15.78430287965343 Y35.072912919012815 F300
G1 X15.695122577938976 Y35.135341158236805 F300
G1 X15.626725814814822 Y35.19234107407407 F300
G1 X15.578995416003917 Y35.2408313140454 F300
G1 X15.5425578445403 Y35.28718522399011 F300
G1 X15.515734857853214 Y35.332079976679076 F300
G1 X15.497182518518521 Y35.37619892592593 F300
G1 X15.48541264711171 Y35.42309012749526 F300
G1 X15.481105054310833 Y35.47150092732256 F300
G1 X15.484201613380932 Y35.52234156339567 F300
G1 X15.494949000000002 Y35.57659099999999 F300
G1 X15.505295537882953 Y35.63616735469785 F300
G1 X15.506346291140769 Y35.69949985713703 F300
G1 X15.498028259259263 Y35.766325370370375 F300
G1 X15.48135330249381 Y35.83184254582523 F300
G1 X15.456237341801787 Y35.89798992706511 F300
G1 X15.422569740740744 Y35.96406196296296 F300
G1 X15.382191177641156 Y36.02630353756817 F300
G1 X15.334550730337895 Y36.08549568624403 F300
G1 X15.279649000000003 Y36.14077499999999 F300
G1 X15.20195861035548 Y36.21908644922437 F300
G1 X15.13186207407408 Y36.30514477777778 F300
G1 X15.071292248031344 Y36.39585616453546 F300
G1 X15.02645492592593 Y36.48082255555555 F300
G1 X15.003396669409337 Y36.53915003302252 F300
G1 X14.99036739660965 Y36.58873162576907 F300
G1 X14.986248000000003 Y36.629774999999995 F300
G1 X14.981434087456194 Y36.68003906541899 F300
G1 X14.964828984375004 Y36.753836609375 F300
G1 X14.940671103821373 Y36.83268919836705 F300
G1 X14.906509875000003 Y36.926428375 F300
G1 X14.8668917822262 Y37.022415767990424 F300
G1 X14.820197578125 Y37.124710453125 F300
G1 X14.76930504469245 Y37.22639060538911 F300
G1 X14.714799000000003 Y37.32584299999999 F300
G1 X14.648620836452544 Y37.445682531692924 F300
G1 X14.602167996490762 Y37.53952150650956 F300
G1 X14.571523962962969 Y37.61263977777777 F300
G1 X14.54874847607343 Y37.68806098837727 F300
G1 X14.542195490533992 Y37.74263216615298 F300
G1 X14.547078037037041 Y37.78266922222221 F300
G1 X14.558577532465033 Y37.809822154380356 F300
G1 X14.57670804663817 Y37.8322933967642 F300
G1 X14.602315322773533 Y37.851112668296814 F300
G1 X14.637029000000004 Y37.86675199999999 F300
G1 X14.683948021621038 Y37.887741297572816 F300
G1 X14.714493044551055 Y37.910965053313724 F300
G1 X14.732627814814823 Y37.93722562962962 F300
G1 X14.740461628244361 Y37.96802263748869 F300
G1 X14.737692784160497 Y38.0078987541011 F300
G1 X14.720566185185191 Y38.061699703703695 F300
G1 X14.695547459691218 Y38.11360994920345 F300
G1 X14.656073849858952 Y38.18060703469071 F300
G1 X14.598249000000004 Y38.26695399999999 F300
G1 X14.524945763553921 Y38.37893974739305 F300
G1 X14.469041677178632 Y38.47868635792168 F300
G1 X14.42818475263117 Y38.56684349996349 F300
G1 X14.400258962962969 Y38.644219222222226 F300
G1 X14.383096494363345 Y38.713418313356684 F300
G1 X14.375981720548417 Y38.77239929055027 F300
G1 X14.377224666248456 Y38.82244491797015 F300
G1 X14.385583633142872 Y38.86480581635997 F300
G1 X14.400332703703707 Y38.900597111111104 F300
G1 X14.422686885051322 Y38.932209306332574 F300
G1 X14.452143532001674 Y38.9577097055098 F300
G1 X14.489889618429277 Y38.977300715471415 F300
G1 X14.53783596995709 Y38.99031166148085 F300
G1 X14.598458000000004 Y38.99515299999999 F300
G1 X14.67402294367346 Y38.999310024193804 F300
G1 X14.728076985145503 Y39.01040301588981 F300
G1 X14.7656958467303 Y39.0267430835797 F300
G1 X14.79097607407408 Y39.047428555555555 F300
G1 X14.807526722991655 Y39.074721658749446 F300
G1 X14.814359238435273 Y39.10973560759022 F300
G1 X14.809691178606105 Y39.156062065704916 F300
G1 X14.789405259259265 Y39.21831877777777 F300
G1 X14.751516141306062 Y39.2950522511926 F300
G1 X14.688662527491543 Y39.39639833833514 F300
G1 X14.593558000000005 Y39.52891899999999 F300
G1 X14.508559234721952 Y39.64623670753908 F300
G1 X14.450212070062019 Y39.73775203467413 F300
G1 X14.413527250000005 Y39.80881345312499 F300
G1 X14.393268124997546 Y39.86615965128128 F300
G1 X14.386969857824665 Y39.9110930532349 F300
G1 X14.391695117776734 Y39.94711498789577 F300
G1 X14.406173500000007 Y39.977058199999995 F300
G1 X14.42926744740065 Y40.00143037340817 F300
G1 X14.464596223413277 Y40.023456920275805 F300
G1 X14.516259165770833 Y40.042950190352364 F300
G1 X14.589474250000006 Y40.059240821874994 F300
G1 X14.685150879799988 Y40.07101105007408 F300
G1 X14.813273246658296 Y40.078425672817474 F300
G1 X14.981407000000004 Y40.08094889999999 F300
G1 X15.159626182607285 Y40.083624072671256 F300
G1 X15.285219125000003 Y40.091330906249986 F300
G1 X15.363423246892854 Y40.10163286822568 F300
G1 X15.41941777052848 Y40.11456251095394 F300
G1 X15.458706000000003 Y40.129399949999986 F300
G1 X15.492725248575235 Y40.15125604677468 F300
G1 X15.513210651238836 Y40.17625653830829 F300
G1 X15.523534375000004 Y40.205540568749996 F300
G1 X15.524996855371707 Y40.23791041394837 F300
G1 X15.518132713907434 Y40.278549557436875 F300
G1 X15.501371000000004 Y40.33013729999999 F300
G1 X15.483772893675363 Y40.384241684701806 F300
G1 X15.47733098943234 Y40.42528816007829 F300
G1 X15.480306390625005 Y40.456728301562485 F300
G1 X15.488991211070212 Y40.47732881342702 F300
G1 X15.504128291317853 Y40.49523670060097 F300
G1 X15.527798941895501 Y40.510992806480836 F300
G1 X15.563314125000005 Y40.52446981249999 F300
G1 X15.612649227939853 Y40.534658321894305 F300
G1 X15.684310922644993 Y40.54145647323585 F300
G1 X15.786186546875005 Y40.54351811718749 F300
G1 X15.949325024811202 Y40.538543619780974 F300
G1 X16.184716000000005 Y40.52402949999999 F300
G1 X16.40597411600281 Y40.51076099475906 F300
G1 X16.564739796875003 Y40.50643119531249 F300
G1 X16.664543414396626 Y40.50844071129366 F300
G1 X16.737651327293978 Y40.51458804683143 F300
G1 X16.790209875000006 Y40.52376606249999 F300
G1 X16.83972457671318 Y40.540305342578165 F300
G1 X16.86971133008542 Y40.559858248958186 F300
G1 X16.886661015625005 Y40.582030773437495 F300
G1 X16.894338248346116 Y40.60916717008889 F300
G1 X16.892534459236394 Y40.64323368134061 F300
G1 X16.879628000000004 Y40.68722199999999 F300
G1 X16.86503664134851 Y40.73264052995526 F300
G1 X16.8598775904171 Y40.76662915620645 F300
G1 X16.862113011770017 Y40.792115684474524 F300
G1 X16.8705005925926 Y40.811505096296294 F300
G1 X16.884946936260626 Y40.82645554862468 F300
G1 X16.90786541699538 Y40.83821881781627 F300
G1 X16.943064728365215 Y40.84610897592448 F300
G1 X16.99575540740741 Y40.8484723037037 F300
G1 X17.1067991540248 Y40.838773330495954 F300
G1 X17.286948000000002 Y40.80743519999999 F300
G1 X17.420949965747717 Y40.78576888001714 F300
G1 X17.534456000000006 Y40.77643197777777 F300
G1 X17.60861206130593 Y40.77625482038011 F300
G1 X17.66696472862909 Y40.78108647320843 F300
G1 X17.710987333333335 Y40.789620755555546 F300
G1 X17.751363309196265 Y40.80553926787776 F300
G1 X17.77189123342979 Y40.823660592990656 F300
G1 X17.778324 Y40.8441462 F300
G1 X17.782523800498254 Y40.86214734370511 F300
G1 X17.79575703111331 Y40.87962862273673 F300
G1 X17.82061564496166 Y40.89733084327696 F300
G1 X17.861086271484375 Y40.91521481308593 F300
G1 X17.915748894314472 Y40.93124507227394 F300
G1 X17.988846740554667 Y40.945857790437856 F300
G1 X18.082508296875 Y40.9583913984375 F300
G1 X18.227675032893806 Y40.96984224359637 F300
G1 X18.402292892578124 Y40.97555957519532 F300
G1 X18.583940622693383 Y40.97502567750622 F300
G1 X18.780142875000003 Y40.9686029625 F300
G1 X18.97829804009094 Y40.95666291528391 F300
G1 X19.175761060546876 Y40.939405179492184 F300
G1 X19.3702539941166 Y40.916707723470864 F300
G1 X19.548850265625003 Y40.8898498453125 F300
G1 X19.719286583634375 Y40.85694521238492 F300
G1 X19.85911330664063 Y40.82182057910156 F300
G1 X19.948099244023897 Y40.79301259149559 F300
G1 X20.016365972195548 Y40.76468047726395 F300
G1 X20.066253000000003 Y40.737201 F300
G1 X20.17689271983859 Y40.667215543254265 F300
G1 X20.252156640625003 Y40.62421446406249 F300
G1 X20.30069470296593 Y40.601645536304154 F300
G1 X20.334259330462434 Y40.591377637914135 F300
G1 X20.357530625000003 Y40.5895273375 F300
G1 X20.37808142587797 Y40.595336957247675 F300
G1 X20.39320768680522 Y40.60951260414018 F300
G1 X20.404517296875003 Y40.6346572921875 F300
G1 X20.412609451572813 Y40.682498340289314 F300
G1 X20.415259000000002 Y40.761122 F300
G1 X20.420132491071996 Y40.84435961586395 F300
G1 X20.433070967366024 Y40.904128833936916 F300
G1 X20.45209234289337 Y40.945953949299565 F300
G1 X20.476215045093852 Y40.97423232552735 F300
G1 X20.505761966948146 Y40.99187206460426 F300
G1 X20.542433625 Y40.999875900000006 F300
G1 X20.58791842757779 Y40.99734561583492 F300
G1 X20.647206755774107 Y40.98146910805269 F300
G1 X20.72467083054878 Y40.94747754046203 F300
G1 X20.825343840686237 Y40.88943424328755 F300
G1 X20.955041 Y40.800421 F300
G1 X21.010331663853403 Y40.76395466792463 F300
G1 X21.070708453325587 Y40.73134655612051 F300
G1 X21.134933814814822 Y40.70302865925927 F300
G1 X21.233970505904878 Y40.67021466857873 F300
G1 X21.328885518518522 Y40.65073180740741 F300
G1 X21.39228909938612 Y40.6451779498016 F300
G1 X21.44772127784625 Y40.646738548928894 F300
G1 X21.494907 Y40.654852399999996 F300
G1 X21.54185890041114 Y40.66135859940089 F300
G1 X21.597147044992184 Y40.658088513607424 F300
G1 X21.661003 Y40.644096392592594 F300
G1 X21.72289398559397 Y40.62236927517685 F300
G1 X21.78800235263705 Y40.591963558809596 F300
G1 X21.855149666666666 Y40.55279767407407 F300
G1 X21.918615182327883 Y40.50805112573294 F300
G1 X21.979132071974313 Y40.457200012271144 F300
G1 X22.035315 Y40.4007222 F300
G1 X22.099441960845812 Y40.33701248732758 F300
G1 X22.173321953125 Y40.2763743546875 F300
G1 X22.252675202102395 Y40.22175370401217 F300
G1 X22.335156125000005 Y40.174190312499995 F300
G1 X22.419918176015535 Y40.13420558456083 F300
G1 X22.500658734375 Y40.1047398890625 F300
G1 X22.5806734639373 Y40.08520944774422 F300
G1 X22.649671 Y40.0785929 F300
G1 X22.698448835721393 Y40.07376062798579 F300
G1 X22.7523892120429 Y40.05944349247093 F300
G1 X22.81220107221699 Y40.03464616129931 F300
G1 X22.87851035860059 Y39.99811756443149 F300
G1 X22.959887825647993 Y39.94246304840614 F300
G1 X23.048772408823215 Y39.87013893263701 F300
G1 X23.1451222361516 Y39.77999394606414 F300
G1 X23.235922309583465 Y39.6850552189699 F300
G1 X23.33052377698015 Y39.576624042324 F300
G1 X23.42830062099125 Y39.45480419883381 F300
G1 X23.567930174541182 Y39.26384347263081 F300
G1 X23.70683950145773 Y39.05313047667638 F300
G1 X23.83748163516855 Y38.833630303307444 F300
G1 X23.959532865889216 Y38.6055549335277 F300
G1 X24.034912025484395 Y38.450251942647924 F300
G1 X24.10365802375782 Y38.29560779419033 F300
G1 X24.165174702623908 Y38.14265972332361 F300
G1 X24.220576589396128 Y37.98730989071576 F300
G1 X24.266446005259183 Y37.8378481134784 F300
G1 X24.302559000000002 Y37.695026999999996 F300
G1 X24.346059122129176 Y37.491721459208875 F300
G1 X24.376549736000005 Y37.32739389600001 F300
G1 X24.398265625284136 Y37.173077047263234 F300
G1 X24.408103768000004 Y37.044308088 F300
G1 X24.407236714625935 Y36.921167332573894 F300
G1 X24.395169432 Y36.80834023199999 F300
G1 X24.37170551934385 Y36.69757084023433 F300
G1 X24.335695064000006 Y36.582060983999995 F300
G1 X24.2894399375252 Y36.464549437727115 F300
G1 X24.227629000000004 Y36.328041 F300
G1 X24.14728307681672 Y36.17146689519675 F300
G1 X24.065622903592814 Y36.0354565047893 F300
G1 X23.983175015967003 Y35.918227318671555 F300
G1 X23.900309684246956 Y35.81812309345475 F300
G1 X23.817246518518523 Y35.73363585185186 F300
G1 X23.737243120243708 Y35.66586545978308 F300
G1 X23.657542179858442 Y35.61057928669027 F300
G1 X23.578048458452816 Y35.56679255445843 F300
G1 X23.49856436949016 Y35.533721431943306 F300
G1 X23.41880584941522 Y35.51080581112036 F300
G1 X23.338422481481487 Y35.49772914814815 F300
G1 X23.257083517105823 Y35.49443215647554 F300
G1 X23.174735552761952 Y35.50105094212418 F300
G1 X23.090920563177548 Y35.51792445103928 F300
G1 X23.005200826918937 Y35.54568174677511 F300
G1 X22.917185026357323 Y35.58523338651177 F300
G1 X22.826550000000005 Y35.637758 F300
G1 X22.20931930400001 Y36.03406700800001 F300
G1 X21.9894499921528 Y36.16883418166266 F300
G1 X21.87078899200001 Y36.234031824 F300
G1 X21.813548465743686 Y36.25775331159482 F300
G1 X21.789846015080737 Y36.2605588767706 F300
G1 X21.78162937292574 Y36.25454998910729 F300
G1 X21.782261928000004 Y36.23938913599999 F300
G1 X21.79669359745358 Y36.20905307675239 F300
G1 X21.83616468004805 Y36.15131401715379 F300
G1 X21.915040976000007 Y36.051875632 F300
G1 X22.240429000000006 Y35.673227999999995 F300
G1 X22.414266212980163 Y35.46752250394048 F300
G1 X22.54554196875001 Y35.299907484375 F300
G1 X22.62484087131852 Y35.18892882522071 F300
G1 X22.68663194497316 Y35.092985673201625 F300
G1 X22.733682500000008 Y35.009660624999995 F300
G1 X22.774322651468438 Y34.92291704174496 F300
G1 X22.80112639569952 Y34.84710832712363 F300
G1 X22.816577781250007 Y34.77999220312499 F300
G1 X22.82287104399144 Y34.71170757280995 F300
G1 X22.819024240673198 Y34.64842330539356 F300
G1 X22.805955000000004 Y34.588407 F300
G1 X22.755488079875047 Y34.437051753894394 F300
G1 X22.69668197824488 Y34.29414106010439 F300
G1 X22.62955780422351 Y34.15909906793853 F300
G1 X22.554045696465074 Y34.031409125947874 F300
G1 X22.469983010491372 Y33.91061736191169 F300
G1 X22.37711355888189 Y33.796335943298224 F300
G1 X22.275087888888898 Y33.68824581481482 F300
G1 X22.167816710665953 Y33.589813264828656 F300
G1 X22.050945371651366 Y33.4965541929937 F300
G1 X21.9238627520674 Y33.4083999203489 F300
G1 X21.78588304820983 Y33.32534795356833 F300
G1 X21.63624884553449 Y33.24746023300129 F300
G1 X21.47413408397616 Y33.17486068144961 F300
G1 X21.298646777777783 Y33.107732185185185 F300
G1 X21.103692644962234 Y33.044793908690274 F300
G1 X20.892034025884037 Y32.98805380452171 F300
G1 X20.66240856961133 Y32.93793438968002 F300
G1 X20.413485518264253 Y32.89490990491423 F300
G1 X20.143866034563963 Y32.85950122328241 F300
G1 X19.852083000000004 Y32.83227099999999 F300
G1 X19.576059990136343 Y32.81277672261492 F300
G1 X19.36435790400001 Y32.800926335999996 F300
G1 X19.17269249902219 Y32.795029522035755 F300
G1 X19.034768232000005 Y32.79657768799999 F300
G1 X18.948196097769937 Y32.80246238756852 F300
G1 X18.883158007589618 Y32.811559304366256 F300
G1 X18.834733008000004 Y32.82300107199999 F300
G1 X18.788917468382913 Y32.84078061907644 F300
G1 X18.757259866205473 Y32.861184869436244 F300
G1 X18.735671256000007 Y32.88397250399999 F300
G1 X18.72053452845458 Y32.9116360365828 F300
G1 X18.711832052571093 Y32.944276069324765 F300
G1 X18.709002000000005 Y32.983267999999995 F300
G1 X18.70898 Y32.983270000000005 F300
G0 X21.284093 Y33.573786000000005
G1 X21.41983782841625 Y33.644704429784845 F300
G1 X21.558685890624997 Y33.72719689062501 F300
G1 X21.693839625075803 Y33.81676084306492 F300
G1 X21.820974374999995 Y33.909938125000004 F300
G1 X21.940556567440375 Y34.00716022605835 F300
G1 X22.041240921875 Y34.09910629687501 F300
G1 X22.103469840671224 Y34.16321079312557 F300
G1 X22.15272248241273 Y34.2208179164566 F300
G1 X22.189767999999997 Y34.271798000000004 F300
G1 X22.254097890076043 Y34.37270247426015 F300
G1 X22.299679296 Y34.45179338400001 F300
G1 X22.334943717342767 Y34.52737222873728 F300
G1 X22.354183808000002 Y34.59075851200001 F300
G1 X22.35999349393173 Y34.6328114703223 F300
G1 X22.35962413732624 Y34.674350115260005 F300
G1 X22.353022671999994 Y34.716848648 F300
G1 X22.332657274124415 Y34.780965176907486 F300
G1 X22.295937023999997 Y34.858219056 F300
G1 X22.248890064332347 Y34.939292210488055 F300
G1 X22.182667999999996 Y35.043025 F300
G1 X22.122626675374267 Y35.12362521247565 F300
G1 X22.02065383398437 Y35.240921789062504 F300
G1 X21.902989536362387 Y35.365143206959516 F300
G1 X21.754396546874997 Y35.513706875000004 F300
G1 X21.595363406338848 Y35.66647148558139 F300
G1 X21.41726695507812 Y35.832244210937496 F300
G1 X21.233388968770296 Y35.99881748704911 F300
G1 X21.042635874999995 Y36.167397750000006 F300
G1 X20.850337056316427 Y36.33324933673149 F300
G1 X20.66387412304687 Y36.4900314453125 F300
G1 X20.47993730799137 Y36.64030997879145 F300
G1 X20.314352515624996 Y36.771009250000006 F300
G1 X20.155256602621265 Y36.89096728642964 F300
G1 X20.02744186914062 Y36.9811951171875 F300
G1 X19.90928087231728 Y37.05557757995056 F300
G1 X19.836512999999997 Y37.091453 F300
G1 X19.78464028544427 Y37.11693335119273 F300
G1 X19.742318992008055 Y37.14833122223433 F300
G1 X19.708219288 Y37.18444870400001 F300
G1 X19.680700223090916 Y37.226040770889846 F300
G1 X19.6612429783714 Y37.269932217701204 F300
G1 X19.649300024 Y37.315376792 F300
G1 X19.644706685490924 Y37.36217818884187 F300
G1 X19.647581907527208 Y37.40745116104431 F300
G1 X19.657670615999997 Y37.450574528000004 F300
G1 X19.675155231820753 Y37.490955202049165 F300
G1 X19.69955728971335 Y37.52639894624052 F300
G1 X19.731246471999995 Y37.55637917600001 F300
G1 X19.768452563579988 Y37.57863724043095 F300
G1 X19.81341560343712 Y37.59352386932183 F300
G1 X19.867942999999997 Y37.599128 F300
G1 X19.91767490977607 Y37.59485843008097 F300
G1 X19.991694864678593 Y37.579836919914875 F300
G1 X20.095682837962965 Y37.5505681388889 F300
G1 X20.255384824505466 Y37.4961160367144 F300
G1 X20.460754703703703 Y37.416603111111115 F300
G1 X20.67729342167725 Y37.325488542402184 F300
G1 X20.924868625 Y37.21480475 F300
G1 X21.178903296999426 Y37.09549419332534 F300
G1 X21.449734629629628 Y36.96274488888889 F300
G1 X21.722187412155144 Y36.82377238060613 F300
G1 X21.997062745370364 Y36.67799536111111 F300
G1 X22.26876215291816 Y36.52796344430711 F300
G1 X22.528563 Y36.378128000000004 F300
G1 X23.323396 Y35.908892 F300
G1 X23.653139 Y36.259888000000004 F300
G1 X23.733584007491718 Y36.35418237101417 F300
G1 X23.801290671621857 Y36.45205537581791 F300
G1 X23.85695715456811 Y36.55423088183595 F300
G1 X23.901033994669056 Y36.66154624644826 F300
G1 X23.93371351851852 Y36.77495866666668 F300
G1 X23.95406727813907 Y36.88876186718952 F300
G1 X23.96392620918966 Y37.010846072769766 F300
G1 X23.96257779041831 Y37.14249946432506 F300
G1 X23.949090035641493 Y37.28512008962198 F300
G1 X23.92232648148148 Y37.440222000000006 F300
G1 X23.88786362065644 Y37.584176521016616 F300
G1 X23.841474678387055 Y37.74048665517607 F300
G1 X23.781955004687738 Y37.910460802001396 F300
G1 X23.708011765542544 Y38.09550637958684 F300
G1 X23.618268999999998 Y38.297140000000006 F300
G1 X23.511645896902508 Y38.51608898756207 F300
G1 X23.411503075496398 Y38.70362941116879 F300
G1 X23.31780964637199 Y38.862608515525004 F300
G1 X23.230453 Y38.99578114814816 F300
G1 X23.148139318094422 Y39.107195063932544 F300
G1 X23.07224750975127 Y39.19700753781891 F300
G1 X23.002411755337135 Y39.26789176159133 F300
G1 X22.93818867219894 Y39.3223221490603 F300
G1 X22.87905633333333 Y39.362536518518525 F300
G1 X22.821217201745522 Y39.391831725703014 F300
G1 X22.767861558897835 Y39.40917204592462 F300
G1 X22.71809231529167 Y39.41607101126148 F300
G1 X22.67097744675533 Y39.41341741613915 F300
G1 X22.62562262396783 Y39.401399948387464 F300
G1 X22.581259 Y39.379475000000006 F300
G1 X22.547690952151843 Y39.36596209987412 F300
G1 X22.507971557886545 Y39.363043160631705 F300
G1 X22.461068666666666 Y39.37145711111113 F300
G1 X22.41569390621515 Y39.38868923007858 F300
G1 X22.366336675990375 Y39.41588729287606 F300
G1 X22.313530999999998 Y39.4539918888889 F300
G1 X22.26503564671117 Y39.497318717236396 F300
G1 X22.21700552847279 Y39.549017793206126 F300
G1 X22.170586 Y39.60921200000001 F300
G1 X22.11946984183557 Y39.67556032365359 F300
G1 X22.067572578236824 Y39.731079849057 F300
G1 X22.015516259259257 Y39.776544259259275 F300
G1 X21.958685035088383 Y39.8156518916793 F300
G1 X21.903585826458666 Y39.843627268176604 F300
G1 X21.85035074074074 Y39.86140207407408 F300
G1 X21.79537028267395 Y39.8697720945121 F300
G1 X21.74324544229855 Y39.86740358340143 F300
G1 X21.693527 Y39.854313000000005 F300
G1 X21.64633776582153 Y39.8428870337124 F300
G1 X21.589425715573203 Y39.841738180572946 F300
G1 X21.52190033333334 Y39.852134848148154 F300
G1 X21.456001164606377 Y39.871369648334344 F300
G1 X21.38432637707807 Y39.90061803273757 F300
G1 X21.307620333333336 Y39.94052111851852 F300
G1 X21.23457429983068 Y39.98653741957897 F300
G1 X21.16132590708725 Y40.04091474690644 F300
G1 X21.089165 Y40.103602900000006 F300
G1 X20.988549148892307 Y40.190991301674494 F300
G1 X20.905982592592597 Y40.25073215925927 F300
G1 X20.849349935413624 Y40.28339475796493 F300
G1 X20.806546836920525 Y40.30126551370474 F300
G1 X20.77533040740741 Y40.30803364074075 F300
G1 X20.753306840321606 Y40.30664897455044 F300
G1 X20.73860498283628 Y40.29917661969889 F300
G1 X20.72920395152415 Y40.28558012232024 F300
G1 X20.725494 Y40.26310190000001 F300
G1 X20.72138974722256 Y40.23131991824954 F300
G1 X20.709847063860465 Y40.20305828813548 F300
G1 X20.691360668373754 Y40.17751865546258 F300
G1 X20.665736112000005 Y40.15426162800002 F300
G1 X20.625797662610346 Y40.12989350500036 F300
G1 X20.57654735589943 Y40.110087271967984 F300
G1 X20.518285776000003 Y40.09538532400001 F300
G1 X20.458602349491677 Y40.08723631604272 F300
G1 X20.39565775384461 Y40.08477916915343 F300
G1 X20.330877984 Y40.088282156000005 F300
G1 X20.266807094199326 Y40.09792814271408 F300
G1 X20.206510350467397 Y40.113457519780184 F300
G1 X20.151247728 Y40.13476129200001 F300
G1 X20.10005974439587 Y40.16333865806064 F300
G1 X20.05857303720429 Y40.197220081063946 F300
G1 X20.02713 Y40.236631900000006 F300
G1 X20.00568748425517 Y40.26158256752839 F300
G1 X19.973377212126877 Y40.2836982986009 F300
G1 X19.928806518518517 Y40.30253675185186 F300
G1 X19.88160728276585 Y40.314807410932865 F300
G1 X19.826419156066983 Y40.32277925106988 F300
G1 X19.763530148148146 Y40.32566204814815 F300
G1 X19.668159166389263 Y40.31976450396294 F300
G1 X19.567082 Y40.3010019 F300
G1 X19.488790997477768 Y40.286646379416744 F300
G1 X19.398637796875 Y40.28008724375 F300
G1 X19.305695424308148 Y40.28158334842361 F300
G1 X19.208958374999998 Y40.290644650000004 F300
G1 X19.11294717472905 Y40.30687210005193 F300
G1 X19.021282765625 Y40.32963118125 F300
G1 X18.933941151185465 Y40.359435091294415 F300
G1 X18.85885 Y40.3940039 F300
G1 X18.768138257990326 Y40.43991565482538 F300
G1 X18.696596909766303 Y40.47064719937681 F300
G1 X18.63988955555556 Y40.489219396296306 F300
G1 X18.582175071541272 Y40.49956656188003 F300
G1 X18.535885102797724 Y40.49807412255164 F300
G1 X18.497178444444447 Y40.486739803703706 F300
G1 X18.462425563623288 Y40.46564894140498 F300
G1 X18.42907179718659 Y40.43294883670964 F300
G1 X18.39556 Y40.385953900000004 F300
G1 X18.368671076007676 Y40.35279161817475 F300
G1 X18.330849057117014 Y40.32308981149258 F300
G1 X18.281174592592595 Y40.297151159259265 F300
G1 X18.22787634711268 Y40.278489263285344 F300
G1 X18.166131467255063 Y40.264643072491175 F300
G1 X18.09604874074074 Y40.256429307407416 F300
G1 X18.025554952497615 Y40.25473776119324 F300
G1 X17.950744397243014 Y40.259333478676496 F300
G1 X17.872388 Y40.2708719 F300
G1 X17.7621720827275 Y40.28619233636614 F300
G1 X17.668748740740742 Y40.28907152962964 F300
G1 X17.608178875760963 Y40.28437382613497 F300
G1 X17.560155622290456 Y40.275116659710925 F300
G1 X17.523505925925928 Y40.262502270370376 F300
G1 X17.49161181742236 Y40.24312671104771 F300
G1 X17.473985562899113 Y40.22150538029071 F300
G1 X17.468104 Y40.1969419 F300
G1 X17.463663165519563 Y40.17796642555141 F300
G1 X17.449859677117644 Y40.16077591756571 F300
G1 X17.423844082283694 Y40.144677721774734 F300
G1 X17.38080881481482 Y40.13024197407408 F300
G1 X17.32288692583731 Y40.11997897300341 F300
G1 X17.24336842425066 Y40.114012109925525 F300
G1 X17.138399851851855 Y40.114079825925934 F300
G1 X16.97557927895066 Y40.12483940835196 F300
G1 X16.770092 Y40.1504019 F300
G1 X16.56570831203008 Y40.17854304117903 F300
G1 X16.418906390625 Y40.193225321875 F300
G1 X16.32632650848991 Y40.19735593556313 F300
G1 X16.257137582805846 Y40.19532797581261 F300
G1 X16.205867125000005 Y40.18859427499999 F300
G1 X16.157299407352394 Y40.174231849583265 F300
G1 X16.123643749381102 Y40.15473603230362 F300
G1 X16.100437296875004 Y40.130491790625 F300
G1 X16.08467032308298 Y40.10025248614789 F300
G1 X16.075242106335786 Y40.06184834988832 F300
G1 X16.072080000000003 Y40.0129009 F300
G1 X16.068630966517876 Y39.970668720225355 F300
G1 X16.05858846658189 Y39.93409418308562 F300
G1 X16.042029707251196 Y39.90202083971175 F300
G1 X16.018471666666674 Y39.87358641481482 F300
G1 X15.979013180070337 Y39.843307413843526 F300
G1 X15.92359267818544 Y39.81694600602996 F300
G1 X15.84721333333334 Y39.795247885185184 F300
G1 X15.768487828172095 Y39.782310558686106 F300
G1 X15.6684626868836 Y39.77379574367781 F300
G1 X15.542655000000003 Y39.770725999999996 F300
G1 X15.393147973279214 Y39.77006683537244 F300
G1 X15.287309792000007 Y39.766621040000004 F300
G1 X15.221294359298467 Y39.76044659306416 F300
G1 X15.174086399183103 Y39.75129119003542 F300
G1 X15.141013576000006 Y39.739518319999995 F300
G1 X15.113222637934921 Y39.72115931040455 F300
G1 X15.09595277903172 Y39.69778289305077 F300
G1 X15.087275664000002 Y39.667236079999995 F300
G1 X15.086715275561746 Y39.63373288160912 F300
G1 X15.093512791716844 Y39.58855951658645 F300
G1 X15.109605368000004 Y39.52759256 F300
G1 X15.141810593022758 Y39.43203941059441 F300
G1 X15.191512000000003 Y39.298406 F300
G1 X15.24101726220731 Y39.159417092659325 F300
G1 X15.271563125000002 Y39.055426656250006 F300
G1 X15.285622365921116 Y38.988495057780504 F300
G1 X15.291621179408837 Y38.93416447815593 F300
G1 X15.291036750000004 Y38.88952200000001 F300
G1 X15.283472717769087 Y38.84601912914248 F300
G1 X15.269028597834343 Y38.808212982053405 F300
G1 X15.247685500000003 Y38.77422209375 F300
G1 X15.220534774892819 Y38.74403364209526 F300
G1 X15.184903256099622 Y38.71398838006935 F300
G1 X15.139262000000002 Y38.683057 F300
G1 X15.091117330577896 Y38.65096205017504 F300
G1 X15.056408385002245 Y38.622719764834216 F300
G1 X15.032684031250001 Y38.597009718749995 F300
G1 X15.01565783998502 Y38.567912334900235 F300
G1 X15.008549373469332 Y38.53797972948867 F300
G1 X15.011151000000002 Y38.50493 F300
G1 X15.02208449616656 Y38.47242677005369 F300
G1 X15.04386973603986 Y38.43235645332918 F300
G1 X15.080181218750003 Y38.38181603125 F300
G1 X15.145433752022491 Y38.30617096481135 F300
G1 X15.245293000000002 Y38.202665999999994 F300
G1 X15.340759698005034 Y38.10207707841387 F300
G1 X15.406129015625002 Y38.022166171874986 F300
G1 X15.44225114023146 Y37.967858342837836 F300
G1 X15.466800116013442 Y37.919610518952545 F300
G1 X15.481830375000003 Y37.87561762499999 F300
G1 X15.489273562622376 Y37.83005178077801 F300
G1 X15.488315800559132 Y37.78445988948032 F300
G1 X15.479008796875 Y37.737164765624996 F300
G1 X15.462953098444013 Y37.69119172389775 F300
G1 X15.43844248987486 Y37.63972233521265 F300
G1 X15.404276000000001 Y37.580951999999996 F300
G1 X15.359361737292033 Y37.50279403058049 F300
G1 X15.33153866193477 Y37.43987517004892 F300
G1 X15.317502296296302 Y37.38789037037037 F300
G1 X15.314362768862775 Y37.34821387641606 F300
G1 X15.318866258544395 Y37.310930183396586 F300
G1 X15.331213520477549 Y37.27453996571642 F300
G1 X15.352231703703707 Y37.2376282962963 F300
G1 X15.38837272746637 Y37.19336473820057 F300
G1 X15.442441569343515 Y37.14264986665964 F300
G1 X15.519478000000001 Y37.082511999999994 F300
G1 X15.577367472632943 Y37.035332442876914 F300
G1 X15.625228407129594 Y36.98664725864527 F300
G1 X15.663852185185188 Y36.936919296296296 F300
G1 X15.695662424880883 Y36.882811042215984 F300
G1 X15.717766677755474 Y36.828826555254935 F300
G1 X15.730725481481482 Y36.77500437037037 F300
G1 X15.734711657600322 Y36.72002438571465 F300
G1 X15.729209542352484 Y36.66574602287734 F300
G1 X15.713835000000001 Y36.611931 F300
G1 X15.696578192797919 Y36.549741831151465 F300
G1 X15.692424565520906 Y36.48961629678476 F300
G1 X15.700515645432413 Y36.430787495038736 F300
G1 X15.720996 Y36.372531875 F300
G1 X15.75142369062771 Y36.31940615288772 F300
G1 X15.793873263341961 Y36.26690575103993 F300
G1 X15.849857638472415 Y36.215098131714186 F300
G1 X15.921303000000002 Y36.164404 F300
G1 X15.975109710104322 Y36.12528231731965 F300
G1 X16.02671477345091 Y36.076793975474665 F300
G1 X16.075382629629633 Y36.01969592592593 F300
G1 X16.11816759917736 Y35.95791748552269 F300
G1 X16.155034590609695 Y35.892238705136904 F300
G1 X16.185278037037037 Y35.82396007407408 F300
G1 X16.208408310181607 Y35.75309577512061 F300
G1 X16.22244577645895 Y35.68464186934291 F300
G1 X16.227197 Y35.619572 F300
G1 X16.231429959694363 Y35.55194930832163 F300
G1 X16.24379111978967 Y35.487642731154494 F300
G1 X16.26397379099511 Y35.42632889704657 F300
G1 X16.291928494355798 Y35.36774872325521 F300
G1 X16.327844875 Y35.31174274999999 F300
G1 X16.380955852051866 Y35.249012801575425 F300
G1 X16.44583919218926 Y35.190726707540165 F300
G1 X16.523442914958288 Y35.13719895699516 F300
G1 X16.614981 Y35.089088 F300
G1 X16.71881577962382 Y35.03485446695963 F300
G1 X16.810309851851855 Y34.97419551851852 F300
G1 X16.866791666020767 Y34.928806678983555 F300
G1 X16.913174980408506 Y34.884723099816654 F300
G1 X16.94962514814815 Y34.84283614814815 F300
G1 X16.980384970017617 Y34.79676169461231 F300
G1 X16.997410937330372 Y34.757180217556304 F300
G1 X17.002766 Y34.72344699999999 F300
G1 X17.008964017734552 Y34.69014108848228 F300
G1 X17.029119470085078 Y34.64998911952378 F300
G1 X17.06653485185186 Y34.601856 F300
G1 X17.109844844244282 Y34.558847430630195 F300
G1 X17.165433187628036 Y34.51283635650692 F300
G1 X17.233712814814815 Y34.464724999999994 F300
G1 X17.343080510341245 Y34.40050051556873 F300
G1 X17.468107 Y34.341741999999996 F300
G1 X17.55283707132065 Y34.30306856030177 F300
G1 X17.63126262138028 Y34.26051610683761 F300
G1 X17.702501444444444 Y34.215347074074074 F300
G1 X17.770453725782193 Y34.16488788928441 F300
G1 X17.826084373389413 Y34.11585937854722 F300
G1 X17.86967988888889 Y34.06927125925925 F300
G1 X17.906686991471712 Y34.01753576174538 F300
G1 X17.92705911106919 Y33.97310369315325 F300
G1 X17.933449 Y33.93513899999999 F300
G1 X17.938528455164324 Y33.89650328245443 F300
G1 X17.95349218495486 Y33.86205493541418 F300
G1 X17.97906097871448 Y33.83058574152631 F300
G1 X18.017338409105555 Y33.80156602099189 F300
G1 X18.071555375 Y33.775204874999986 F300
G1 X18.13879084901568 Y33.75410993502378 F300
G1 X18.226632224073736 Y33.73707954512392 F300
G1 X18.339253900429927 Y33.72555848802559 F300
G1 X18.481215 Y33.72128699999999 F300
G1 X18.596311130516277 Y33.71784050323677 F300
G1 X18.69789292328999 Y33.708227230528834 F300
G1 X18.786728814814815 Y33.69341844444444 F300
G1 X18.874228796456112 Y33.67100637299183 F300
G1 X18.946303224864053 Y33.64417879838518 F300
G1 X19.00460085185185 Y33.61384522222222 F300
G1 X19.056851091540608 Y33.57511106928939 F300
G1 X19.094133537330503 Y33.533439215249814 F300
G1 X19.118266 Y33.48861599999999 F300
G1 X19.139039938350532 Y33.44955170100009 F300
G1 X19.170455111982147 Y33.41332230172181 F300
G1 X19.213572716665567 Y33.379539750104236 F300
G1 X19.269964472222224 Y33.34825586111111 F300
G1 X19.349014154436123 Y33.317441715223374 F300
G1 X19.44638149249818 Y33.29168959939629 F300
G1 X19.56332611111111 Y33.27199688888888 F300
G1 X19.680911910920305 Y33.260794723092964 F300
G1 X19.811611919218297 Y33.25596886021571 F300
G1 X19.95488725 Y33.25812974999999 F300
G1 X20.09755689415101 Y33.26689712651699 F300
G1 X20.246757885655747 Y33.282419933221576 F300
G1 X20.401184222222223 Y33.3049451111111 F300
G1 X20.554470981863556 Y33.33371261438797 F300
G1 X20.707488822441547 Y33.368980272422164 F300
G1 X20.85875336111111 Y33.410733638888885 F300
G1 X21.007885983991933 Y33.459377237879394 F300
G1 X21.15008270435683 Y33.51379180110676 F300
G1 X21.284131 Y33.573786 F300
G1 X21.284093 Y33.573786000000005 F300
G0 X29.48939 Y32.89306500000001
G1 X29.280281718693313 Y32.94192833500815 F300
G1 X29.082854722974975 Y32.99600593498299 F300
G1 X28.896832493036026 Y33.054807150590385 F300
G1 X28.721931387132955 Y33.11789099622258 F300
G1 X28.557865312500002 Y33.18486446875001 F300
G1 X28.39107663733962 Y33.261873492123186 F300
G1 X28.237296873677618 Y33.342238061165865 F300
G1 X28.09603473394821 Y33.4255461601957 F300
G1 X27.966812513285102 Y33.511453858198195 F300
G1 X27.849175 Y33.59968250000001 F300
G1 X27.733222071678785 Y33.69863430409843 F300
G1 X27.63076912127228 Y33.799235764311206 F300
G1 X27.54116242895837 Y33.90130932326606 F300
G1 X27.46383094032434 Y34.00477002795809 F300
G1 X27.3983046875 Y34.10961778125001 F300
G1 X27.341411513279056 Y34.22221228969258 F300
G1 X27.29734075999918 Y34.33591276679565 F300
G1 X27.26579021441146 Y34.450996107960954 F300
G1 X27.24669316267707 Y34.567814034490695 F300
G1 X27.24024 Y34.686769000000005 F300
G1 X27.244680070124108 Y34.73880401276383 F300
G1 X27.259208894065388 Y34.80487983580049 F300
G1 X27.28576225 Y34.88658823437501 F300
G1 X27.33715923558415 Y35.00878448456777 F300
G1 X27.41010575 Y35.152072125000004 F300
G1 X27.494701932660938 Y35.2967355800577 F300
G1 X27.594935624999998 Y35.44981895312501 F300
G1 X27.704087061169886 Y35.60006995422428 F300
G1 X27.821917 Y35.746427000000004 F300
G1 X28.403594 Y36.431388000000005 F300
G1 X27.860695 Y36.076205 F300
G1 X27.591806116202818 Y35.90170361158824 F300
G1 X27.3807520462963 Y35.769063046296296 F300
G1 X27.18458329763027 Y35.65393822477536 F300
G1 X27.03301403703704 Y35.57575203703705 F300
G1 X26.93358627666675 Y35.53330554240234 F300
G1 X26.849360728753844 Y35.50564995272453 F300
G1 X26.77685175 Y35.49013675 F300
G1 X26.703423132325764 Y35.48447046471155 F300
G1 X26.635869050157346 Y35.49002910463456 F300
G1 X26.571635962962965 Y35.506081962962966 F300
G1 X26.510078293959943 Y35.5316381952225 F300
G1 X26.445804640626555 Y35.56833357597316 F300
G1 X26.376737453703704 Y35.617452453703706 F300
G1 X26.27494361113157 Y35.702983454148466 F300
G1 X26.151527 Y35.818113000000004 F300
G1 X26.072271874449346 Y35.90022586628391 F300
G1 X26.000389358818484 Y35.987350856114766 F300
G1 X25.935588737442856 Y36.07943923658275 F300
G1 X25.87765610138396 Y36.17650184385492 F300
G1 X25.82645544907408 Y36.2785992175926 F300
G1 X25.772988927784656 Y36.410236283339586 F300
G1 X25.729751295456147 Y36.54893471333863 F300
G1 X25.696784066702058 Y36.69480726871517 F300
G1 X25.674266259259262 Y36.84799607407408 F300
G1 X25.662815718352242 Y37.00090584462382 F300
G1 X25.66148685177157 Y37.15976226025844 F300
G1 X25.67056727115087 Y37.32457031145815 F300
G1 X25.690428625000003 Y37.495313875 F300
G1 X25.719626062577937 Y37.66264454540582 F300
G1 X25.759122268052128 Y37.83423771501674 F300
G1 X25.809254462655158 Y38.00994045996743 F300
G1 X25.870411740740742 Y38.189562925925934 F300
G1 X25.939304071810398 Y38.36405504597951 F300
G1 X26.018596798436725 Y38.54077594387263 F300
G1 X26.10860635343493 Y38.71944796575512 F300
G1 X26.209684800925928 Y38.89975353240741 F300
G1 X26.317337326349307 Y39.0738091781088 F300
G1 X26.43536328738228 Y39.24793294473899 F300
G1 X26.564051068115493 Y39.421762698500444 F300
G1 X26.703716999999997 Y39.594896000000006 F300
G1 X26.791664407288774 Y39.692774970154346 F300
G1 X26.884012796875 Y39.7836211875 F300
G1 X26.980128067611457 Y39.867365957239194 F300
G1 X27.072580624999997 Y39.93817082500001 F300
G1 X27.165910947069882 Y39.99939588976113 F300
G1 X27.247062890625003 Y40.04259627500001 F300
G1 X27.302165266385995 Y40.064862076166804 F300
G1 X27.347866488606826 Y40.077146166798876 F300
G1 X27.385102 Y40.08094890000001 F300
G1 X27.44330351877575 Y40.08700212605329 F300
G1 X27.5137036875 Y40.106181015625005 F300
G1 X27.585192790206147 Y40.13504660674793 F300
G1 X27.662491250000002 Y40.17488232500001 F300
G1 X27.738217968046506 Y40.22193372088126 F300
G1 X27.8130311875 Y40.27656027187501 F300
G1 X27.88352229228955 Y40.336786976807225 F300
G1 X27.94689 Y40.40072230000001 F300
G1 X28.00307352560071 Y40.45720007764159 F300
G1 X28.06359079100598 Y40.508051129217336 F300
G1 X28.127056481481485 Y40.552797596296315 F300
G1 X28.194203916437626 Y40.59196345863364 F300
G1 X28.259312283652875 Y40.622369156362026 F300
G1 X28.321203185185187 Y40.64409627037038 F300
G1 X28.385059051151885 Y40.658088431879904 F300
G1 X28.44034712699329 Y40.661358592230364 F300
G1 X28.487299 Y40.65485250000001 F300
G1 X28.534484415135108 Y40.64673871804727 F300
G1 X28.589916521298846 Y40.64517811140184 F300
G1 X28.653320259259264 Y40.65073192962964 F300
G1 X28.748235496594106 Y40.6702146962881 F300
G1 X28.84727240740741 Y40.703028603703714 F300
G1 X28.911497877683914 Y40.731346510106 F300
G1 X28.97187460227704 Y40.7639546688271 F300
G1 X29.027165 Y40.80042110000001 F300
G1 X29.155245051217417 Y40.88833504719117 F300
G1 X29.255291740001194 Y40.94616564729274 F300
G1 X29.332737478696583 Y40.98051825279488 F300
G1 X29.392329034207016 Y40.997079058334776 F300
G1 X29.438224375 Y41.0004517125 F300
G1 X29.475651265212854 Y40.993309865206676 F300
G1 X29.505607088193806 Y40.97663717668224 F300
G1 X29.529915992104506 Y40.94969948779709 F300
G1 X29.54902698772647 Y40.909839180188506 F300
G1 X29.562033788436963 Y40.852879490062094 F300
G1 X29.566947 Y40.77350410000001 F300
G1 X29.57002342151406 Y40.70655172706527 F300
G1 X29.578804416610442 Y40.66331044022591 F300
G1 X29.592290925925926 Y40.63671458888891 F300
G1 X29.60737697894685 Y40.622971061582874 F300
G1 X29.62750770981844 Y40.61535833535235 F300
G1 X29.65545615998238 Y40.61448546964992 F300
G1 X29.695191740740743 Y40.622693344444464 F300
G1 X29.778402675304367 Y40.655372077316535 F300
G1 X29.915953 Y40.72594810000001 F300
G1 X29.970420739999547 Y40.75173089668237 F300
G1 X30.042656730403746 Y40.778369756460535 F300
G1 X30.13452596289062 Y40.80552994687501 F300
G1 X30.27800053444198 Y40.83930472573677 F300
G1 X30.450155640625 Y40.87128314375002 F300
G1 X30.629838318280793 Y40.897979564479996 F300
G1 X30.823944841796873 Y40.92103513750001 F300
G1 X31.020597981744668 Y40.9392401119633 F300
G1 X31.216996374999997 Y40.95261337500001 F300
G1 X31.411200820375708 Y40.96098673802914 F300
G1 X31.590413048828125 Y40.96384530312501 F300
G1 X31.76253768692122 Y40.96097469210823 F300
G1 X31.905297671875005 Y40.95255836875001 F300
G1 X32.03576529055245 Y40.93659910784392 F300
G1 X32.122753052734375 Y40.91658001875001 F300
G1 X32.162958188835916 Y40.9007567598259 F300
G1 X32.18723778355115 Y40.885042601241395 F300
G1 X32.199914957308636 Y40.86958942553088 F300
G1 X32.203882 Y40.85373770000001 F300
G1 X32.2076097825187 Y40.836661098120906 F300
G1 X32.21884673901253 Y40.82131236852369 F300
G1 X32.23910264575918 Y40.80709901986702 F300
G1 X32.27114400000001 Y40.794322188888906 F300
G1 X32.315201674106646 Y40.78454119418466 F300
G1 X32.373522127134336 Y40.77854629527597 F300
G1 X32.447600666666666 Y40.77769467777779 F300
G1 X32.56110980642518 Y40.78609974897927 F300
G1 X32.695258 Y40.80743570000001 F300
G1 X32.87540542200902 Y40.83877366968367 F300
G1 X32.98644970370371 Y40.848472692592615 F300
G1 X33.03914083167672 Y40.84610940845237 F300
G1 X33.074340674059115 Y40.838219295896444 F300
G1 X33.097259618646824 Y40.82645605767881 F300
G1 X33.1117062962963 Y40.81150564074076 F300
G1 X33.120094098582676 Y40.792116240321796 F300
G1 X33.12232954755717 Y40.76662976230378 F300
G1 X33.1171702166276 Y40.732641151806895 F300
G1 X33.102578 Y40.68722250000001 F300
G1 X33.08963774989472 Y40.64334360363838 F300
G1 X33.08762123047444 Y40.60931639132334 F300
G1 X33.094887828125 Y40.58221414843751 F300
G1 X33.111306292479625 Y40.55992038868747 F300
G1 X33.140349480173406 Y40.54031756773932 F300
G1 X33.188176625000004 Y40.523712687500016 F300
G1 X33.2391260658527 Y40.51438995889153 F300
G1 X33.30997404059529 Y40.508048339457375 F300
G1 X33.406660859375 Y40.50578133281251 F300
G1 X33.56043810206781 Y40.50972219864926 F300
G1 X33.774557 Y40.52248330000001 F300
G1 X33.992476325478464 Y40.535272093379945 F300
G1 X34.150611828125 Y40.53868631093751 F300
G1 X34.250172587372845 Y40.53555569716033 F300
G1 X34.32544236965535 Y40.527970489954804 F300
G1 X34.381839875000004 Y40.51693488750001 F300
G1 X34.43533429444819 Y40.498372234470786 F300
G1 X34.47266702569423 Y40.47579901612396 F300
G1 X34.498434734375 Y40.44948459531251 F300
G1 X34.51641861208577 Y40.41710316062273 F300
G1 X34.52704303020224 Y40.37752102924992 F300
G1 X34.530590000000004 Y40.32859100000001 F300
G1 X34.534009504912504 Y40.28439887937647 F300
G1 X34.543984232933425 Y40.246465257544116 F300
G1 X34.56043919766561 Y40.213510101738734 F300
G1 X34.583840666666674 Y40.1845614851852 F300
G1 X34.61216169821136 Y40.16109197730345 F300
G1 X34.64910156447766 Y40.13988260885998 F300
G1 X34.696771399540935 Y40.12112523833646 F300
G1 X34.75773533333334 Y40.105240014814825 F300
G1 X34.8384128437782 Y40.092399304774204 F300
G1 X34.94195025000489 Y40.083973651024145 F300
G1 X35.073488000000005 Y40.08094990000001 F300
G1 X35.18674598254752 Y40.07716424101402 F300
G1 X35.282022414853195 Y40.0668910578661 F300
G1 X35.361446927171876 Y40.051547108663506 F300
G1 X35.427023437500004 Y40.0322754625 F300
G1 X35.493012248696964 Y40.00359462194721 F300
G1 X35.542574286429186 Y39.97151999082547 F300
G1 X35.57857915022906 Y39.936778846768156 F300
G1 X35.60317075000001 Y39.89944682500001 F300
G1 X35.617944729488315 Y39.85727540311384 F300
G1 X35.621795116670015 Y39.81126743505876 F300
G1 X35.613891303941514 Y39.76007705889833 F300
G1 X35.592033687500006 Y39.70225600000001 F300
G1 X35.562448851963865 Y39.65064994255197 F300
G1 X35.51973262498926 Y39.59350518312999 F300
G1 X35.461195408581986 Y39.53025669396205 F300
G1 X35.38371600000001 Y39.46049500000001 F300
G1 X35.32175267999566 Y39.4041381641303 F300
G1 X35.26651877777779 Y39.34457633333334 F300
G1 X35.218128686037495 Y39.282339517827765 F300
G1 X35.18292955555556 Y39.226301000000014 F300
G1 X35.158305464431876 Y39.17099429198491 F300
G1 X35.151045 Y39.13127500000001 F300
G1 X35.15466964933849 Y39.10734543783111 F300
G1 X35.165232423975496 Y39.08458030588567 F300
G1 X35.18292955555556 Y39.06270881481483 F300
G1 X35.21810017840332 Y39.035899973807865 F300
G1 X35.26651877777778 Y39.01380685185187 F300
G1 X35.32090600846895 Y39.000224357209476 F300
G1 X35.38371600000001 Y38.995154000000014 F300
G1 X35.44433847057968 Y38.990312614510295 F300
G1 X35.49228484864326 Y38.977301595921205 F300
G1 X35.53003059491021 Y38.957710559843946 F300
G1 X35.55948657191916 Y38.93221020742413 F300
G1 X35.581839740740755 Y38.90059811111113 F300
G1 X35.59658742602454 Y38.86480706091031 F300
G1 X35.60494454265612 Y38.82244641898907 F300
G1 X35.60618496917722 Y38.772400929856715 F300
G1 X35.599066681389026 Y38.71341983166567 F300
G1 X35.58189925925927 Y38.64422022222224 F300
G1 X35.55396749878921 Y38.566845150975276 F300
G1 X35.51310267537036 Y38.478688315602916 F300
G1 X35.45718809997159 Y38.37894152855591 F300
G1 X35.383871000000006 Y38.26695500000001 F300
G1 X35.325981898173225 Y38.1804990766376 F300
G1 X35.28645938052093 Y38.11337432159881 F300
G1 X35.261407148148166 Y38.06131140740742 F300
G1 X35.24428103617137 Y38.00735689945793 F300
G1 X35.241498368910854 Y37.96719639311604 F300
G1 X35.24935418518519 Y37.93602892592594 F300
G1 X35.267539454155575 Y37.909340423012125 F300
G1 X35.29814940930589 Y37.88557226416933 F300
G1 X35.345091000000004 Y37.86386200000001 F300
G1 X35.37976837440587 Y37.84763551298679 F300
G1 X35.40550694181423 Y37.828072852898394 F300
G1 X35.42384408674554 Y37.80459788361394 F300
G1 X35.43552840740742 Y37.77606537037039 F300
G1 X35.44048045737176 Y37.73422803513857 F300
G1 X35.43395605924604 Y37.67702345965647 F300
G1 X35.411139592592605 Y37.59783429629631 F300
G1 X35.3803857311487 Y37.52088333080299 F300
G1 X35.333753311785415 Y37.42199213349414 F300
G1 X35.267321 Y37.29553700000001 F300
G1 X35.21268613672022 Y37.19146403504213 F300
G1 X35.161922421875005 Y37.087045156250014 F300
G1 X35.115111531612165 Y36.98283699414615 F300
G1 X35.075610125000004 Y36.88685525000002 F300
G1 X35.041339595872756 Y36.79391488116434 F300
G1 X35.017291015625005 Y36.71771196875001 F300
G1 X35.000574629766454 Y36.64729510983493 F300
G1 X34.995872000000006 Y36.60236000000001 F300
G1 X34.99185773951413 Y36.56640604462731 F300
G1 X34.97893952550213 Y36.52154806741132 F300
G1 X34.95566485185186 Y36.467217185185206 F300
G1 X34.911081221543206 Y36.38809786337622 F300
G1 X34.850257481481485 Y36.30138881481483 F300
G1 X34.780395673103385 Y36.2183614559827 F300
G1 X34.702471 Y36.14077600000001 F300
G1 X34.647569243369496 Y36.08549669585184 F300
G1 X34.599928701878156 Y36.026304546601246 F300
G1 X34.55955000000001 Y35.964062962962984 F300
G1 X34.52588223552592 Y35.897990920285636 F300
G1 X34.500766109922694 Y35.83184353865862 F300
G1 X34.48409100000001 Y35.76632637037038 F300
G1 X34.475772832456926 Y35.699500850407006 F300
G1 X34.47682349577041 Y35.63616835039596 F300
G1 X34.487170000000006 Y35.576592000000005 F300
G1 X34.49791719134614 Y35.522342572608224 F300
G1 X34.50101367158809 Y35.47150193120663 F300
G1 X34.496706087539394 Y35.423091124320756 F300
G1 X34.48493629629631 Y35.37619992592594 F300
G1 X34.466384076743665 Y35.33208096183149 F300
G1 X34.43956125222505 Y35.28718620464042 F300
G1 X34.40312387872731 Y35.2408322998498 F300
G1 X34.35539370370371 Y35.192342074074084 F300
G1 X34.28699719696957 Y35.13534218212865 F300
G1 X34.19781708350616 Y35.07291394474553 F300
G1 X34.083540000000006 Y35.00372800000001 F300
G1 X33.986013340813706 Y34.9442909571039 F300
G1 X33.896415000000005 Y34.882274812500015 F300
G1 X33.812853319920485 Y34.816756387071656 F300
G1 X33.74302875000001 Y34.75428575000001 F300
G1 X33.68176739390947 Y34.69009732587719 F300
G1 X33.63922012500001 Y34.63498956250001 F300
G1 X33.616773933951784 Y34.59656786555412 F300
G1 X33.60461930479153 Y34.56512297968338 F300
G1 X33.60082800000001 Y34.53961500000001 F300
G1 X33.594605174919764 Y34.50587052296021 F300
G1 X33.57438042381666 Y34.46346633877099 F300
G1 X33.53660370370372 Y34.410980814814835 F300
G1 X33.49313989259712 Y34.363358356656285 F300
G1 X33.43741600658762 Y34.311496934683156 F300
G1 X33.369086962962974 Y34.25630285185186 F300
G1 X33.25946762606913 Y34.18063015599634 F300
G1 X33.13456000000001 Y34.10906800000001 F300
G1 X33.04049944919358 Y34.05598262235413 F300
G1 X32.95387662500001 Y33.99866426562501 F300
G1 X32.87344288520069 Y33.93674003496378 F300
G1 X32.80591275000001 Y33.875946375000005 F300
G1 X32.74714710530206 Y33.81244337369191 F300
G1 X32.705937250000005 Y33.755866796875004 F300
G1 X32.68470467804289 Y33.71632292350958 F300
G1 X32.672920003193425 Y33.68238242816352 F300
G1 X32.669219000000005 Y33.653378000000004 F300
G1 X32.66483464356641 Y33.623180855210656 F300
G1 X32.65139426277578 Y33.59241024940312 F300
G1 X32.62769160211335 Y33.560383936210556 F300
G1 X32.59171803703705 Y33.526745296296305 F300
G1 X32.53860815493569 Y33.49010370292599 F300
G1 X32.467667658640856 Y33.45283008757484 F300
G1 X32.37633796296297 Y33.41570503703704 F300
G1 X32.28305376901196 Y33.38578932426829 F300
G1 X32.174119151196095 Y33.35806142038757 F300
G1 X32.04876300000001 Y33.333499 F300
G1 X31.921344607675767 Y33.30858618154118 F300
G1 X31.81158952789277 Y33.28071760211591 F300
G1 X31.718370074074087 Y33.25081548148149 F300
G1 X31.627206498548553 Y33.21355106896573 F300
G1 X31.556827599702356 Y33.17608226148622 F300
G1 X31.504399592592605 Y33.13912951851852 F300
G1 X31.4692270043522 Y33.10528824647772 F300
G1 X31.44593901052636 Y33.07272665236363 F300
G1 X31.432659441309173 Y33.04107039764113 F300
G1 X31.42830800000001 Y33.009638 F300
G1 X31.423910276209742 Y32.97134085157979 F300
G1 X31.410685347403202 Y32.93819061684566 F300
G1 X31.387552030614025 Y32.90868919305969 F300
G1 X31.351941000000018 Y32.882044148148154 F300
G1 X31.31294330288223 Y32.86317995529496 F300
G1 X31.259894869921656 Y32.845838733522385 F300
G1 X31.188736292189386 Y32.830682430310986 F300
G1 X31.09460800000001 Y32.818514518518526 F300
G1 X30.973609424832702 Y32.81028791206501 F300
G1 X30.816248346776028 Y32.806652828250826 F300
G1 X30.613961000000007 Y32.808594 F300
G1 X30.273285843750006 Y32.82082775 F300
G1 X29.947698250000006 Y32.8408315 F300
G1 X29.674098031250004 Y32.86583399999999 F300
G1 X29.561779746452835 Y32.88031513709799 F300
G1 X29.489385000000006 Y32.893063999999995 F300
G1 X29.48939 Y32.89306500000001 F300
G0 X30.863952 Y33.48861900000001
G1 X30.888084397758586 Y33.53344161124623 F300
G1 X30.92536682215854 Y33.575113192405766 F300
G1 X30.977617148148155 Y33.61384733333334 F300
G1 X31.03591476963282 Y33.64418096649179 F300
G1 X31.107989199609538 Y33.67100870244045 F300
G1 X31.19548918518519 Y33.693421000000015 F300
G1 X31.284325088999907 Y33.70822999335171 F300
G1 X31.385906880634522 Y33.717843432714346 F300
G1 X31.501003 Y33.72129000000001 F300
G1 X31.650499748686606 Y33.725951342169616 F300
G1 X31.767105150924646 Y33.738517677998765 F300
G1 X31.856385179342883 Y33.7570715683409 F300
G1 X31.923332386170106 Y33.78002039220137 F300
G1 X31.972329573155847 Y33.80617657510295 F300
G1 X32.00706669739901 Y33.834863132480976 F300
G1 X32.03039134279008 Y33.866020279886015 F300
G1 X32.04410369291968 Y33.9002566128197 F300
G1 X32.048768 Y33.93878700000001 F300
G1 X32.055264764886154 Y33.97726758301033 F300
G1 X32.07572594864147 Y34.020967629034175 F300
G1 X32.11253711111112 Y34.070570740740756 F300
G1 X32.15616407848367 Y34.11481333542424 F300
G1 X32.211786856697216 Y34.1606236673375 F300
G1 X32.27971555555556 Y34.20698692592594 F300
G1 X32.350883579898735 Y34.24771153298545 F300
G1 X32.429294571407524 Y34.28528983866363 F300
G1 X32.51411 Y34.31850200000001 F300
G1 X32.59888967165154 Y34.35177273278184 F300
G1 X32.677300755912455 Y34.38955635621271 F300
G1 X32.74850418518519 Y34.43062362962965 F300
G1 X32.816372493284646 Y34.477402825738366 F300
G1 X32.87200298097796 Y34.52374808039393 F300
G1 X32.91568214814815 Y34.568629703703714 F300
G1 X32.952428972141306 Y34.61887302723359 F300
G1 X32.97292429885574 Y34.66333008519187 F300
G1 X32.979451000000005 Y34.70264200000001 F300
G1 X32.98570742353097 Y34.74219953081306 F300
G1 X33.00543282178777 Y34.787723443588284 F300
G1 X33.04081611111112 Y34.8398428888889 F300
G1 X33.082951576239715 Y34.887012177984545 F300
G1 X33.13651310791309 Y34.936144722600496 F300
G1 X33.201691888888895 Y34.98620711111112 F300
G1 X33.27037755777883 Y35.03093447899374 F300
G1 X33.34584812805943 Y35.072630633414775 F300
G1 X33.427249 Y35.11004800000001 F300
G1 X33.54406287849091 Y35.163877839861 F300
G1 X33.63350727702346 Y35.21587473405291 F300
G1 X33.7004186640708 Y35.26620384531071 F300
G1 X33.748956 Y35.31515487500001 F300
G1 X33.78169458731876 Y35.36175477263338 F300
G1 X33.80290131832645 Y35.40871476427757 F300
G1 X33.8137835948034 Y35.45692388581047 F300
G1 X33.81476651734529 Y35.507458053663086 F300
G1 X33.805490000000006 Y35.561529000000014 F300
G1 X33.79814315217145 Y35.61130780886032 F300
G1 X33.800361436417425 Y35.66876879950283 F300
G1 X33.8128385925926 Y35.733872259259286 F300
G1 X33.833156924461456 Y35.797228777754775 F300
G1 X33.861871676660705 Y35.86301420794244 F300
G1 X33.89897207407408 Y35.92999907407409 F300
G1 X33.941951444288264 Y35.9932991622568 F300
G1 X33.99086402504111 Y36.05289482563121 F300
G1 X34.04524200000001 Y36.10744900000002 F300
G1 X34.099732161369445 Y36.16182860203306 F300
G1 X34.14776187489793 Y36.219680857975085 F300
G1 X34.189054851851864 Y36.279690333333356 F300
G1 X34.22459608213766 Y36.34334376019337 F300
G1 X34.25106501753105 Y36.404501262095636 F300
G1 X34.26874748148149 Y36.462162333333346 F300
G1 X34.27831318553169 Y36.521325235081484 F300
G1 X34.27746929998826 Y36.57226079158437 F300
G1 X34.26706700000001 Y36.615361000000014 F300
G1 X34.256096631742025 Y36.65985286384978 F300
G1 X34.25543307350647 Y36.70888487875682 F300
G1 X34.26542862962964 Y36.762771555555574 F300
G1 X34.28414534691362 Y36.814870127176555 F300
G1 X34.312332188083744 Y36.86910942699766 F300
G1 X34.35054670370371 Y36.92488677777779 F300
G1 X34.394627856609745 Y36.976208132117534 F300
G1 X34.44682847759068 Y37.02587800874127 F300
G1 X34.50729100000001 Y37.07288800000001 F300
G1 X34.60314529018992 Y37.144127242549196 F300
G1 X34.66737634375001 Y37.201353593750014 F300
G1 X34.70264372968449 Y37.24187279814571 F300
G1 X34.72605612744064 Y37.279197855715736 F300
G1 X34.73985925000001 Y37.31491650000001 F300
G1 X34.745691437383826 Y37.35257356318637 F300
G1 X34.74318874157106 Y37.3932746075151 F300
G1 X34.73163203125001 Y37.439074656250014 F300
G1 X34.701653036807905 Y37.508716968274456 F300
G1 X34.64958700000001 Y37.59932600000001 F300
G1 X34.61276731225718 Y37.66237538980033 F300
G1 X34.58641024594898 Y37.71715238319708 F300
G1 X34.56923345312501 Y37.76585706250001 F300
G1 X34.559413152501996 Y37.81595962742618 F300
G1 X34.55869582960874 Y37.86476447299172 F300
G1 X34.56733112500001 Y37.91431050000001 F300
G1 X34.58418518243556 Y37.9621510314006 F300
G1 X34.61181862616039 Y38.01594648563146 F300
G1 X34.65282123437501 Y38.07808493750001 F300
G1 X34.72641126578436 Y38.170643883191985 F300
G1 X34.83464500000001 Y38.29057900000001 F300
G1 X34.97307584296894 Y38.44356145782213 F300
G1 X35.04644414814817 Y38.53712044444446 F300
G1 X35.07510066985692 Y38.58511527973957 F300
G1 X35.0864293094164 Y38.61723996682219 F300
G1 X35.086757088313306 Y38.63907858895498 F300
G1 X35.0795101851852 Y38.65484322222223 F300
G1 X35.0585134123062 Y38.67024154339614 F300
G1 X35.017390456416116 Y38.680917244736456 F300
G1 X34.94541200000001 Y38.68493200000001 F300
G1 X34.890388960715406 Y38.68933297467966 F300
G1 X34.844140514727464 Y38.70146336740844 F300
G1 X34.8051826961205 Y38.7202218376153 F300
G1 X34.772364140625015 Y38.74516595312502 F300
G1 X34.745027755578015 Y38.77635815738217 F300
G1 X34.7231253193902 Y38.8139180547791 F300
G1 X34.70671521391413 Y38.85851063232803 F300
G1 X34.69628687500001 Y38.911036375000016 F300
G1 X34.69285670773212 Y38.98169178824337 F300
G1 X34.700078109328444 Y39.064363951445294 F300
G1 X34.71998717187501 Y39.16029610937501 F300
G1 X34.74896009289833 Y39.25363653257598 F300
G1 X34.7904588525174 Y39.357013324534044 F300
G1 X34.84627200000001 Y39.47069800000001 F300
G1 X34.89415939566312 Y39.56748121639301 F300
G1 X34.916196359375014 Y39.631624156250005 F300
G1 X34.91998871605798 Y39.66195919706293 F300
G1 X34.91702321731625 Y39.685924366717714 F300
G1 X34.907866648591465 Y39.70550474393763 F300
G1 X34.89191312500001 Y39.722088000000014 F300
G1 X34.86370794200219 Y39.73792131915124 F300
G1 X34.818276616026594 Y39.75147540787562 F300
G1 X34.747863328125014 Y39.76186459375002 F300
G1 X34.6326367163461 Y39.7686396374313 F300
G1 X34.45848800000001 Y39.77072900000002 F300
G1 X34.30894746334501 Y39.77503236767226 F300
G1 X34.193821308668014 Y39.786734408610855 F300
G1 X34.106556402330654 Y39.80413357923399 F300
G1 X34.04148375000001 Y39.82575186250002 F300
G1 X33.99037291030428 Y39.852678591203826 F300
G1 X33.954073383285376 Y39.883103156824774 F300
G1 X33.929569853691476 Y39.91716890725196 F300
G1 X33.91507717180693 Y39.955758491325994 F300
G1 X33.91013200000001 Y40.00043190000002 F300
G1 X33.90666342821936 Y40.04508372519109 F300
G1 X33.89642189045748 Y40.080679875238324 F300
G1 X33.87927059375001 Y40.10929860312502 F300
G1 X33.85494260652527 Y40.13192855916325 F300
G1 X33.819851637481484 Y40.150564685355434 F300
G1 X33.76966725000001 Y40.164657775000016 F300
G1 X33.7172147237221 Y40.171597764652084 F300
G1 X33.64753651600009 Y40.174269575682864 F300
G1 X33.55579328125001 Y40.17141150937502 F300
G1 X33.41072124521168 Y40.15905426986676 F300
G1 X33.21212000000001 Y40.13446190000002 F300
G1 X33.011286108785896 Y40.11226916698471 F300
G1 X32.84885659259261 Y40.103887085185214 F300
G1 X32.74381279117728 Y40.10518329472396 F300
G1 X32.663246637908856 Y40.111989431413214 F300
G1 X32.60392540740742 Y40.12271671481484 F300
G1 X32.55940235602232 Y40.137404776550184 F300
G1 X32.53262522818971 Y40.15339846745586 F300
G1 X32.51857379468902 Y40.17009511549458 F300
G1 X32.514108000000014 Y40.18812190000002 F300
G1 X32.507699989800045 Y40.21187766736384 F300
G1 X32.487799530082825 Y40.23364599520722 F300
G1 X32.45033888888891 Y40.25398056666669 F300
G1 X32.40831836170692 Y40.26712392465999 F300
G1 X32.35302690045908 Y40.27723616828622 F300
G1 X32.28316044444446 Y40.28309256666669 F300
G1 X32.17552219441389 Y40.28209161924859 F300
G1 X32.048766000000015 Y40.26915190000002 F300
G1 X31.956338693637043 Y40.25836831062223 F300
G1 X31.875688619923366 Y40.25410323611289 F300
G1 X31.80637714814817 Y40.255277177777806 F300
G1 X31.73699780573446 Y40.262628967450595 F300
G1 X31.6833234838437 Y40.27483824252594 F300
G1 X31.643196518518536 Y40.29055412222225 F300
G1 X31.608934263234943 Y40.31386342867006 F300
G1 X31.58983329079638 Y40.3399248453117 F300
G1 X31.583425000000016 Y40.36973440000002 F300
G1 X31.57946691155144 Y40.40283546084789 F300
G1 X31.568533728561814 Y40.42696802119475 F300
G1 X31.550721798299335 Y40.444521144071835 F300
G1 X31.52424981179181 Y40.45635903533972 F300
G1 X31.48565050000002 Y40.461607262500024 F300
G1 X31.43863775557513 Y40.45897655431831 F300
G1 X31.37384423990433 Y40.44698647184836 F300
G1 X31.28600356882435 Y40.4222876531148 F300
G1 X31.168891000000016 Y40.38100840000002 F300
G1 X31.051548281700757 Y40.3420911037448 F300
G1 X30.9316177777778 Y40.31254721481484 F300
G1 X30.81227043789368 Y40.29276815984951 F300
G1 X30.70805322222224 Y40.28456825185187 F300
G1 X30.63981305063131 Y40.28560094736507 F300
G1 X30.586384057369166 Y40.29216830549372 F300
G1 X30.546598000000017 Y40.30312940000002 F300
G1 X30.506901231707026 Y40.31393649569119 F300
G1 X30.45488872009683 Y40.319743319623136 F300
G1 X30.389689222222245 Y40.31946814074077 F300
G1 X30.290355954854046 Y40.308779108106265 F300
G1 X30.17804511111113 Y40.28567932592595 F300
G1 X30.065993751397773 Y40.252272087516666 F300
G1 X29.957485000000016 Y40.209099400000014 F300
G1 X29.862142318333756 Y40.16873851867413 F300
G1 X29.781496310775225 Y40.140839259307675 F300
G1 X29.712630222222245 Y40.12343562222223 F300
G1 X29.642649094671167 Y40.11400309637932 F300
G1 X29.58065665798633 Y40.11471767049932 F300
G1 X29.524295444444462 Y40.12457584444446 F300
G1 X29.470276458176762 Y40.14364957478175 F300
G1 X29.41684896636542 Y40.17264876365179 F300
G1 X29.362414000000015 Y40.21269940000001 F300
G1 X29.30539817298714 Y40.25450969209923 F300
G1 X29.255088520725018 Y40.28024086537031 F300
G1 X29.208833296296316 Y40.29259641481483 F300
G1 X29.173576340170595 Y40.29407106397207 F300
G1 X29.137123308077875 Y40.28832221282501 F300
G1 X29.098196911786314 Y40.2744522942651 F300
G1 X29.055424370370382 Y40.2509931851852 F300
G1 X29.00345094071764 Y40.21284442138671 F300
G1 X28.94151121287463 Y40.15679575768033 F300
G1 X28.866453000000014 Y40.07819840000001 F300
G1 X28.80698337881383 Y40.01838045062608 F300
G1 X28.745704128983704 Y39.96744071323901 F300
G1 X28.683383925925945 Y39.925076600000025 F300
G1 X28.617094480641452 Y39.889419867687565 F300
G1 X28.552328481898993 Y39.86350993203061 F300
G1 X28.489529740740757 Y39.84688386666668 F300
G1 X28.425396492437493 Y39.83912216911167 F300
G1 X28.365399954892176 Y39.8414024437609 F300
G1 X28.309456000000015 Y39.85352900000001 F300
G1 X28.24188821873536 Y39.868573264484375 F300
G1 X28.17880629904959 Y39.87035332885394 F300
G1 X28.119149546386552 Y39.85991650742644 F300
G1 X28.061971250000013 Y39.83732725000001 F300
G1 X28.010369780889814 Y39.80461487319805 F300
G1 X27.960465114342945 Y39.759638917183544 F300
G1 X27.91223791059314 Y39.70069584390747 F300
G1 X27.866049000000015 Y39.62560500000001 F300
G1 X27.828104320719756 Y39.564349036962184 F300
G1 X27.784368200659923 Y39.51037906625402 F300
G1 X27.73542700000002 Y39.46349522222224 F300
G1 X27.680950223015998 Y39.42323095800855 F300
G1 X27.622876434510243 Y39.390978915940195 F300
G1 X27.561525666666682 Y39.366787444444455 F300
G1 X27.497565114007145 Y39.35104836815603 F300
G1 X27.431857317366024 Y39.3442021861826 F300
G1 X27.364521000000014 Y39.34670100000001 F300
G1 X27.320258665591258 Y39.34721733004971 F300
G1 X27.272484403870923 Y39.33929791560928 F300
G1 X27.220607398525974 Y39.32237888136537 F300
G1 X27.164092690962118 Y39.29557643440235 F300
G1 X27.09438018277925 Y39.252196682321355 F300
G1 X27.019122226763788 Y39.19423075939273 F300
G1 X26.938352201166193 Y39.12060259766764 F300
G1 X26.86289737603604 Y39.04203182114473 F300
G1 X26.784912264500527 Y38.95141544316239 F300
G1 X26.704944900874644 Y38.848766422740525 F300
G1 X26.592187101150202 Y38.686955434231564 F300
G1 X26.481516160349866 Y38.50705484256561 F300
G1 X26.379324327327442 Y38.31895192755777 F300
G1 X26.28571134985424 Y38.122454790087474 F300
G1 X26.229283213469678 Y37.988515626256685 F300
G1 X26.178938808030818 Y37.85471606289643 F300
G1 X26.135175839650156 Y37.72195319825074 F300
G1 X26.097539973561663 Y37.58734529268178 F300
G1 X26.06826409914324 Y37.45731991693231 F300
G1 X26.047555000000013 Y37.332537000000016 F300
G1 X26.028350060014557 Y37.15519113161468 F300
G1 X26.022944875000015 Y37.011839765625005 F300
G1 X26.027093931564938 Y36.91978262322937 F300
G1 X26.038008498130896 Y36.83620217340922 F300
G1 X26.055634000000012 Y36.75882112500001 F300
G1 X26.080796937188857 Y36.68357541309803 F300
G1 X26.114319993180263 Y36.608639493410855 F300
G1 X26.157194125000014 Y36.53217867187501 F300
G1 X26.205772564550927 Y36.458980102788615 F300
G1 X26.265820380834818 Y36.37919005732074 F300
G1 X26.339197000000013 Y36.29061000000001 F300
G1 X26.712398000000015 Y35.856739000000005 F300
G1 X27.557995000000016 Y36.38908300000001 F300
G1 X27.87851070580185 Y36.586333922317785 F300
G1 X28.1782490708422 Y36.76220788852496 F300
G1 X28.456893136000023 Y36.917576656000016 F300
G1 X28.739957090271435 Y37.06641835212038 F300
G1 X28.995282897910673 Y37.19169241146091 F300
G1 X29.223617368000017 Y37.29510296800001 F300
G1 X29.45671045505636 Y37.39020785043823 F300
G1 X29.654300888160464 Y37.460007222605626 F300
G1 X29.819344432000015 Y37.507800352000004 F300
G1 X29.950994347113003 Y37.536063615259636 F300
G1 X30.056767544612274 Y37.54927681694983 F300
G1 X30.140336561316218 Y37.55036269209624 F300
G1 X30.205251064000016 Y37.54180722400001 F300
G1 X30.256328938285534 Y37.524794313418695 F300
G1 X30.293709251541266 Y37.50096680583346 F300
G1 X30.32005432203151 Y37.4704765238446 F300
G1 X30.336544557497295 Y37.43207324946013 F300
G1 X30.342514000000016 Y37.38326200000001 F300
G1 X30.337211503321946 Y37.315889240442466 F300
G1 X30.323021333333354 Y37.25759511111113 F300
G1 X30.299899085359055 Y37.20561702681004 F300
G1 X30.27191933333335 Y37.1679648888889 F300
G1 X30.249004222197712 Y37.148949847634626 F300
G1 X30.22522173220403 Y37.13764544669325 F300
G1 X30.200272000000016 Y37.13377600000001 F300
G1 X30.184184153574034 Y37.12974619770669 F300
G1 X30.151045083597612 Y37.112708180547 F300
G1 X30.091627064000026 Y37.07374685600003 F300
G1 X30.00203704151746 Y37.00751424820644 F300
G1 X29.875120512000017 Y36.906790848000014 F300
G1 X29.574080728000013 Y36.65260511200001 F300
G1 X29.211836096000017 Y36.330886784000015 F300
G1 X28.811715000000017 Y35.96133300000001 F300
G1 X28.31917987500002 Y35.492834583333355 F300
G1 X28.12530432450891 Y35.301261341875545 F300
G1 X27.983290333333358 Y35.153556000000016 F300
G1 X27.861191081285877 Y35.01509281718574 F300
G1 X27.780584625000017 Y34.90968375000001 F300
G1 X27.73594092777279 Y34.839166877568836 F300
G1 X27.70608635101376 Y34.77931784349317 F300
G1 X27.68760100000002 Y34.72740433333335 F300
G1 X27.676834353998135 Y34.67364055741341 F300
G1 X27.67500918061961 Y34.6227834500187 F300
G1 X27.680877708333348 Y34.57290425000001 F300
G1 X27.70169900022557 Y34.497840697586206 F300
G1 X27.736953000000018 Y34.41237000000001 F300
G1 X27.787079399162263 Y34.31388843868757 F300
G1 X27.846169993541253 Y34.218645467789564 F300
G1 X27.914269169710874 Y34.12652353016506 F300
G1 X27.991514262093332 Y34.03746711490021 F300
G1 X28.078121375000016 Y33.95148943750001 F300
G1 X28.192561327208995 Y33.854262886735924 F300
G1 X28.31994266206512 Y33.762376934864875 F300
G1 X28.460604655477432 Y33.67612431334269 F300
G1 X28.61494075000002 Y33.59592950000001 F300
G1 X28.771737135601573 Y33.52702359042134 F300
G1 X28.93999161247501 Y33.46484904002661 F300
G1 X29.119870622855665 Y33.40991167507394 F300
G1 X29.311534500000022 Y33.36281306250001 F300
G1 X29.50256542382454 Y33.326312621303146 F300
G1 X29.70301554571651 Y33.298158666056295 F300
G1 X29.912854079836602 Y33.27892601122348 F300
G1 X30.132026000000018 Y33.26926300000001 F300
G1 X30.302510319888984 Y33.2700751432863 F300
G1 X30.440615026005574 Y33.279202373891806 F300
G1 X30.551357996238814 Y33.29503081543062 F300
G1 X30.63922725000002 Y33.316131500000004 F300
G1 X30.71230399529615 Y33.34315206763292 F300
G1 X30.768591420836586 Y33.374139134228 F300
G1 X30.811164088052468 Y33.40861638767928 F300
G1 X30.84241234700006 Y33.44659387815155 F300
G1 X30.863950000000017 Y33.48860100000001 F300
G1 X30.863952 Y33.48861900000001 F300
M2
