G21
G90;svg#svg5 > g#layer1 > path#path141
G0 X9.27183 Y13.689453
G1 X8.896841025378645 Y13.723194588341524 F300
G1 X8.524461253359526 Y13.767268223666292 F300
G1 X8.15463361346445 Y13.821623299268358 F300
G1 X7.7873029505498135 Y13.886225220205715 F300
G1 X7.422416611684407 Y13.96105531448005 F300
G1 X7.059925031265463 Y14.046110720368734 F300
G1 X6.699782312500001 Y14.14140425 F300
G1 X6.342921006943618 Y14.246661909236872 F300
G1 X5.988619922623901 Y14.362070161165821 F300
G1 X5.636839689998421 Y14.487661661106227 F300
G1 X5.287545860968882 Y14.623484158839613 F300
G1 X4.940709458314048 Y14.769600288630336 F300
G1 X4.596307514727025 Y14.926087338518203 F300
G1 X4.2543236 Y15.093037000000002 F300
G1 X4.052378710429207 Y15.198017080163792 F300
G1 X3.842048222222223 Y15.31287856018519 F300
G1 X3.632661401765157 Y15.432164077280111 F300
G1 X3.428054811111112 Y15.553258148148153 F300
G1 X3.228469883010991 Y15.675838995033828 F300
G1 X3.0465372500000005 Y15.791915625000001 F300
G1 X2.8740808768448343 Y15.906754230705003 F300
G1 X2.7316894222222228 Y16.006590851851854 F300
G1 X2.603643013603831 Y16.10295475890878 F300
G1 X2.517705211111111 Y16.175023689814815 F300
G1 X2.4672576657647 Y16.225326096155698 F300
G1 X2.4444866475341653 Y16.25663870461785 F300
G1 X2.4387785 Y16.274954 F300
G1 X2.445110540191125 Y16.289340306330132 F300
G1 X2.4783844625000007 Y16.336074468750002 F300
G1 X2.5862225 Y16.46706175 F300
G1 X2.7458228375000004 Y16.648664656250002 F300
G1 X2.9407157 Y16.861632 F300
G1 X3.286930561125631 Y17.229730206983618 F300
G1 X3.6331093784000013 Y17.591025288000004 F300
G1 X3.9800159174960363 Y17.946480336120295 F300
G1 X4.3174960232 Y18.285886464 F300
G1 X4.652535338371759 Y18.616314198915884 F300
G1 X4.9688887688 Y18.921821496 F300
G1 X5.279665536446188 Y19.214967589826543 F300
G1 X5.562300749600001 Y19.474436352 F300
G1 X5.836463840184891 Y19.717982001111167 F300
G1 X6.072745100000001 Y19.919337 F300
G1 X6.4552354 Y20.237292 F300
G1 X6.1431857 Y20.360032 F300
G1 X5.8887317304022675 Y20.465566164448234 F300
G1 X5.65456882737584 Y20.573693085932394 F300
G1 X5.439291335892023 Y20.68450011887964 F300
G1 X5.241576718906204 Y20.798075502886185 F300
G1 X5.060184626562501 Y20.914515718749996 F300
G1 X4.9086461710555644 Y21.022817974569193 F300
G1 X4.768232119077771 Y21.1341481615015 F300
G1 X4.638303456324696 Y21.248679373444745 F300
G1 X4.518274025657333 Y21.36660715893833 F300
G1 X4.4076107729867084 Y21.48815229103204 F300
G1 X4.3058339375 Y21.61356325 F300
G1 X4.210697996080323 Y21.74580778074128 F300
G1 X4.123667484051899 Y21.88321642498735 F300
G1 X4.044499077059892 Y22.0262014432963 F300
G1 X3.97300265234629 Y22.17521040729893 F300
G1 X3.909039666241234 Y22.330727035091734 F300
G1 X3.8525211546875 Y22.49327190625 F300
G1 X3.7972560630846814 Y22.6873213182909 F300
G1 X3.751401185201779 Y22.892924163176268 F300
G1 X3.715162354501448 Y23.11111489619881 F300
G1 X3.688802467846872 Y23.34299570689346 F300
G1 X3.6726338 Y23.589739 F300
G1 X3.6685761252742424 Y23.826585955468882 F300
G1 X3.6767623233280786 Y24.05638574718718 F300
G1 X3.6967356658613175 Y24.27946689178043 F300
G1 X3.7281167341906403 Y24.49614884534417 F300
G1 X3.7706030328251003 Y24.70673793202295 F300
G1 X3.8239682176000005 Y24.911523144000007 F300
G1 X3.88963578209272 Y25.115221811460458 F300
G1 X3.9662647447818236 Y25.312972617890498 F300
G1 X4.053769237459192 Y25.505013311874016 F300
G1 X4.152136275748811 Y25.69155116187348 F300
G1 X4.26142310281783 Y25.87275887281019 F300
G1 X4.3817540928000005 Y26.048770712000003 F300
G1 X4.510566012063186 Y26.21630005341592 F300
G1 X4.650077548266317 Y26.37862178587537 F300
G1 X4.800504599729433 Y26.53577501432194 F300
G1 X4.962113093421188 Y26.68775640384813 F300
G1 X5.135215259200152 Y26.834517909031828 F300
G1 X5.3201657792 Y26.975964808 F300
G1 X5.506986824982851 Y27.10514596733828 F300
G1 X5.70480553653965 Y27.229016734700572 F300
G1 X5.913969571455112 Y27.347417389220052 F300
G1 X6.134852257877697 Y27.460147655067434 F300
G1 X6.367849646729594 Y27.56696590891593 F300
G1 X6.6133776304000005 Y27.667588536000004 F300
G1 X6.854370675948922 Y27.755676641456933 F300
G1 X7.106634175358689 Y27.837655755423036 F300
G1 X7.370519656396233 Y27.913233009895727 F300
G1 X7.64638876583829 Y27.982082315556834 F300
G1 X7.9346114147744435 Y28.043844086595755 F300
G1 X8.235564 Y28.098125 F300
G1 X8.37139853707694 Y28.11645247788277 F300
G1 X8.55624826851852 Y28.1338512962963 F300
G1 X8.754946107496899 Y28.147253612139014 F300
G1 X8.985217814814815 Y28.158371370370375 F300
G1 X9.223219667671144 Y28.16617536300362 F300
G1 X9.475448749999998 Y28.171072 F300
G1 X9.729440380746572 Y28.172798728971898 F300
G1 X9.979917185185187 Y28.17133996296296 F300
G1 X10.226305874538959 Y28.16652513992699 F300
G1 X10.451599231481481 Y28.158562037037036 F300
G1 X10.666780842897685 Y28.146661981574265 F300
G1 X10.843471000000001 Y28.132125 F300
G1 X11.17485817062845 Y28.09438037590446 F300
G1 X11.513588640625002 Y28.046536140624998 F300
G1 X11.851615629832681 Y27.989935518556436 F300
G1 X12.183701125000002 Y27.925716125 F300
G1 X12.510578609786691 Y27.853699764247636 F300
G1 X12.817969046875001 Y27.777069796875 F300
G1 X13.115557485598451 Y27.693093811488172 F300
G1 X13.380553 Y27.608002 F300
G1 X13.610612000000001 Y27.528982 F300
G1 X14.189295000000001 Y28.065352 F300
G1 X14.676223839396284 Y28.508400577167862 F300
G1 X15.16796308269745 Y28.939483853748108 F300
G1 X15.664360936685977 Y29.358639986564988 F300
G1 X16.165272879028908 Y29.765901665346632 F300
G1 X16.670561288000005 Y30.16129583200001 F300
G1 X17.18530656864916 Y30.54868931297729 F300
G1 X17.703813737850247 Y30.923695615053354 F300
G1 X18.22594709699417 Y31.286351739416613 F300
G1 X18.751577866845555 Y31.636688329796808 F300
G1 X19.280583784 Y31.974729376000003 F300
G1 X19.8182610860841 Y32.30373166404612 F300
G1 X20.358678357234837 Y32.61994556931443 F300
G1 X20.901718205578582 Y32.92340534875926 F300
G1 X21.447269742823206 Y33.21413775186936 F300
G1 X21.995228136 Y33.492161704 F300
G1 X22.550914963627726 Y33.76003340655315 F300
G1 X23.10836527169934 Y34.014739863625465 F300
G1 X23.667482437609678 Y34.25630901391357 F300
G1 X24.228175767969987 Y34.48475981183387 F300
G1 X24.790359992000006 Y34.700101888000006 F300
G1 X25.264239884812838 Y34.871052589449775 F300
G1 X25.738722265904723 Y35.03261137684028 F300
G1 X26.213763715626715 Y35.18478875268997 F300
G1 X26.689323355310048 Y35.32759004893056 F300
G1 X27.16536261514216 Y35.46101528015333 F300
G1 X27.641845000000004 Y35.585059 F300
G1 X28.102417160585333 Y35.69579283606517 F300
G1 X28.564415178915674 Y35.79777521808046 F300
G1 X29.027608595664866 Y35.89102118174209 F300
G1 X29.49176907135983 Y35.975540088697535 F300
G1 X29.956669828125 Y36.051335578125 F300
G1 X30.423635842560355 Y36.118614323139305 F300
G1 X30.890162876413502 Y36.17701685214979 F300
G1 X31.35602351889835 Y36.22657042701027 F300
G1 X31.820993050654646 Y36.26729659347779 F300
G1 X32.28484887500001 Y36.299211125 F300
G1 X32.750630810949104 Y36.32245590032739 F300
G1 X33.21409183530653 Y36.33676256248319 F300
G1 X33.67501850525921 Y36.34217201588719 F300
G1 X34.13320064875404 Y36.338718918017776 F300
G1 X34.588430734375 Y36.326431609375 F300
G1 X35.045370246038544 Y36.305055986865156 F300
G1 X35.4981296407524 Y36.274749933461685 F300
G1 X35.94652090939505 Y36.23556652521563 F300
G1 X36.39035958681064 Y36.187551466647214 F300
G1 X36.829464 Y36.130743 F300
G1 X37.31540016446086 Y36.057056984296345 F300
G1 X37.80515892619308 Y35.97164786813523 F300
G1 X38.2984161085128 Y35.87454008283093 F300
G1 X38.79483711200001 Y35.76575085600001 F300
G1 X39.28742041136744 Y35.646969045804745 F300
G1 X39.78145094302936 Y35.51708938582602 F300
G1 X40.27656657277909 Y35.376174143746056 F300
G1 X40.772396896000004 Y35.22427960800001 F300
G1 X41.264228243841856 Y35.06292583072628 F300
G1 X41.75509555037729 Y34.89120757219488 F300
G1 X42.24461838442484 Y34.70922133843891 F300
G1 X42.732410424 Y34.517057832000006 F300
G1 X43.21603026916257 Y34.3156785379836 F300
G1 X43.69628011118861 Y34.10476292988557 F300
G1 X44.17277961018733 Y33.88443543501397 F300
G1 X44.64514476800001 Y33.65481410400001 F300
G1 X45.11305206893145 Y33.415976944759365 F300
G1 X45.575217257533566 Y33.16851339265241 F300
G1 X46.03127722462908 Y32.91256780751428 F300
G1 X46.480867 Y32.64827700000001 F300
G1 X46.81733607200002 Y32.43958478400002 F300
G1 X47.144801736000005 Y32.22586567200001 F300
G1 X47.425482664 Y32.033070768 F300
G1 X47.54237231802247 Y31.94823455991608 F300
G1 X47.621597528 Y31.887151176000007 F300
G1 X47.6837334015726 Y31.832057553788367 F300
G1 X47.695365 Y31.814058000000006 F300
G1 X47.69338492549434 Y31.799344944340074 F300
G1 X47.68719932506398 Y31.789674500504784 F300
G1 X47.67496353125001 Y31.78397167187501 F300
G1 X47.64836914328259 Y31.78390667284793 F300
G1 X47.589903250000006 Y31.797812375000007 F300
G1 X47.519548786982654 Y31.82181008153285 F300
G1 X47.40440034375 Y31.866492140625006 F300
G1 X47.082671000000005 Y32.00092300000001 F300
G1 X46.797603047927915 Y32.117631093369575 F300
G1 X46.48773868172337 Y32.23540262882042 F300
G1 X46.1528169675926 Y32.3538676388889 F300
G1 X45.81623058614306 Y32.46509665280391 F300
G1 X45.45918309605744 Y32.57568859187455 F300
G1 X45.08197874074076 Y32.68525677777779 F300
G1 X44.70365141633362 Y32.78846055698393 F300
G1 X44.30946795297717 Y32.889536854602426 F300
G1 X43.900094625 Y32.98810825 F300
G1 X43.48983867402731 Y33.08080842749912 F300
G1 X43.06854260190158 Y33.17003553746868 F300
G1 X42.63710292592594 Y33.2554398888889 F300
G1 X42.20478214633265 Y33.3351790661791 F300
G1 X41.76638569966347 Y33.410224250580896 F300
G1 X41.32294194907408 Y33.480269527777786 F300
G1 X40.87864920525089 Y33.544566947777625 F300
G1 X40.43316132840114 Y33.60309952211325 F300
G1 X39.987550000000006 Y33.65561500000001 F300
G1 X39.33435125729794 Y33.72224436347304 F300
G1 X38.67922820886707 Y33.77739805793454 F300
G1 X38.02245994705844 Y33.821100605931036 F300
G1 X37.364325488122745 Y33.853369792431295 F300
G1 X36.705104390625 Y33.87421670312501 F300
G1 X36.0456683490155 Y33.883642432814305 F300
G1 X35.38661797871402 Y33.88167912284955 F300
G1 X34.728236546390406 Y33.86836508510498 F300
G1 X34.07080661174064 Y33.843732085677544 F300
G1 X33.41461062500001 Y33.80780537500001 F300
G1 X32.75835010793619 Y33.760475896861884 F300
G1 X32.10480762066658 Y33.701918582962456 F300
G1 X31.45425866324321 Y33.63218609808931 F300
G1 X30.806977352619775 Y33.551324269219165 F300
G1 X30.163237046875004 Y33.45937210937501 F300
G1 X29.519641785356693 Y33.35573741530261 F300
G1 X28.881080881610234 Y33.24111246106003 F300
G1 X28.2478099534927 Y33.115562256008516 F300
G1 X27.620082779343946 Y32.9791441794527 F300
G1 X26.998152000000005 Y32.83190800000001 F300
G1 X26.40720064885132 Y32.6806150377815 F300
G1 X25.820199218890057 Y32.51920479380292 F300
G1 X25.237174553868563 Y32.347741478609024 F300
G1 X24.65815488648646 Y32.16628286809282 F300
G1 X24.083170081193945 Y31.97488040699109 F300
G1 X23.512251876275425 Y31.773579316094082 F300
G1 X22.945434125000006 Y31.56241870312501 F300
G1 X22.38173017410677 Y31.341019501761643 F300
G1 X21.82264433357214 Y31.109966398100912 F300
G1 X21.268209370094993 Y30.86930379571718 F300
G1 X20.718460261822425 Y30.619070090306085 F300
G1 X20.173434435878022 Y30.359297784261017 F300
G1 X19.633172004558567 Y30.09001360471972 F300
G1 X19.097716000000005 Y29.811238625000012 F300
G1 X18.56718276769235 Y29.523027309048565 F300
G1 X18.041952954899703 Y29.225586073953426 F300
G1 X17.52206688826021 Y28.918940797294322 F300
G1 X17.007567926691777 Y28.60311174930472 F300
G1 X16.4985026943844 Y28.278113718709086 F300
G1 X15.994921311871789 Y27.943956141762257 F300
G1 X15.496877625000003 Y27.600643234375013 F300
G1 X15.005454540949351 Y27.248921629654554 F300
G1 X14.520031271650172 Y26.88835338056138 F300
G1 X14.04065770726061 Y26.51894634969065 F300
G1 X13.567387621066896 Y26.14070318319066 F300
G1 X13.100278898356862 Y25.7536214486298 F300
G1 X12.63939376277538 Y25.357693775756317 F300
G1 X12.184799000000005 Y24.952908000000015 F300
G1 X12.007486074074082 Y24.798342444444465 F300
G1 X11.868032259259266 Y24.688100888888904 F300
G1 X11.815382191135972 Y24.65331842781424 F300
G1 X11.796628000000005 Y24.646050000000017 F300
G1 X11.777653852198616 Y24.649381537397716 F300
G1 X11.729808740740749 Y24.66387103703706 F300
G1 X11.6023805925926 Y24.71059162962965 F300
G1 X11.441928000000006 Y24.776098000000015 F300
G1 X11.237703865240531 Y24.858205194766263 F300
G1 X11.033945388644424 Y24.93037285024517 F300
G1 X10.830799298251865 Y24.992779957998074 F300
G1 X10.628394994621193 Y25.045574961840575 F300
G1 X10.426848000000007 Y25.088874500000014 F300
G1 X10.221658838608366 Y25.123431872660994 F300
G1 X10.018340526982207 Y25.148117670362726 F300
G1 X9.816973742130411 Y25.16305566412133 F300
G1 X9.61762978768925 Y25.1683296093972 F300
G1 X9.420375000000007 Y25.163982000000015 F300
G1 X9.1937065925926 Y25.14741459259261 F300
G1 X8.980242407407413 Y25.121756074074092 F300
G1 X8.887898785421529 Y25.10630097821092 F300
G1 X8.826196000000007 Y25.092562000000015 F300
G1 X8.659633646466858 Y25.041606853355265 F300
G1 X8.509073912157374 Y24.982996084442355 F300
G1 X8.373707192377617 Y24.917750323412598 F300
G1 X8.252768911111119 Y24.846672666666688 F300
G1 X8.158291288577926 Y24.780209223535117 F300
G1 X8.074665452056438 Y24.710691419723407 F300
G1 X8.001344166145984 Y24.638417739437237 F300
G1 X7.937864446379784 Y24.56357080598034 F300
G1 X7.883868888888896 Y24.48622866666668 F300
G1 X7.837193490371783 Y24.402448378584232 F300
G1 X7.800877844134058 Y24.316591836830145 F300
G1 X7.774731209936742 Y24.228475945282803 F300
G1 X7.7587967653394365 Y24.137831254453495 F300
G1 X7.7533738000000065 Y24.044332000000015 F300
G1 X7.755702894976077 Y23.963081945343816 F300
G1 X7.762605061369857 Y23.893246427921866 F300
G1 X7.773914185185192 Y23.832448555555573 F300
G1 X7.791342365068319 Y23.773319190170376 F300
G1 X7.814674242511471 Y23.718683465390065 F300
G1 X7.844464881481488 Y23.666953111111127 F300
G1 X7.879805171665776 Y23.618643235442534 F300
G1 X7.923916782848458 Y23.56892820924449 F300
G1 X7.978420200000007 Y23.516431000000015 F300
G1 X8.038388741543319 Y23.465783196319556 F300
G1 X8.10707453571535 Y23.415059017655373 F300
G1 X8.186471180555564 Y23.363909842592612 F300
G1 X8.314597970516033 Y23.293565524984952 F300
G1 X8.47726591111112 Y23.218800407407425 F300
G1 X8.655855325319774 Y23.14864082627812 F300
G1 X8.880953775000005 Y23.071366250000015 F300
G1 X9.125329633817392 Y22.996429369981477 F300
G1 X9.427684155555564 Y22.91187092592594 F300
G1 X9.75292379655636 Y22.82737625830199 F300
G1 X10.147606436111117 Y22.730577990740755 F300
G1 X10.568733404567693 Y22.631758010756403 F300
G1 X11.070870000000006 Y22.517751000000015 F300
G1 X11.49718366176627 Y22.41983089810558 F300
G1 X11.87213168000001 Y22.32872286400002 F300
G1 X12.230600746061128 Y22.235673921069186 F300
G1 X12.549131920000008 Y22.146541352000018 F300
G1 X12.8550583159047 Y22.053568468045448 F300
G1 X13.132493520000008 Y21.961492608000015 F300
G1 X13.400990835835714 Y21.863959848685422 F300
G1 X13.65283928000001 Y21.763862776000018 F300
G1 X13.899193025474581 Y21.657185129954446 F300
G1 X14.140792000000006 Y21.543938000000015 F300
G1 X14.348737999641168 Y21.437744650919537 F300
G1 X14.546805122713682 Y21.326517782158188 F300
G1 X14.734715640625005 Y21.210897906250015 F300
G1 X14.917726034931777 Y21.08758119937039 F300
G1 X15.088258907032714 Y20.96164291666703 F300
G1 X15.246240625000008 Y20.833689750000016 F300
G1 X15.39800367703114 Y20.69826687360406 F300
G1 X15.534947732029163 Y20.562759871553727 F300
G1 X15.657289046875007 Y20.427660968750015 F300
G1 X15.771248958189581 Y20.285366128456346 F300
G1 X15.868565372301909 Y20.145452040524233 F300
G1 X15.949783000000007 Y20.008159000000013 F300
G1 X15.975266357377178 Y19.963335400862906 F300
G1 X15.987217814814827 Y19.94993659259261 F300
G1 X15.992292722308614 Y19.950182779426004 F300
G1 X15.997177705473355 Y19.96014982781545 F300
G1 X16.001694851851862 Y19.99741307407409 F300
G1 X16.005143000000007 Y20.189714000000013 F300
G1 X16.009104872415705 Y20.33219474265326 F300
G1 X16.019251585994976 Y20.487090586833784 F300
G1 X16.035764156250007 Y20.653507562500014 F300
G1 X16.069898141648398 Y20.903821689271098 F300
G1 X16.115980000000008 Y21.164439750000014 F300
G1 X16.172113471457973 Y21.42436450645497 F300
G1 X16.23709409375001 Y21.678240312500012 F300
G1 X16.311327167832225 Y21.92563954317434 F300
G1 X16.390410000000006 Y22.150639000000012 F300
G1 X16.494616864740863 Y22.406803414953377 F300
G1 X16.60875736010818 Y22.65504908966415 F300
G1 X16.73259132180962 Y22.895480500574294 F300
G1 X16.865924259355964 Y23.128183146762282 F300
G1 X17.008605015625005 Y23.35322031250001 F300
G1 X17.161846670988016 Y23.572435336256614 F300
G1 X17.323946311961116 Y23.783328422980574 F300
G1 X17.49478689374718 Y23.985937681799506 F300
G1 X17.674289471167093 Y24.18027269159175 F300
G1 X17.862410375000007 Y24.366311500000013 F300
G1 X18.058679212422295 Y24.54360157490682 F300
G1 X18.26295430812212 Y24.71202841024793 F300
G1 X18.475219168354904 Y24.871539555994946 F300
G1 X18.695486399452207 Y25.022045622928186 F300
G1 X18.92379454687501 Y25.16341768750001 F300
G1 X19.157165973495935 Y25.29387454775251 F300
G1 X19.397876950711606 Y25.4147513334669 F300
G1 X19.645986085107374 Y25.52588442770856 F300
G1 X19.901571195033352 Y25.627066415757092 F300
G1 X20.164726000000005 Y25.718044000000013 F300
G1 X20.39002526198543 Y25.78733779209899 F300
G1 X20.60097228800001 Y25.84577608000002 F300
G1 X20.81012040319079 Y25.896502300299964 F300
G1 X21.014810784000005 Y25.938484480000017 F300
G1 X21.22060234630019 Y25.972776874239543 F300
G1 X21.431730736000002 Y25.999925440000016 F300
G1 X21.646729240214004 Y26.019897725268365 F300
G1 X21.877221392000006 Y26.033855200000016 F300
G1 X22.114424416262864 Y26.0415915259656 F300
G1 X22.376772000000006 Y26.044030000000014 F300
G1 X22.677994502715674 Y26.039594372756106 F300
G1 X22.962117327795212 Y26.02698035409617 F300
G1 X23.230889406250007 Y26.00645334375001 F300
G1 X23.49901897690017 Y25.976580889569703 F300
G1 X23.755361819180767 Y25.93823507905677 F300
G1 X24.001393250000003 Y25.89151550000001 F300
G1 X24.245265601375685 Y25.83478136402435 F300
G1 X24.48261403621104 Y25.768875334610087 F300
G1 X24.714688218750005 Y25.69365465625001 F300
G1 X24.943385724121825 Y25.608675704176953 F300
G1 X25.170502663029595 Y25.513364072634808 F300
G1 X25.397179000000005 Y25.407309000000012 F300
G1 X25.614046554569033 Y25.295223159559008 F300
G1 X25.820771460617454 Y25.177402104464306 F300
G1 X26.01790045011712 Y25.05371747384004 F300
G1 X26.205947843367873 Y24.924019731804762 F300
G1 X26.38539611111112 Y24.788136333333348 F300
G1 X26.559492674561252 Y24.64343680231626 F300
G1 X26.72603781877458 Y24.491493537345214 F300
G1 X26.88538203187562 Y24.331984572204867 F300
G1 X27.037846033676082 Y24.16455680339543 F300
G1 X27.183721888888897 Y23.988825000000016 F300
G1 X27.320457579736562 Y23.80826721672684 F300
G1 X27.45168186826575 Y23.61842028247591 F300
G1 X27.57754680331515 Y23.418766164708188 F300
G1 X27.698184487813005 Y23.20875348668558 F300
G1 X27.813709000000003 Y22.98779700000001 F300
G1 X27.999123000000004 Y22.61594200000001 F300
G1 X28.042153000000006 Y22.82677700000001 F300
G1 X28.06725782642746 Y22.942008910713387 F300
G1 X28.093224703125006 Y23.04562096875001 F300
G1 X28.12240813213408 Y23.146163527095005 F300
G1 X28.155045125000004 Y23.24352925000001 F300
G1 X28.191928511504827 Y23.34019754987583 F300
G1 X28.235309734375008 Y23.44196890625001 F300
G1 X28.283601779836715 Y23.54569059011052 F300
G1 X28.341714000000007 Y23.66240700000001 F300
G1 X28.425280301363085 Y23.815650218723086 F300
G1 X28.517193851341634 Y23.96502320023434 F300
G1 X28.617470832057005 Y24.11059388548189 F300
G1 X28.72616579729818 Y24.2524055077462 F300
G1 X28.84336878125001 Y24.390474484375012 F300
G1 X28.966036332119405 Y24.521564603924354 F300
G1 X29.09674842548905 Y24.648751492682507 F300
G1 X29.23561451761609 Y24.771996114106667 F300
G1 X29.382767036387406 Y24.8912329698862 F300
G1 X29.538358750000008 Y25.006368875000007 F300
G1 X29.73724081849639 Y25.13944587135783 F300
G1 X29.948352275718413 Y25.265787693140744 F300
G1 X30.171966580127364 Y25.385130358371796 F300
G1 X30.408382593750005 Y25.497148828125006 F300
G1 X30.64726218942135 Y25.597271527324462 F300
G1 X30.89784984081357 Y25.689695691831822 F300
G1 X31.160390927262434 Y25.774040922629844 F300
G1 X31.435139000000007 Y25.84987300000001 F300
G1 X31.784576875000013 Y25.933661583333343 F300
G1 X31.945260258589258 Y25.967326032021003 F300
G1 X32.09685966666668 Y25.99513566666668 F300
G1 X32.24785730368128 Y26.018457681585478 F300
G1 X32.40079662500001 Y26.03743975000001 F300
G1 X32.55645337216819 Y26.052208536985162 F300
G1 X32.72519700000001 Y26.06371833333334 F300
G1 X32.90017785754519 Y26.071691208281095 F300
G1 X33.09887004166667 Y26.077115916666674 F300
G1 X33.550625000000004 Y26.08077700000001 F300
G1 X33.81940635440024 Y26.07909962595532 F300
G1 X34.0588670138889 Y26.074163652777788 F300
G1 X34.29029982560909 Y26.06514105189476 F300
G1 X34.50346544444446 Y26.05206022222223 F300
G1 X34.712354990289654 Y26.033871434724922 F300
G1 X34.914608375 Y26.010546625000007 F300
G1 X35.11608428783978 Y25.98144236685495 F300
G1 X35.3224838888889 Y25.94570277777779 F300
G1 X35.53165511194948 Y25.903937354161172 F300
G1 X35.75728006944445 Y25.85360859722223 F300
G1 X35.98955979059447 Y25.797282942481754 F300
G1 X36.249185000000004 Y25.73034400000001 F300
G1 X36.637052000000004 Y25.62787400000001 F300
G1 X36.637052000000004 Y24.31171500000001 F300
G1 X36.63604456000001 Y23.735803424000018 F300
G1 X36.63206448000001 Y23.354517112000014 F300
G1 X36.62367512 Y23.12957068800001 F300
G1 X36.616533787685235 Y23.0577437105537 F300
G1 X36.60943984000001 Y23.022678776000014 F300
G1 X36.598270491976876 Y23.000007293445364 F300
G1 X36.587922000000006 Y22.99555600000001 F300
G1 X36.569581804465045 Y22.998538948793104 F300
G1 X36.52530262962964 Y23.011233222222234 F300
G1 X36.40836303703704 Y23.05233377777779 F300
G1 X36.262421 Y23.109961000000013 F300
G1 X36.08352686283865 Y23.180102292421516 F300
G1 X35.89456517887076 Y23.246595841130382 F300
G1 X35.696445096000005 Y23.309080736000016 F300
G1 X35.496571178378375 Y23.365459498070027 F300
G1 X35.29208129425999 Y23.416824791554586 F300
G1 X35.084165848000005 Y23.462914728000015 F300
G1 X34.87505686536776 Y23.50327190207412 F300
G1 X34.66692461205617 Y23.537552976847447 F300
G1 X34.460992952000005 Y23.565626752000014 F300
G1 X34.254238415888466 Y23.58774585309275 F300
G1 X34.054348217884815 Y23.602977195499875 F300
G1 X33.86233610400001 Y23.611380584000017 F300
G1 X33.66979828539593 Y23.612914696396018 F300
G1 X33.490056438223476 Y23.607129066718105 F300
G1 X33.323605 Y23.594340000000013 F300
G1 X33.126148829070516 Y23.57004231519392 F300
G1 X32.942135290864634 Y23.53905842738443 F300
G1 X32.77127891576811 Y23.50206695479548 F300
G1 X32.61325937037038 Y23.459669037037052 F300
G1 X32.45362944948093 Y23.407330013326803 F300
G1 X32.30981548005325 Y23.350154499860288 F300
G1 X32.181070397902246 Y23.288775814475773 F300
G1 X32.066653296296295 Y23.223700296296307 F300
G1 X31.97612780341625 Y23.162861630668907 F300
G1 X31.896524610140375 Y23.100050173866357 F300
G1 X31.827224745966227 Y23.035429899434217 F300
G1 X31.76768074060041 Y22.969072245578875 F300
G1 X31.717439 Y22.900960000000012 F300
G1 X31.681100975054065 Y22.842531662330142 F300
G1 X31.656393444444447 Y22.794054185185203 F300
G1 X31.638465559522604 Y22.745024192946964 F300
G1 X31.62709455555556 Y22.692573481481496 F300
G1 X31.621392448046755 Y22.635960419214637 F300
G1 X31.619549 Y22.56191700000001 F300
G1 X31.621124741547845 Y22.48400041277006 F300
G1 X31.626283222222224 Y22.430163000000018 F300
G1 X31.637633261266902 Y22.382482371968766 F300
G1 X31.656222777777774 Y22.34123033333335 F300
G1 X31.6827079449875 Y22.301563793219565 F300
G1 X31.723973 Y22.25173500000001 F300
G1 X31.773303703005475 Y22.201640793926494 F300
G1 X31.836059763242282 Y22.15019293396941 F300
G1 X31.91534304800001 Y22.09697672800002 F300
G1 X31.998343276930406 Y22.050102162902796 F300
G1 X32.09992170810132 Y22.00072675924536 F300
G1 X32.223695624 Y21.948507944000013 F300
G1 X32.420575726868314 Y21.87703020232802 F300
G1 X32.673495176 Y21.79815069600001 F300
G1 X32.94862555723754 Y21.722436312588716 F300
G1 X33.289206152 Y21.637727032000015 F300
G1 X33.654847759037644 Y21.55386209476598 F300
G1 X34.095293 Y21.45905900000001 F300
G1 X34.54281445031898 Y21.362398027949375 F300
G1 X34.94341638050419 Y21.269920467754616 F300
G1 X35.30199068 Y21.18089769600002 F300
G1 X35.65867479641335 Y21.08470469784803 F300
G1 X35.97610432064082 Y20.990768936888912 F300
G1 X36.25880372 Y20.89855904800001 F300
G1 X36.53884116178885 Y20.796973233839097 F300
G1 X36.7879320097116 Y20.69561471302621 F300
G1 X37.010037319999995 Y20.59408635200001 F300
G1 X37.175212009930775 Y20.510117022252814 F300
G1 X37.327711891951935 Y20.42483179313001 F300
G1 X37.46889045249721 Y20.338030738107534 F300
G1 X37.599996680000004 Y20.24952290400001 F300
G1 X37.76973331973086 Y20.121641294033104 F300
G1 X37.92667702150609 Y19.98768375463403 F300
G1 X38.072987 Y19.84691200000001 F300
G1 X38.337064999999996 Y19.57769700000001 F300
G1 X38.33976499999999 Y20.106522000000012 F300
G1 X38.34707351319581 Y20.371264585069177 F300
G1 X38.36614439436939 Y20.62824608623275 F300
G1 X38.39684869683849 Y20.87830971165914 F300
G1 X38.43910896296297 Y21.122265259259272 F300
G1 X38.4938095383962 Y21.364486668886357 F300
G1 X38.5606853296508 Y21.60282773371347 F300
G1 X38.63995971595094 Y21.838012618793865 F300
G1 X38.73191937037037 Y22.07074940740742 F300
G1 X38.834912067200534 Y22.297596811280794 F300
G1 X38.95128588243705 Y22.524171184907775 F300
G1 X39.08162214271083 Y22.75109957720003 F300
G1 X39.226563999999996 Y22.979014000000014 F300
G1 X39.37241925470558 Y23.18786167680033 F300
G1 X39.52687497858497 Y23.390030624139527 F300
G1 X39.68991416350251 Y23.58562478833053 F300
G1 X39.86154911166341 Y23.774725378327403 F300
G1 X40.0418196747581 Y23.95738962990543 F300
G1 X40.23079140624999 Y24.133649656250014 F300
G1 X40.42539449285436 Y24.300905780295594 F300
G1 X40.62825953128116 Y24.46166693257289 F300
G1 X40.83946647899166 Y24.61592077144794 F300
G1 X41.059113810199 Y24.76363063215211 F300
G1 X41.287316752606365 Y24.90473482240485 F300
G1 X41.524205499999994 Y25.039146000000013 F300
G1 X41.76240400600922 Y25.163013867810793 F300
G1 X42.008629842655466 Y25.28016020271368 F300
G1 X42.26300076634422 Y25.390472253730817 F300
G1 X42.525643838313755 Y25.493814490866487 F300
G1 X42.79669394736498 Y25.590028277375353 F300
G1 X43.07629234375 Y25.678931593750015 F300
G1 X43.353289133624216 Y25.75731814872283 F300
G1 X43.638014187842955 Y25.828451632563443 F300
G1 X43.93058271638382 Y25.89214608970932 F300
G1 X44.23111283326159 Y25.948195569470133 F300
G1 X44.539724418404504 Y25.996373985368578 F300
G1 X44.85653799999999 Y26.036435000000015 F300
G1 X45.00657727245526 Y26.050216851070243 F300
G1 X45.19479855976677 Y26.061754825072907 F300
G1 X45.39360962185346 Y26.069613168140755 F300
G1 X45.61629594752186 Y26.074722172011672 F300
G1 X46.082424011661786 Y26.076107419825085 F300
G1 X46.554576600583076 Y26.06668094752188 F300
G1 X46.99414756268221 Y26.047213134110805 F300
G1 X47.19516230219788 Y26.033524091898606 F300
G1 X47.362530746355674 Y26.0184743586006 F300
G1 X47.51580751353289 Y25.999733061151996 F300
G1 X47.62111999999999 Y25.981235000000016 F300
G1 X47.69539999999999 Y25.965185000000016 F300
G1 X47.69539999999999 Y24.719690000000014 F300
G1 X47.69539999999999 Y23.474195000000016 F300
G1 X46.84539399999999 Y23.474195000000016 F300
G1 X46.44026551388889 Y23.471807921296318 F300
G1 X46.128259444444446 Y23.461691703703725 F300
G1 X45.99367428478548 Y23.45212967586037 F300
G1 X45.87419537499999 Y23.439413875000014 F300
G1 X45.75778080959173 Y23.422309529106652 F300
G1 X45.64289288888889 Y23.40054196296298 F300
G1 X45.52695730626995 Y23.374033297124562 F300
G1 X45.399171569444434 Y23.340643495370387 F300
G1 X45.10785099999999 Y23.255286000000016 F300
G1 X44.895420677882704 Y23.18541941144487 F300
G1 X44.69051934276807 Y23.10780958387452 F300
G1 X44.4931178719607 Y23.022826576986716 F300
G1 X44.30319588 Y22.93079576000002 F300
G1 X44.11656509404601 Y22.829609165636978 F300
G1 X43.938430114349124 Y22.722018576877666 F300
G1 X43.76874779025866 Y22.608327282059346 F300
G1 X43.60749235999999 Y22.48879480000002 F300
G1 X43.45141335506336 Y22.36084284179787 F300
G1 X43.30472673955254 Y22.227759878598775 F300
G1 X43.16738392966403 Y22.0897675494357 F300
G1 X43.03936659999998 Y21.947044560000016 F300
G1 X42.918631250854006 Y21.797023953729465 F300
G1 X42.80807054408401 Y21.642990235394095 F300
G1 X42.70766492709075 Y21.48505909268372 F300
G1 X42.61744475999999 Y21.323306480000017 F300
G1 X42.53675487996922 Y21.15611243116759 F300
G1 X42.46693994163687 Y20.98573207508869 F300
G1 X42.40808517949914 Y20.812155317965896 F300
G1 X42.36035299999999 Y20.635342000000016 F300
G1 X42.341183741430676 Y20.53828108973899 F300
G1 X42.32534054399999 Y20.42214007200002 F300
G1 X42.314471344339644 Y20.301134294808428 F300
G1 X42.30773735199999 Y20.170732976000018 F300
G1 X42.30547082135679 Y20.038862861575794 F300
G1 X42.307564687999985 Y19.907499544000014 F300
G1 X42.31414322542894 Y19.777937807476118 F300
G1 X42.32484381599999 Y19.65881860800002 F300
G1 X42.34058334155274 Y19.54489967745119 F300
G1 X42.35959599999999 Y19.451069000000015 F300
G1 X42.408415296810325 Y19.276728251565554 F300
G1 X42.469789734464705 Y19.102920455801012 F300
G1 X42.54365147200812 Y18.929890108883168 F300
G1 X42.630011037037036 Y18.75793059259261 F300
G1 X42.72588112231712 Y18.59234798548647 F300
G1 X42.83293190339562 Y18.42963783892498 F300
G1 X42.95110031263629 Y18.27018293362619 F300
G1 X43.08036896296296 Y18.114420407407426 F300
G1 X43.217118145538635 Y17.96657900460395 F300
G1 X43.36348976466465 Y17.824173659057617 F300
G1 X43.51939216349047 Y17.687661049061898 F300
G1 X43.68476599999999 Y17.557554000000017 F300
G1 X43.795776421283634 Y17.479834049714476 F300
G1 X43.93525782812499 Y17.39148596875002 F300
G1 X44.08352250323072 Y17.304682238438915 F300
G1 X44.24516887499999 Y17.21622500000002 F300
G1 X44.41010590140103 Y17.131688208942755 F300
G1 X44.572601234374986 Y17.053959281250016 F300
G1 X44.73337699394243 Y16.983130933830907 F300
G1 X44.87565699999999 Y16.92687700000002 F300
G1 X45.04290895541627 Y16.8694833482806 F300
G1 X45.22199667493728 Y16.816321289916118 F300
G1 X45.41188874999999 Y16.767843062500017 F300
G1 X45.60326615274955 Y16.72617402457048 F300
G1 X45.79973672400339 Y16.690204366514333 F300
G1 X45.99983674999999 Y16.660228000000018 F300
G1 X46.20079474999334 Y16.63668679093381 F300
G1 X46.39990996748733 Y16.619869144120553 F300
G1 X46.59569087499999 Y16.609878437500015 F300
G1 X46.79182063184662 Y16.606841844803075 F300
G1 X46.97884447443357 Y16.611149842434223 F300
G1 X47.15564099999999 Y16.622641000000016 F300
G1 X47.36296303703704 Y16.639978407407426 F300
G1 X47.53035729629629 Y16.65243359259261 F300
G1 X47.62158399999999 Y16.657311000000014 F300
G1 X47.69624399999999 Y16.657641000000012 F300
G1 X47.687543999999995 Y15.378506000000016 F300
G1 X47.678844 Y14.099373000000014 F300
G1 X47.414764999999996 Y14.059983000000017 F300
G1 X47.262098640625 Y14.04141503125002 F300
G1 X47.041636874999995 Y14.019971750000018 F300
G1 X46.782891171874994 Y13.998309093750018 F300
G1 X46.515373 Y13.979083000000017 F300
G1 X46.25274060951282 Y13.96577420076998 F300
G1 X45.983936248080134 Y13.959741540040612 F300
G1 X45.70998056249999 Y13.961018765625017 F300
G1 X45.43614400869181 Y13.969463087290116 F300
G1 X45.16124349255686 Y13.984959648356309 F300
G1 X44.88639875 Y14.007421625000017 F300
G1 X44.6122148818669 Y14.036832958332164 F300
G1 X44.34211806552376 Y14.072828784256185 F300
G1 X44.0771768125 Y14.11521742187502 F300
G1 X43.813428818776316 Y14.164833450861902 F300
G1 X43.55903912191232 Y14.220302794900462 F300
G1 X43.314864 Y14.28133200000002 F300
G1 X43.02923586284172 Y14.363169102709932 F300
G1 X42.74957385787499 Y14.454461896827096 F300
G1 X42.47602986776559 Y14.55489064414512 F300
G1 X42.20875999200001 Y14.664166160000024 F300
G1 X41.94481066904075 Y14.783506202922476 F300
G1 X41.68844383997589 Y14.910979170870073 F300
G1 X41.439792939721364 Y15.046287099133327 F300
G1 X41.198998656 Y15.189162160000024 F300
G1 X40.96289035694945 Y15.341599579247438 F300
G1 X40.735943308482206 Y15.500810414222775 F300
G1 X40.51825931141688 Y15.666528371887768 F300
G1 X40.309952423999995 Y15.83851848000002 F300
G1 X40.10795775971522 Y16.0195581379892 F300
G1 X39.91658409400769 Y16.206026368226116 F300
G1 X39.73589951954163 Y16.39771114684526 F300
G1 X39.565993727999995 Y16.594433600000023 F300
G1 X39.40445372801031 Y16.799408295827718 F300
G1 X39.254812641729224 Y17.00858940690224 F300
G1 X39.11712784234584 Y17.221852267223476 F300
G1 X38.991495 Y17.439106000000024 F300
G1 X38.853711 Y17.69174100000002 F300
G1 X38.833411 Y17.56255700000002 F300
G1 X38.80015102736923 Y17.36232042018632 F300
G1 X38.768856 Y17.197920031250018 F300
G1 X38.734080687036354 Y17.043500463059075 F300
G1 X38.69749925 Y16.908593750000023 F300
G1 X38.65519950788919 Y16.778469150868464 F300
G1 X38.60633312499999 Y16.65078134375002 F300
G1 X38.55053723077843 Y16.522792123398833 F300
G1 X38.48235 Y16.38068600000002 F300
G1 X38.39488309593846 Y16.215883761179157 F300
G1 X38.29840759507042 Y16.054775271724697 F300
G1 X38.19296269342141 Y15.897317627067505 F300
G1 X38.078549918876675 Y15.74349246731941 F300
G1 X37.95513682400001 Y15.593308336000023 F300
G1 X37.82592731057485 Y15.450254607733124 F300
G1 X37.68842730885641 Y15.31118315660163 F300
G1 X37.542612172892724 Y15.176152510305203 F300
G1 X37.38843719882136 Y15.045246315232832 F300
G1 X37.225840672 Y14.91857476800002 F300
G1 X37.01751794915304 Y14.771021452831818 F300
G1 X36.797406799042484 Y14.630690477641746 F300
G1 X36.56544916911291 Y14.49785459748913 F300
G1 X36.32156800799999 Y14.372844032000017 F300
G1 X36.074174470326895 Y14.259708596066023 F300
G1 X35.81635911572687 Y14.15501917141418 F300
G1 X35.54811360894784 Y14.059136994473453 F300
G1 X35.269425296 Y13.972474864000022 F300
G1 X34.98949212892305 Y13.897756682861047 F300
G1 X34.70066502674075 Y13.832789106047827 F300
G1 X34.40299049992348 Y13.777990335913243 F300
G1 X34.096519 Y13.733826000000022 F300
G1 X33.911109973484294 Y13.714146497053813 F300
G1 X33.708053852662474 Y13.699268100305405 F300
G1 X33.488004640625 Y13.68958357812502 F300
G1 X33.26835531018112 Y13.68558987895656 F300
G1 X33.03842393162164 Y13.686756493263468 F300
G1 X32.799619875 Y13.693244125000021 F300
G1 X32.44096251282576 Y13.712427929044681 F300
G1 X32.078541671875 Y13.743019359375023 F300
G1 X31.718457667728813 Y13.784910846195375 F300
G1 X31.371947 Y13.837121000000025 F300
G1 X31.17493466973433 Y13.8733257648953 F300
G1 X30.953661893518518 Y13.919566972222249 F300
G1 X30.726910197076005 Y13.971712996557558 F300
G1 X30.48651148148149 Y14.031365444444472 F300
G1 X30.244148903300783 Y14.095532227863718 F300
G1 X29.998940124999997 Y14.164315250000026 F300
G1 X29.755199514099118 Y14.236519855668861 F300
G1 X29.51939218518519 Y14.310215222222249 F300
G1 X29.288620630303143 Y14.38644302613876 F300
G1 X29.076312023148144 Y14.460864194444472 F300
G1 X28.872843754893996 Y14.537155540095506 F300
G1 X28.698144 Y14.608061000000028 F300
G1 X28.467015 Y14.706151000000027 F300
G1 X28.458415 Y16.21005300000003 F300
G1 X28.455562360000005 Y16.877275960000034 F300
G1 X28.45700188 Y17.314095800000032 F300
G1 X28.46404972 Y17.567694360000026 F300
G1 X28.470953417345903 Y17.647390645678147 F300
G1 X28.47802204 Y17.68525348000003 F300
G1 X28.489513403180837 Y17.709402415110013 F300
G1 X28.500235 Y17.713955000000027 F300
G1 X28.52028375995601 Y17.70947303540508 F300
G1 X28.57528981481482 Y17.68904477777781 F300
G1 X28.723608185185185 Y17.623739888888917 F300
G1 X28.913081 Y17.532179000000028 F300
G1 X29.173441241424293 Y17.40723036445432 F300
G1 X29.444835394230928 Y17.287980059599466 F300
G1 X29.726436680000003 Y17.17481981600003 F300
G1 X30.011379745117555 Y17.07027178002268 F300
G1 X30.302625641112712 Y16.972977356176262 F300
G1 X30.599157079999998 Y16.883261528000027 F300
G1 X30.898116298678524 Y16.801936909706853 F300
G1 X31.19850134954509 Y16.729192684500816 F300
G1 X31.49923604 Y16.665256232000026 F300
G1 X31.801648816655515 Y16.609964142422534 F300
G1 X32.10046199902084 Y16.564365906319686 F300
G1 X32.3946674 Y16.528556024000032 F300
G1 X32.68990177742449 Y16.50215528195891 F300
G1 X32.97642738978449 Y16.486299411408066 F300
G1 X33.253445 Y16.48091300000003 F300
G1 X33.549777250000005 Y16.48355018750003 F300
G1 X33.668519988649344 Y16.487849491528944 F300
G1 X33.76427925 Y16.494195500000032 F300
G1 X33.85462906029963 Y16.503737930402394 F300
G1 X33.936890375000004 Y16.51620706250003 F300
G1 X34.018624232290605 Y16.53223402287088 F300
G1 X34.107549999999996 Y16.552943000000027 F300
G1 X34.27507251904915 Y16.600243817998656 F300
G1 X34.4275789014111 Y16.654766316547832 F300
G1 X34.565604734375 Y16.71548512500003 F300
G1 X34.666894252796915 Y16.768485383940067 F300
G1 X34.75867908962056 Y16.824198379923406 F300
G1 X34.84134680354184 Y16.882256366931212 F300
G1 X34.915259625 Y16.942372000000027 F300
G1 X34.98553604277461 Y17.00927320790377 F300
G1 X35.04586893702887 Y17.07755730742446 F300
G1 X35.096735648982744 Y17.147085610637625 F300
G1 X35.138509703124996 Y17.217816875000025 F300
G1 X35.17278888280421 Y17.293259592072033 F300
G1 X35.197309894763364 Y17.369607020154874 F300
G1 X35.212205263445355 Y17.447097644446785 F300
G1 X35.217349999999996 Y17.526033000000027 F300
G1 X35.21424114466237 Y17.60900736517426 F300
G1 X35.20446022486542 Y17.686863523896175 F300
G1 X35.18780697511019 Y17.760356373865722 F300
G1 X35.16397801851852 Y17.83017752314818 F300
G1 X35.132724326219154 Y17.896619535303888 F300
G1 X35.092861457542455 Y17.96134613841398 F300
G1 X35.04326311167662 Y18.024877963350466 F300
G1 X34.982544814814815 Y18.087667185185214 F300
G1 X34.91818684459623 Y18.14295608276877 F300
G1 X34.841507263480544 Y18.19888609096186 F300
G1 X34.750566267019025 Y18.255665799546435 F300
G1 X34.64317449999999 Y18.313503625000024 F300
G1 X34.4990373750289 Y18.38037622661467 F300
G1 X34.32502659984904 Y18.449949222377715 F300
G1 X34.11599118518518 Y18.52268848148151 F300
G1 X33.904784745978645 Y18.5879626395886 F300
G1 X33.6581416886089 Y18.656919092242568 F300
G1 X33.37111898148147 Y18.730223393518543 F300
G1 X32.92327362327531 Y18.83459769977528 F300
G1 X32.378682 Y18.95111000000003 F300
G1 X31.773283315339317 Y19.081433282969307 F300
G1 X31.256709560000008 Y19.203443808000035 F300
G1 X30.923117822396367 Y19.289637246790985 F300
G1 X30.62511038514643 Y19.37319744240306 F300
G1 X30.35888032 Y19.45455294400003 F300
G1 X30.094630715483497 Y19.543309185432676 F300
G1 X29.85972191331877 Y19.63076843598107 F300
G1 X29.650675800000002 Y19.717240976000028 F300
G1 X29.44489847218762 Y19.812474718087422 F300
G1 X29.261506786955415 Y19.908068761102555 F300
G1 X29.097577519999998 Y20.00431147200003 F300
G1 X28.939043322523762 Y20.109518868366212 F300
G1 X28.79559102393991 Y20.217463315258364 F300
G1 X28.665066999999997 Y20.32856800000003 F300
G1 X28.499976999999998 Y20.477870000000028 F300
G1 X28.499976999999998 Y19.714844000000028 F300
G1 X28.498104499999997 Y19.414018859375027 F300
G1 X28.493007 Y19.15899012500003 F300
G1 X28.4854645 Y18.976690578125027 F300
G1 X28.480136231333816 Y18.91378438732413 F300
G1 X28.476256999999997 Y18.894053000000028 F300
G1 X28.469948894824874 Y18.88552063107683 F300
G1 X28.450177439453125 Y18.87589165234378 F300
G1 X28.420897013538088 Y18.86928996010008 F300
G1 X28.359595828125 Y18.86198784375003 F300
G1 X28.160764021484376 Y18.851775675781276 F300
G1 X27.809933875 Y18.84468925000003 F300
G1 X27.26335724414062 Y18.840162667968777 F300
G1 X26.477285984374994 Y18.837630031250026 F300
G1 X25.407971951171874 Y18.836525441406277 F300
G1 X24.011666999999996 Y18.836283000000027 F300
G1 X22.834630333333333 Y18.83528397222225 F300
G1 X21.774783666666668 Y18.832467444444475 F300
G1 X20.875301999999994 Y18.828104250000024 F300
G1 X20.179360333333328 Y18.82246522222225 F300
G1 X19.73013366666666 Y18.815821194444467 F300
G1 X19.58666082749113 Y18.810797951387016 F300
G1 X19.570796999999995 Y18.808443000000025 F300
G1 X19.57508127967757 Y18.78022755705293 F300
G1 X19.592019078124995 Y18.719676421875025 F300
G1 X19.645286874999996 Y18.568117875000027 F300
G1 X19.715002734374995 Y18.394951640625024 F300
G1 X19.785568999999995 Y18.241362000000024 F300
G1 X19.871020596490734 Y18.083637548701205 F300
G1 X19.96325759313031 Y17.934525166927077 F300
G1 X20.062208558608123 Y17.793671072576885 F300
G1 X20.167857970605233 Y17.66076322593776 F300
G1 X20.280244699037887 Y17.535534395001154 F300
G1 X20.39946007407407 Y17.417765037037064 F300
G1 X20.525536611605748 Y17.307375683295465 F300
G1 X20.658577924089926 Y17.20428056216611 F300
G1 X20.798788203804953 Y17.108388560098366 F300
G1 X20.946414166614883 Y17.019662652649732 F300
G1 X21.101741793277753 Y16.93812122150734 F300
G1 X21.265092925925924 Y16.863838962962987 F300
G1 X21.42840058214467 Y16.799979956040165 F300
G1 X21.59944447220683 Y16.74303919190327 F300
G1 X21.77856619241565 Y16.69319723854916 F300
G1 X21.966127832422348 Y16.65068179384985 F300
G1 X22.162509338491297 Y16.615767236359474 F300
G1 X22.368105999999994 Y16.588774000000022 F300
G1 X22.613604361206654 Y16.568283034682125 F300
G1 X22.860073734374993 Y16.560559750000024 F300
G1 X23.02468101017979 Y16.56259051982442 F300
G1 X23.19307363955835 Y16.570477281070072 F300
G1 X23.36621337499999 Y16.58446000000002 F300
G1 X23.53871064341525 Y16.60397245760834 F300
G1 X23.71883405777973 Y16.629860222014738 F300
G1 X23.907717578124995 Y16.662526750000026 F300
G1 X24.193364652134115 Y16.721394042468315 F300
G1 X24.505778999999993 Y16.796812000000024 F300
G1 X24.718876296296294 Y16.848633407407434 F300
G1 X24.896763370370365 Y16.886425925925952 F300
G1 X25.000927999999995 Y16.902012000000028 F300
G1 X25.099957999999994 Y16.905212000000027 F300
G1 X25.108557999999995 Y15.630438000000026 F300
G1 X25.110797484374995 Y15.010012421875029 F300
G1 X25.106754124999995 Y14.613067625000028 F300
G1 X25.101500800864354 Y14.475468954449493 F300
G1 X25.095360203124997 Y14.397763265625024 F300
G1 X25.08454581274302 Y14.338345672493272 F300
G1 X25.075547999999994 Y14.322259000000024 F300
G1 X25.040087177740855 Y14.303528003328815 F300
G1 X24.9527587037037 Y14.274034717592619 F300
G1 X24.849366248124817 Y14.246215693024203 F300
G1 X24.707772629629627 Y14.212990407407434 F300
G1 X24.378032499999996 Y14.146143875000025 F300
G1 X24.000981037037032 Y14.080512925925952 F300
G1 X23.614060962962952 Y14.023115365740765 F300
G1 X23.425589414753816 Y13.999343498634117 F300
G1 X23.254714999999994 Y13.980969000000023 F300
G1 X23.120207679378353 Y13.970653509825361 F300
G1 X22.950007490740738 Y13.962703537037061 F300
G1 X22.569814259259253 Y13.956258629629659 F300
G1 X22.154712249999992 Y13.960706500000022 F300
G1 X21.745278407407405 Y13.975119370370393 F300
G1 X21.551299729072184 Y13.986035399518318 F300
G1 X21.38208967592592 Y13.998569462962983 F300
G1 X21.224000668878546 Y14.01413960715527 F300
G1 X21.105722999999994 Y14.030129000000024 F300
G1 X20.81427018762643 Y14.082427015885607 F300
G1 X20.533861212139183 Y14.143575610178932 F300
G1 X20.26391595096098 Y14.213410468968414 F300
G1 X20.003879126290897 Y14.291796715878062 F300
G1 X19.753220148148145 Y14.378630222222247 F300
G1 X19.50335324169587 Y14.477226413676968 F300
G1 X19.262093069398325 Y14.58489968806478 F300
G1 X19.028974063007755 Y14.701684701967476 F300
G1 X18.803557925446114 Y14.827654165122544 F300
G1 X18.585433518518514 Y14.96291944444447 F300
G1 X18.373478080025237 Y15.108162248462362 F300
G1 X18.167849134577818 Y15.263323352459036 F300
G1 X17.96824332063622 Y15.428669257395796 F300
G1 X17.774383084623636 Y15.604505029924741 F300
G1 X17.586015999999994 Y15.791174000000026 F300
G1 X17.426621251383953 Y15.963951316496201 F300
G1 X17.272447915626813 Y16.14682430275381 F300
G1 X17.124144296296294 Y16.339029962962993 F300
G1 X16.984056739370402 Y16.537359815356833 F300
G1 X16.852099816222854 Y16.741691678069458 F300
G1 X16.728861703703696 Y16.95112170370373 F300
G1 X16.614577003340422 Y17.165520019192122 F300
G1 X16.511115547888725 Y17.381588439115017 F300
G1 X16.418915999999992 Y17.598421000000023 F300
G1 X16.40909252284757 Y17.61361473268616 F300
G1 X16.40100029026504 Y17.612015863504077 F300
G1 X16.38835599999999 Y17.586815250000022 F300
G1 X16.372437035185687 Y17.52509030078555 F300
G1 X16.347565999999993 Y17.388335000000026 F300
G1 X16.307058024663576 Y17.178791242044642 F300
G1 X16.25475323057719 Y16.97330132489842 F300
G1 X16.190858101999304 Y16.771834956034898 F300
G1 X16.115502166813993 Y16.574381426608152 F300
G1 X16.028741999999998 Y16.38095696296299 F300
G1 X15.931405269520377 Y16.193126002280934 F300
G1 X15.823253314757853 Y16.010177163294568 F300
G1 X15.70429453994631 Y15.832177249838168 F300
G1 X15.574479045913002 Y15.659230915907687 F300
G1 X15.433703333333327 Y15.491486703703728 F300
G1 X15.285352195430086 Y15.332730259093282 F300
G1 X15.126863736412918 Y15.179976687564613 F300
G1 X14.958119696935121 Y15.033417409446223 F300
G1 X14.77896129965438 Y14.89329382178253 F300
G1 X14.589193999999994 Y14.759902000000025 F300
G1 X14.400204597446841 Y14.640709445037345 F300
G1 X14.198733817762125 Y14.526613107974091 F300
G1 X13.98466224383836 Y14.417809426206391 F300
G1 X13.75786932 Y14.314539496000027 F300
G1 X13.52973242643202 Y14.221511220922627 F300
G1 X13.290759098185639 Y14.134370984637666 F300
G1 X13.040981366979846 Y14.053364968135968 F300
G1 X12.780443919999996 Y13.978769968000027 F300
G1 X12.520127333337484 Y13.91344376384911 F300
G1 X12.250989790300363 Y13.854811485445104 F300
G1 X11.973196592456024 Y13.803119143182913 F300
G1 X11.68692835999999 Y13.758634792000024 F300
G1 X11.401638738444841 Y13.722679805219375 F300
G1 X11.10976576028286 Y13.694132208912908 F300
G1 X10.81157188422002 Y13.673216802376563 F300
G1 X10.507333199999994 Y13.660175344000024 F300
G1 X10.204461238398782 Y13.65528603367975 F300
G1 X9.897342630208378 Y13.658398742794304 F300
G1 X9.586300591626943 Y13.669710621276492 F300
G1 X9.271668999999994 Y13.689433000000022 F300
G1 X9.27183 Y13.689453 F300
G0 X11.120384999999999 Y13.785772999999999
G1 X11.406848663031782 Y13.813355804624898 F300
G1 X11.674958152934838 Y13.845487036706327 F300
G1 X11.926754703124999 Y13.882155156249999 F300
G1 X12.17774304955967 Y13.925902487119782 F300
G1 X12.41657931915841 Y13.975086002960843 F300
G1 X12.644941375 Y14.029786499999997 F300
G1 X12.87137347715607 Y14.09212640276528 F300
G1 X13.09183783320513 Y14.16114206439794 F300
G1 X13.307735859374999 Y14.237096843749999 F300
G1 X13.520900049420323 Y14.320456908445433 F300
G1 X13.733858063897788 Y14.412099522038389 F300
G1 X13.947928999999998 Y14.512515999999998 F300
G1 X14.172614473416665 Y14.628669315907393 F300
G1 X14.384594878064856 Y14.751232560158263 F300
G1 X14.584300876757958 Y14.87991562454854 F300
G1 X14.772131909709607 Y15.0144831106399 F300
G1 X14.948452174994221 Y15.154752448416613 F300
G1 X15.113586592592595 Y15.300591740740742 F300
G1 X15.273760208802718 Y15.458081186784687 F300
G1 X15.421977013821817 Y15.620967821709515 F300
G1 X15.558534098033016 Y15.78919881150226 F300
G1 X15.683670083180504 Y15.962773084471985 F300
G1 X15.797560655227318 Y16.141737379606894 F300
G1 X15.900314407407407 Y16.326181925925926 F300
G1 X15.99215834603821 Y16.516659969464346 F300
G1 X16.07260317240236 Y16.712367243588492 F300
G1 X16.14164039206349 Y16.913473317655576 F300
G1 X16.19918084021902 Y17.120179961766507 F300
G1 X16.245052020195544 Y17.332715486880637 F300
G1 X16.278996 Y17.551328999999996 F300
G1 X16.30722739569905 Y17.73991135940928 F300
G1 X16.330675259259262 Y17.835871333333333 F300
G1 X16.347959854177713 Y17.873591652320187 F300
G1 X16.36276934840193 Y17.887704115681256 F300
G1 X16.376965239391804 Y17.888688139640223 F300
G1 X16.394370074074075 Y17.87691633333333 F300
G1 X16.4160798114042 Y17.847453477796254 F300
G1 X16.446124827656263 Y17.788427990218416 F300
G1 X16.487716 Y17.685827999999994 F300
G1 X16.53314883988283 Y17.57270454729979 F300
G1 X16.591544344000006 Y17.441343 F300
G1 X16.65595100346589 Y17.306891563289092 F300
G1 X16.728647152 Y17.163907199999993 F300
G1 X16.805254718046918 Y17.020888060627 F300
G1 X16.884978088 Y16.87910939999999 F300
G1 X16.9669027122405 Y16.740397857346647 F300
G1 X17.046490816 Y16.612538399999995 F300
G1 X17.12681373107457 Y16.491147239884228 F300
G1 X17.199139 Y16.389782999999994 F300
G1 X17.355030496716292 Y16.190118646530635 F300
G1 X17.517576717734443 Y15.99975252100727 F300
G1 X17.68675480779202 Y15.818460352764841 F300
G1 X17.862572890091887 Y15.646046427907955 F300
G1 X18.045068791902576 Y15.48234494247138 F300
G1 X18.234308645030303 Y15.32722126763352 F300
G1 X18.430385370370374 Y15.180573111111109 F300
G1 X18.632180681533107 Y15.043134195091135 F300
G1 X18.840694689054388 Y14.914139443452626 F300
G1 X19.056059542232738 Y14.793553820161279 F300
G1 X19.27842840807491 Y14.681375678705205 F300
G1 X19.507973734994348 Y14.577637378517164 F300
G1 X19.744885477135963 Y14.48240577092045 F300
G1 X19.989369296296296 Y14.395782555555552 F300
G1 X20.232040013233657 Y14.320665509163657 F300
G1 X20.48182314690286 Y14.253879573009968 F300
G1 X20.73892075885083 Y14.195573087649194 F300
G1 X21.00354423128447 Y14.14592465337454 F300
G1 X21.27591280585091 Y14.105143079842422 F300
G1 X21.55625215596023 Y14.073467263202485 F300
G1 X21.844793 Y14.051165999999995 F300
G1 X22.1299605364862 Y14.039778698476136 F300
G1 X22.438085808000004 Y14.038527143999998 F300
G1 X22.751264119447423 Y14.047164265816395 F300
G1 X23.074341304 Y14.065403951999993 F300
G1 X23.398076896915427 Y14.092633769325836 F300
G1 X23.718848096 Y14.128402487999995 F300
G1 X24.035854248671185 Y14.172774890590265 F300
G1 X24.336894792000002 Y14.224128815999997 F300
G1 X24.629705459487106 Y14.284227734364897 F300
G1 X24.89377 Y14.349188999999996 F300
G1 X25.017557 Y14.382528999999998 F300
G1 X25.017557 Y15.602621 F300
G1 X25.0156035625 Y16.07632865625 F300
G1 X25.010284499999997 Y16.464193 F300
G1 X25.0024116875 Y16.726193093750002 F300
G1 X24.996131975598317 Y16.811261296436758 F300
G1 X24.992797 Y16.822308 F300
G1 X24.939612777777782 Y16.810771259259262 F300
G1 X24.82398722222222 Y16.781064074074074 F300
G1 X24.670951 Y16.739548 F300
G1 X24.386533263980688 Y16.666160403279882 F300
G1 X24.10970708684245 Y16.605427998577504 F300
G1 X23.840482620887048 Y16.55686194484189 F300
G1 X23.578847576420014 Y16.52001138935709 F300
G1 X23.324771259259265 Y16.49446466666667 F300
G1 X23.063729192912167 Y16.479316576143052 F300
G1 X22.81197703940481 Y16.476045088131915 F300
G1 X22.569373252364475 Y16.48418582306312 F300
G1 X22.335764410316578 Y16.503332498049293 F300
G1 X22.110991740740744 Y16.533138666666666 F300
G1 X21.920645186338177 Y16.567902033179212 F300
G1 X21.737483528905393 Y16.6103711181148 F300
G1 X21.56134799386093 Y16.660356682466045 F300
G1 X21.39208713253758 Y16.717712319362658 F300
G1 X21.22956110204038 Y16.7823350992089 F300
G1 X21.073646 Y16.854166 F300
G1 X20.884828876629886 Y16.953673860009363 F300
G1 X20.713235556935814 Y17.056883623029144 F300
G1 X20.556771777777783 Y17.164550925925926 F300
G1 X20.444000538565586 Y17.252097191335757 F300
G1 X20.337556800219147 Y17.343951484922595 F300
G1 X20.236818048219167 Y17.440583668239334 F300
G1 X20.14119555555556 Y17.542486074074077 F300
G1 X20.022040832925203 Y17.685722212833767 F300
G1 X19.908442624573198 Y17.841968388041202 F300
G1 X19.799432 Y18.012964999999998 F300
G1 X19.756799030541682 Y18.088760762024428 F300
G1 X19.710571320000003 Y18.179774136000002 F300
G1 X19.6224916 Y18.375228328000002 F300
G1 X19.54608812 Y18.571358552 F300
G1 X19.51474708051797 Y18.66383306200541 F300
G1 X19.49225616 Y18.740195784 F300
G1 X19.476362287266774 Y18.810437959956438 F300
G1 X19.471891 Y18.853771 F300
G1 X19.471891 Y18.935340999999998 F300
G1 X23.926205 Y18.935340999999998 F300
G1 X28.380523 Y18.935340999999998 F300
G1 X28.402693 Y19.083198999999997 F300
G1 X28.410349718750002 Y19.197966140624995 F300
G1 X28.41479925 Y19.401151624999997 F300
G1 X28.41571065625 Y19.664051546874997 F300
G1 X28.412753 Y19.957962 F300
G1 X28.40924892592593 Y20.386753259259258 F300
G1 X28.41230668628964 Y20.535306520435803 F300
G1 X28.41765374074074 Y20.61657674074074 F300
G1 X28.425549308967973 Y20.664564954231786 F300
G1 X28.432962269734265 Y20.681338158608014 F300
G1 X28.439342999999997 Y20.684866 F300
G1 X28.451223458685824 Y20.681248919300963 F300
G1 X28.473064851851852 Y20.666898592592595 F300
G1 X28.524277814814816 Y20.619793407407407 F300
G1 X28.581892999999997 Y20.553746 F300
G1 X28.6157930468493 Y20.51505793336495 F300
G1 X28.669382888888894 Y20.461190074074075 F300
G1 X28.79891877777778 Y20.344589259259262 F300
G1 X28.942459999999997 Y20.229184 F300
G1 X29.07131311904582 Y20.137093262319077 F300
G1 X29.211643081903528 Y20.047110256400543 F300
G1 X29.365575336000003 Y19.958859288000006 F300
G1 X29.523172970450275 Y19.877901137092937 F300
G1 X29.69885961284064 Y19.796788705354867 F300
G1 X29.895485007999998 Y19.715200064 F300
G1 X30.094399803323533 Y19.640533633909172 F300
G1 X30.3177735324547 Y19.56415071273992 F300
G1 X30.569020711999997 Y19.485653896 F300
G1 X30.9595490562316 Y19.37535276104664 F300
G1 X31.423014144 Y19.257668352000003 F300
G1 X31.915244901616305 Y19.143450184816903 F300
G1 X32.494296999999996 Y19.018691 F300
G1 X33.0392044925311 Y18.90062133807601 F300
G1 X33.48342519200001 Y18.795260264000007 F300
G1 X33.767582527307255 Y18.72115347598957 F300
G1 X34.01024952765938 Y18.651712665239035 F300
G1 X34.216805975999996 Y18.586269272000003 F300
G1 X34.42108863509855 Y18.51330487427379 F300
G1 X34.590168609041356 Y18.44385401454975 F300
G1 X34.72950186399999 Y18.377436248000002 F300
G1 X34.833202206400884 Y18.320083543510727 F300
G1 X34.92083705708546 Y18.26395116007626 F300
G1 X34.99463931135323 Y18.208821934295123 F300
G1 X35.056575368 Y18.154479416 F300
G1 X35.11504655839275 Y18.093005423959642 F300
G1 X35.16308205839641 Y18.030909206083848 F300
G1 X35.202050964633486 Y17.967771202005924 F300
G1 X35.23308899999999 Y17.903117 F300
G1 X35.25797349037603 Y17.82822454498783 F300
G1 X35.27643915624999 Y17.737223 F300
G1 X35.28666194874546 Y17.641714336249102 F300
G1 X35.28944524999999 Y17.540812250000002 F300
G1 X35.28459760954907 Y17.43999150229656 F300
G1 X35.27242321874999 Y17.344735625000002 F300
G1 X35.252098722712475 Y17.254161601342982 F300
G1 X35.225688999999996 Y17.179844000000003 F300
G1 X35.18427928901033 Y17.099936582429617 F300
G1 X35.131352052033094 Y17.021638189337036 F300
G1 X35.066548019408295 Y16.944947427189902 F300
G1 X34.98933896296297 Y16.870018962962966 F300
G1 X34.90738111190332 Y16.803360346678584 F300
G1 X34.815036447630064 Y16.739515307061055 F300
G1 X34.712031863967226 Y16.678873576678484 F300
G1 X34.598078703703706 Y16.621940370370375 F300
G1 X34.4829263882399 Y16.573218146728962 F300
G1 X34.35920632159895 Y16.529172709443372 F300
G1 X34.22691001896384 Y16.49031890129241 F300
G1 X34.086048 Y16.457254000000006 F300
G1 X33.97531993860448 Y16.436832405945182 F300
G1 X33.85875281481482 Y16.420580296296304 F300
G1 X33.737787477205394 Y16.408825389076615 F300
G1 X33.59796051851852 Y16.400371037037047 F300
G1 X33.44956600389715 Y16.39572123383296 F300
G1 X33.269842 Y16.39400400000001 F300
G1 X32.9827755454104 Y16.399163787797267 F300
G1 X32.68634761670533 Y16.415158300830928 F300
G1 X32.38134552000001 Y16.442061896000016 F300
G1 X32.07738440740664 Y16.478761849457133 F300
G1 X31.768855363982464 Y16.525630625323856 F300
G1 X31.45674368 Y16.582580608000008 F300
G1 X31.146376749786327 Y16.64855311682708 F300
G1 X30.83629784448237 Y16.72373767364913 F300
G1 X30.52755927999999 Y16.80791767200001 F300
G1 X30.221356386474312 Y16.900846436343215 F300
G1 X29.920274568709388 Y17.00178823893099 F300
G1 X29.62531512 Y17.11043062400001 F300
G1 X29.333849702229596 Y17.228005295963925 F300
G1 X29.052312819166367 Y17.35214685820541 F300
G1 X28.781533999999997 Y17.48247700000001 F300
G1 X28.516615999999996 Y17.61567500000001 F300
G1 X28.516615999999996 Y16.19848000000001 F300
G1 X28.516615999999996 Y14.781285000000011 F300
G1 X28.937492999999996 Y14.616771000000014 F300
G1 X29.298575800597114 Y14.481637153622588 F300
G1 X29.659445674806484 Y14.358382545839158 F300
G1 X30.01953139830725 Y14.246916624661187 F300
G1 X30.378281234374995 Y14.147165156250013 F300
G1 X30.741552675325345 Y14.057594144107718 F300
G1 X31.100928200553618 Y13.980341394493687 F300
G1 X31.45589935245284 Y13.915245617669541 F300
G1 X31.805983374999997 Y13.862164500000013 F300
G1 X32.1601338780776 Y13.820008478564995 F300
G1 X32.50669328690344 Y13.790398926045837 F300
G1 X32.84527947272149 Y13.77309395780043 F300
G1 X33.175540828124994 Y13.767878343750013 F300
G1 X33.44313814532237 Y13.772596934485051 F300
G1 X33.70366528896227 Y13.785364371285734 F300
G1 X33.957022987236954 Y13.806017478105744 F300
G1 X34.20312495239736 Y13.834410519897341 F300
G1 X34.441894999999995 Y13.870416000000013 F300
G1 X34.68329761801399 Y13.915513336331001 F300
G1 X34.918536197733054 Y13.967851701972666 F300
G1 X35.14760693173544 Y14.027115526326998 F300
G1 X35.37050663234216 Y14.093015336298718 F300
G1 X35.58723083333334 Y14.165286717592608 F300
G1 X35.80387747138825 Y14.24608844600327 F300
G1 X36.01329493822177 Y14.332862112414347 F300
G1 X36.21550697550621 Y14.425329578786727 F300
G1 X36.410534149123436 Y14.523239365628767 F300
G1 X36.59839166666667 Y14.626365407407421 F300
G1 X36.784524722197034 Y14.73790519851331 F300
G1 X36.962427297961604 Y14.854154059353004 F300
G1 X37.13215625023989 Y14.974882431476301 F300
G1 X37.293759033499995 Y15.099888961485798 F300
G1 X37.44727099999999 Y15.228998875000013 F300
G1 X37.596986356578704 Y15.366147368089848 F300
G1 X37.73762481174681 Y15.506816230121373 F300
G1 X37.86926544047223 Y15.650849775478738 F300
G1 X37.99196657742543 Y15.798121939133043 F300
G1 X38.10576233333333 Y15.948533925925942 F300
G1 X38.213134231048585 Y16.105836087120885 F300
G1 X38.31078897720097 Y16.26569959908574 F300
G1 X38.398777985110385 Y16.428076764124874 F300
G1 X38.477112471750274 Y16.59294783448555 F300
G1 X38.545759166666656 Y16.760317365740754 F300
G1 X38.605179616266106 Y16.931936051018305 F300
G1 X38.654348543387314 Y17.10559573484742 F300
G1 X38.693180865680645 Y17.281375482781893 F300
G1 X38.72152428019541 Y17.459372352265486 F300
G1 X38.739155 Y17.63969600000001 F300
G1 X38.75284818660339 Y17.792876104984384 F300
G1 X38.76669469813683 Y17.87984267493168 F300
G1 X38.77937493638129 Y17.9232027386337 F300
G1 X38.79007673847482 Y17.940773356559568 F300
G1 X38.799155 Y17.945037000000013 F300
G1 X38.81090532398271 Y17.93896812100152 F300
G1 X38.83559296296297 Y17.911590629629647 F300
G1 X38.89312537037038 Y17.823906037037048 F300
G1 X38.9593 Y17.70096500000001 F300
G1 X39.03078591915157 Y17.563566656812583 F300
G1 X39.11312386234025 Y17.418904762902642 F300
G1 X39.20595975 Y17.26798112500001 F300
G1 X39.35451409022406 Y17.04580632263756 F300
G1 X39.517664749999994 Y16.82247750000001 F300
G1 X39.68995001025656 Y16.605547071347882 F300
G1 X39.86676887499999 Y16.40073612500001 F300
G1 X39.98909752291256 Y16.269176751725144 F300
G1 X40.1090223190895 Y16.14836450755126 F300
G1 X40.225626 Y16.03903900000001 F300
G1 X40.44115383355741 Y15.852065914326152 F300
G1 X40.6621192619423 Y15.67477847893077 F300
G1 X40.888715937403134 Y15.506974743513153 F300
G1 X41.12115527669549 Y15.348479285648885 F300
G1 X41.359666456472354 Y15.199143479402203 F300
G1 X41.60449635297229 Y15.058845690918236 F300
G1 X41.85590943210918 Y14.927491396134911 F300
G1 X42.11418759692163 Y14.805013217120619 F300
G1 X42.379630000000006 Y14.691370875000008 F300
G1 X42.642872688940685 Y14.59006991716998 F300
G1 X42.913677826606765 Y14.496899885620039 F300
G1 X43.192383583191024 Y14.411922510656861 F300
G1 X43.47934235444457 Y14.33522312432341 F300
G1 X43.77492054813045 Y14.266910196828745 F300
G1 X44.07949839042119 Y14.207114818283362 F300
G1 X44.39346975689579 Y14.155990132312803 F300
G1 X44.71724203199643 Y14.113710728410952 F300
G1 X45.051235999999996 Y14.080472000000007 F300
G1 X45.231072902985865 Y14.068359091621758 F300
G1 X45.44393509722223 Y14.059866814814825 F300
G1 X45.665095160960966 Y14.055691398980144 F300
G1 X45.903007111111116 Y14.055270518518528 F300
G1 X46.14363285270145 Y14.058496508410524 F300
G1 X46.384404125 Y14.065152000000008 F300
G1 X46.62245413004968 Y14.075179827545682 F300
G1 X46.84407822222222 Y14.087980148148159 F300
G1 X47.05736051504243 Y14.104236779831922 F300
G1 X47.23798148611111 Y14.12222385185186 F300
G1 X47.40449795426227 Y14.144395302127418 F300
G1 X47.522065999999995 Y14.16635200000001 F300
G1 X47.596346 Y14.183172000000013 F300
G1 X47.59635299999999 Y15.362649000000012 F300
G1 X47.596360999999995 Y16.542122000000013 F300
G1 X46.81236499999999 Y16.542122000000013 F300
G1 X46.461907200000006 Y16.543642880000014 F300
G1 X46.20528148 Y16.549633040000014 F300
G1 X46.00916575999999 Y16.562233760000012 F300
G1 X45.840237959999996 Y16.583586320000016 F300
G1 X45.665175999999995 Y16.61583200000001 F300
G1 X45.41039357823826 Y16.673254980314987 F300
G1 X45.16493316772966 Y16.7398804895665 F300
G1 X44.92870074307576 Y16.81525774637765 F300
G1 X44.701606984 Y16.898989872000016 F300
G1 X44.47682213449938 Y16.99376109773523 F300
G1 X44.26233433554309 Y17.09636372762132 F300
G1 X44.05801474561589 Y17.206435794053743 F300
G1 X43.863751552 Y17.32367185600001 F300
G1 X43.67435128299019 Y17.45145576600551 F300
G1 X43.49607157662169 Y17.58582200755911 F300
G1 X43.32877303968989 Y17.72652715273944 F300
G1 X43.17235232799999 Y17.873386304000014 F300
G1 X43.023716453645626 Y18.029644696901954 F300
G1 X42.88685207656704 Y18.191488633651105 F300
G1 X42.76167168604235 Y18.35883109941807 F300
G1 X42.648151936 Y18.531641568000012 F300
G1 X42.565012408530066 Y18.67521203161673 F300
G1 X42.48977200089623 Y18.82197769228094 F300
G1 X42.42245545017667 Y18.971978919503236 F300
G1 X42.36312697333826 Y19.125275933506796 F300
G1 X42.311893 Y19.281946000000012 F300
G1 X42.28828225274012 Y19.37571205685273 F300
G1 X42.266245832 Y19.495389464000016 F300
G1 X42.2489615624447 Y19.62186363364012 F300
G1 X42.234993096000004 Y19.76152411200001 F300
G1 X42.22533896924848 Y19.903485314490514 F300
G1 X42.21997794399999 Y20.045480728000012 F300
G1 X42.219161387120565 Y20.185512605625473 F300
G1 X42.223043528000005 Y20.312390096000016 F300
G1 X42.23239588113094 Y20.43287849740704 F300
G1 X42.246033 Y20.52738300000001 F300
G1 X42.28457655816866 Y20.703678675800838 F300
G1 X42.332492025872526 Y20.87558808057273 F300
G1 X42.38959355002012 Y21.043266779594628 F300
G1 X42.45575550795944 Y21.20685230689591 F300
G1 X42.53090976000001 Y21.366460248000013 F300
G1 X42.614689080148 Y21.521566895486398 F300
G1 X42.70714277703454 Y21.67246250593752 F300
G1 X42.80827445708039 Y21.819199834522934 F300
G1 X42.91813162662539 Y21.961803208949135 F300
G1 X43.03680228 Y22.100265624000013 F300
G1 X43.16130277996356 Y22.23143291079739 F300
G1 X43.29409189069415 Y22.35819524467546 F300
G1 X43.43527861172564 Y22.48048842572025 F300
G1 X43.58499886902013 Y22.598216108918475 F300
G1 X43.74341232 Y22.71124797600001 F300
G1 X43.904555614283815 Y22.81563210843323 F300
G1 X44.07367940295868 Y22.915065740090316 F300
G1 X44.25092781246947 Y23.009383962793276 F300
G1 X44.43645881650239 Y23.098390411855604 F300
G1 X44.63044164 Y23.181856152000012 F300
G1 X44.824358227319735 Y23.25637366259342 F300
G1 X45.025890500234965 Y23.32515637979398 F300
G1 X45.2351771264736 Y23.387963276500756 F300
G1 X45.452361955150884 Y23.444524170783154 F300
G1 X45.677592 Y23.49453900000001 F300
G1 X45.777840046811384 Y23.512111123740546 F300
G1 X45.90735353240741 Y23.529454462962974 F300
G1 X46.19995025925927 Y23.55696403703705 F300
G1 X46.523298874999995 Y23.575707500000007 F300
G1 X46.84531607407407 Y23.58432462962964 F300
G1 X46.99889357097928 Y23.584380010720785 F300
G1 X47.13391855092593 Y23.58145520370371 F300
G1 X47.26069605532329 Y23.57493193938349 F300
G1 X47.357023 Y23.56573900000001 F300
G1 X47.596331 Y23.53564900000001 F300
G1 X47.596331 Y24.71381900000001 F300
G1 X47.596331 Y25.89199100000001 F300
G1 X47.472543 Y25.91143100000001 F300
G1 X47.35607407204019 Y25.927051688966042 F300
G1 X47.200241528000014 Y25.942827640000015 F300
G1 X46.842454024000006 Y25.96801452000001 F300
G1 X46.44008805600001 Y25.98524108000001 F300
G1 X46.03405119200001 Y25.992756760000013 F300
G1 X45.8388562108626 Y25.992287904984988 F300
G1 X45.665251000000005 Y25.988811000000013 F300
G1 X45.30190158287474 Y25.972583412218363 F300
G1 X44.95373638059961 Y25.946691009564656 F300
G1 X44.61943778411733 Y25.911336707363354 F300
G1 X44.29775896296298 Y25.86670959259261 F300
G1 X43.974718711077294 Y25.81052876037727 F300
G1 X43.66122105433176 Y25.744270385377625 F300
G1 X43.356178904302354 Y25.667925074411414 F300
G1 X43.05854537037038 Y25.581458407407418 F300
G1 X42.76370448797795 Y25.483536244273104 F300
G1 X42.47305368235255 Y25.374546746411273 F300
G1 X42.185670958364476 Y25.254218116798892 F300
G1 X41.90064 Y25.122247000000012 F300
G1 X41.649631195949034 Y24.99492760599642 F300
G1 X41.41165148787924 Y24.862983122262044 F300
G1 X41.18518933333335 Y24.725762037037054 F300
G1 X40.96444994985084 Y24.5796105971361 F300
G1 X40.751242532369346 Y24.42547443656093 F300
G1 X40.544343333333345 Y24.262502629629644 F300
G1 X40.344170800857924 Y24.09125903057611 F300
G1 X40.14649475514914 Y23.908251158634478 F300
G1 X39.950226 Y23.712317000000013 F300
G1 X39.77806631139721 Y23.527607862963702 F300
G1 X39.619178736069834 Y23.343784534766762 F300
G1 X39.47277182023801 Y23.160282551037113 F300
G1 X39.33810562962964 Y22.97655544444446 F300
G1 X39.210523747519844 Y22.785856002099344 F300
G1 X39.09348208086602 Y22.59279686860061 F300
G1 X38.98647634311678 Y22.396759084651045 F300
G1 X38.88904503703704 Y22.197115888888902 F300
G1 X38.8008321511232 Y21.993387698941845 F300
G1 X38.72103345919818 Y21.78380103296024 F300
G1 X38.64942367476928 Y21.567619328492235 F300
G1 X38.585804 Y21.344075000000014 F300
G1 X38.54492922906342 Y21.178289300543906 F300
G1 X38.51058573184419 Y21.017191944353776 F300
G1 X38.48239855555556 Y20.859018481481503 F300
G1 X38.459748562230345 Y20.69994128210053 F300
G1 X38.44250853846155 Y20.538060043591898 F300
G1 X38.430599777777786 Y20.3716181851852 F300
G1 X38.42265252580074 Y20.117899413975373 F300
G1 X38.425799000000005 Y19.838505000000016 F300
G1 X38.43186806250001 Y19.582990453125017 F300
G1 X38.42878150000001 Y19.440199125000014 F300
G1 X38.4219709650647 Y19.39740871053334 F300
G1 X38.41371368750001 Y19.378050234375014 F300
G1 X38.400865941414054 Y19.367217125438444 F300
G1 X38.383839 Y19.364463000000015 F300
G1 X38.360701153912 Y19.367745038565033 F300
G1 X38.3394665 Y19.376623000000013 F300
G1 X38.3219442769916 Y19.39019446013867 F300
G1 X38.311729 Y19.405853000000015 F300
G1 X38.282145814814825 Y19.453218074074094 F300
G1 X38.21981018518519 Y19.537596259259274 F300
G1 X38.138243 Y19.640722000000014 F300
G1 X38.04676750028858 Y19.745463609301613 F300
G1 X37.94222027916959 Y19.850509655286277 F300
G1 X37.82368101166441 Y19.955921106316303 F300
G1 X37.6901487849124 Y20.061711332413324 F300
G1 X37.540549535698716 Y20.167847068781676 F300
G1 X37.37374278033255 Y20.274249774045792 F300
G1 X37.188527613177015 Y20.380797197125098 F300
G1 X36.983648 Y20.487325000000013 F300
G1 X36.76512233770708 Y20.591531997498436 F300
G1 X36.546997184000006 Y20.687097632000015 F300
G1 X36.32430166534852 Y20.775642904686716 F300
G1 X36.085307312000005 Y20.861148936000014 F300
G1 X35.83658366330749 Y20.94111445299645 F300
G1 X35.554756448 Y21.022833424000016 F300
G1 X35.25784739776532 Y21.10121681956541 F300
G1 X34.911522656 Y21.185505608000014 F300
G1 X34.54459426006353 Y21.269030927273494 F300
G1 X34.111784 Y21.362520000000014 F300
G1 X33.61980289864733 Y21.46931407658477 F300
G1 X33.221725578124996 Y21.561447140625013 F300
G1 X32.854442393631174 Y21.65391948921417 F300
G1 X32.565942125 Y21.734813625000015 F300
G1 X32.38309283685819 Y21.79208123129833 F300
G1 X32.23100073900087 Y21.845089575611787 F300
G1 X32.104741109375 Y21.894453046875014 F300
G1 X31.98079658993703 Y21.949827730062104 F300
G1 X31.880158052045978 Y22.002252801531284 F300
G1 X31.79843 Y22.052199000000016 F300
G1 X31.73353373338127 Y22.099067699606586 F300
G1 X31.680209862496344 Y22.14555156338227 F300
G1 X31.636778222222226 Y22.1924337777778 F300
G1 X31.599530931235613 Y22.2440732882887 F300
G1 X31.570091103874383 Y22.299131119042755 F300
G1 X31.547809111111114 Y22.35882922222224 F300
G1 X31.532912122235167 Y22.421029245836813 F300
G1 X31.523820014501815 Y22.4912775905038 F300
G1 X31.520816 Y22.571412000000016 F300
G1 X31.527441540124613 Y22.66339775010131 F300
G1 X31.54669250805767 Y22.752881968469772 F300
G1 X31.578442916005027 Y22.840415979861504 F300
G1 X31.622992203125 Y22.926437296875015 F300
G1 X31.676826045415606 Y23.005761547683633 F300
G1 X31.742704871364968 Y23.083508885752096 F300
G1 X31.821358402723533 Y23.159645251385875 F300
G1 X31.913671625 Y23.233984875000015 F300
G1 X32.009358381100576 Y23.299132206984474 F300
G1 X32.11702313332476 Y23.361784440527266 F300
G1 X32.23732603555644 Y23.421546372090685 F300
G1 X32.370954734375005 Y23.477915765625013 F300
G1 X32.50414826983352 Y23.52555855105535 F300
G1 X32.64860683660504 Y23.569163323364933 F300
G1 X32.80473863125421 Y23.608206870955534 F300
G1 X32.972942 Y23.642091000000015 F300
G1 X33.09241318374684 Y23.659530691130012 F300
G1 X33.24271513600001 Y23.67407740000002 F300
G1 X33.40112489284898 Y23.68378919813584 F300
G1 X33.577093968 Y23.689693400000017 F300
G1 X33.75656079933021 Y23.69138474225142 F300
G1 X33.939985232 Y23.689006200000012 F300
G1 X34.122491515469804 Y23.68249155630409 F300
G1 X34.29529566400001 Y23.672083000000015 F300
G1 X34.462655231374875 Y23.65714781279894 F300
G1 X34.606932 Y23.638991000000015 F300
G1 X34.84090891409929 Y23.600506141306404 F300
G1 X35.081420796874994 Y23.553506109375018 F300
G1 X35.321274253579304 Y23.49958533769032 F300
G1 X35.556698874999995 Y23.439832375000016 F300
G1 X35.787770043434385 Y23.374194998113346 F300
G1 X36.003305765625 Y23.305883703125012 F300
G1 X36.21066167365972 Y23.232268347131804 F300
G1 X36.391781 Y23.159574000000013 F300
G1 X36.503085875000004 Y23.113650250000013 F300
G1 X36.557657 Y23.094554000000013 F300
G1 X36.5594272995819 Y23.104973656075114 F300
G1 X36.56247778125 Y23.191542578125013 F300
G1 X36.56512075 Y23.455620375000013 F300
G1 X36.56540684375 Y23.84645548437501 F300
G1 X36.563157 Y24.32371600000001 F300
G1 X36.554457 Y25.55290200000001 F300
G1 X36.224359 Y25.64447200000001 F300
G1 X35.93050013330885 Y25.721388978743786 F300
G1 X35.639929595092646 Y25.78815057189982 F300
G1 X35.35104344444445 Y25.845127962962984 F300
G1 X35.06050919201072 Y25.89293091394932 F300
G1 X34.76639791851457 Y25.931759931614966 F300
G1 X34.46707788888889 Y25.961730370370383 F300
G1 X34.167022238051175 Y25.982607937921124 F300
G1 X33.85637652971905 Y25.99521905961062 F300
G1 X33.533269 Y25.999449000000013 F300
G1 X33.20325478515315 Y25.994735819400468 F300
G1 X32.88968043566494 Y25.980835226427335 F300
G1 X32.591329942755955 Y25.958093007788918 F300
G1 X32.307054962962965 Y25.92683633333335 F300
G1 X32.020019846320004 Y25.88477149088084 F300
G1 X31.745175658429755 Y25.83358564170833 F300
G1 X31.481490814074476 Y25.773461415909267 F300
G1 X31.227986703703703 Y25.704550333333344 F300
G1 X30.975856967558542 Y25.624276337059342 F300
G1 X30.731640834229626 Y25.534459690498693 F300
G1 X30.494511971031223 Y25.435040048876925 F300
G1 X30.263675999999997 Y25.325919000000013 F300
G1 X30.054241840887343 Y25.21559148486401 F300
G1 X29.857066813111565 Y25.10056056771252 F300
G1 X29.67169916946325 Y24.98102648118602 F300
G1 X29.49771415659267 Y24.857149861988596 F300
G1 X29.334716925925928 Y24.729052407407423 F300
G1 X29.175506034282723 Y24.590562490884025 F300
G1 X29.027785938671933 Y24.4478228946009 F300
G1 X28.89118614449318 Y24.300872065024702 F300
G1 X28.765383950477492 Y24.149705340629087 F300
G1 X28.650108074074076 Y23.99427692592594 F300
G1 X28.543140261520737 Y23.831251022150486 F300
G1 X28.446879438441822 Y23.66384686231578 F300
G1 X28.361170949202176 Y23.4919163971867 F300
G1 X28.285928909615492 Y23.315275366044037 F300
G1 X28.221138999999997 Y23.133707000000012 F300
G1 X28.165829333333335 Y22.945583888888905 F300
G1 X28.120238999999998 Y22.759725444444456 F300
G1 X28.103435541536243 Y22.67614529250584 F300
G1 X28.094236 Y22.616369000000013 F300
G1 X28.078653897862818 Y22.513861255210312 F300
G1 X28.06339975 Y22.458807250000014 F300
G1 X28.04823345337795 Y22.43018292558918 F300
G1 X28.03178882501112 Y22.41478059803272 F300
G1 X28.013056 Y22.407636000000014 F300
G1 X27.98984807219442 Y22.406630023702355 F300
G1 X27.972321 Y22.411748500000012 F300
G1 X27.95984515939012 Y22.422425359213666 F300
G1 X27.955375999999998 Y22.437236000000013 F300
G1 X27.949602755546845 Y22.46537870018849 F300
G1 X27.92496336574074 Y22.53180545370372 F300
G1 X27.844791592592593 Y22.707980629629645 F300
G1 X27.731459875 Y22.93374675000001 F300
G1 X27.6015674074074 Y23.17708903703705 F300
G1 X27.471713384259253 Y23.405992712962977 F300
G1 X27.358496999999996 Y23.588443000000012 F300
G1 X27.276636377559807 Y23.704066826010234 F300
G1 X27.174642152000004 Y23.835535056000015 F300
G1 X27.064382717166126 Y23.967993999966655 F300
G1 X26.941785736000003 Y24.106971128000016 F300
G1 X26.814166585039406 Y24.244279853145695 F300
G1 X26.682647543999995 Y24.37891307200001 F300
G1 X26.5488813508299 Y24.508988497051355 F300
G1 X26.419947368 Y24.627522744000014 F300
G1 X26.29129628751642 Y24.738163810903217 F300
G1 X26.176404999999995 Y24.82896200000001 F300
G1 X25.995163440194652 Y24.95847625270032 F300
G1 X25.805738403861348 Y25.081046555023065 F300
G1 X25.60797852191259 Y25.19664821862325 F300
G1 X25.40170999232606 Y25.305221752953916 F300
G1 X25.18673918342528 Y25.406672325954553 F300
G1 X24.962855249999997 Y25.500869375000015 F300
G1 X24.739976830539725 Y25.58409376543119 F300
G1 X24.50892259915353 Y25.660216230269633 F300
G1 X24.26950624426972 Y25.72907137812045 F300
G1 X24.021532861199965 Y25.790464676693283 F300
G1 X23.76480088828079 Y25.844172459777774 F300
G1 X23.499103999999996 Y25.889942000000012 F300
G1 X23.356943171035788 Y25.908342566373324 F300
G1 X23.17980262037037 Y25.924507509259275 F300
G1 X22.993219657393393 Y25.936389975211984 F300
G1 X22.785976962962962 Y25.94515607407409 F300
G1 X22.57431370058631 Y25.950250464699447 F300
G1 X22.356453749999993 Y25.951905750000012 F300
G1 X22.138959244147852 Y25.95004940632375 F300
G1 X21.930059703703698 Y25.944774592592605 F300
G1 X21.72635663848878 Y25.93580115240934 F300
G1 X21.54562154629629 Y25.92378065740742 F300
G1 X21.375145937186954 Y25.9073868389815 F300
G1 X21.241965999999994 Y25.88894200000001 F300
G1 X20.972449448153554 Y25.838705530650746 F300
G1 X20.709684497568265 Y25.779264772077028 F300
G1 X20.453570717815236 Y25.71087758187833 F300
G1 X20.20401284736283 Y25.633768594006437 F300
G1 X19.960922865848573 Y25.548129959069712 F300
G1 X19.724222078124992 Y25.45412217187501 F300
G1 X19.48889413472743 Y25.349556546290657 F300
G1 X19.260667634221875 Y25.236785145330856 F300
G1 X19.039462107950236 Y25.115949842231213 F300
G1 X18.82521117309035 Y24.987160422974107 F300
G1 X18.61786477159402 Y24.85049576570162 F300
G1 X18.417391374999994 Y24.706005125000015 F300
G1 X18.22239530016158 Y24.552571758410902 F300
G1 X18.034840006537 Y24.391630801529843 F300
G1 X17.85470424022881 Y24.223204938309287 F300
G1 X17.681990516963424 Y24.047288565243793 F300
G1 X17.516727282471592 Y23.86384945559465 F300
G1 X17.35897098437499 Y23.67283051562501 F300
G1 X17.21013502994161 Y23.47598760028974 F300
G1 X17.0691936671708 Y23.272014750772325 F300
G1 X16.936226202243375 Y23.06082824970122 F300
G1 X16.811344415537835 Y22.842322790459903 F300
G1 X16.69469435396369 Y22.61637349912111 F300
G1 X16.586457999999993 Y22.38283800000001 F300
G1 X16.503357082811906 Y22.182467643019407 F300
G1 X16.427493879347374 Y21.977190894358866 F300
G1 X16.35885512061258 Y21.766633681940917 F300
G1 X16.29745017770909 Y21.550407014949098 F300
G1 X16.243310624999992 Y21.32810625000001 F300
G1 X16.19791863307804 Y21.106975757584355 F300
G1 X16.159365112794454 Y20.878903935349413 F300
G1 X16.127779053450578 Y20.6434422440431 F300
G1 X16.10330774317102 Y20.400124282098915 F300
G1 X16.086115999999993 Y20.14846500000001 F300
G1 X16.07175376313425 Y19.937383773097643 F300
G1 X16.057063037037036 Y19.820028111111117 F300
G1 X16.043872834724027 Y19.7651517520811 F300
G1 X16.03146534830268 Y19.73938258222377 F300
G1 X16.020140095732867 Y19.729949198507164 F300
G1 X16.00851896296296 Y19.729825888888897 F300
G1 X15.991046821849176 Y19.742024329962703 F300
G1 X15.965072038379917 Y19.777445502059308 F300
G1 X15.926225999999993 Y19.851375000000008 F300
G1 X15.867021090324386 Y19.961021430434524 F300
G1 X15.784281751999998 Y20.08803325600001 F300
G1 X15.689696020207254 Y20.215220944989476 F300
G1 X15.577991296 Y20.350796408000004 F300
G1 X15.458044215548455 Y20.484145458133558 F300
G1 X15.328499063999999 Y20.617095432 F300
G1 X15.193614094534944 Y20.745015282448286 F300
G1 X15.056949488 Y20.864361304000003 F300
G1 X14.917428090927025 Y20.975376883018328 F300
G1 X14.784487 Y21.070025 F300
G1 X14.557347037196076 Y21.215212030742755 F300
G1 X14.324756171296299 Y21.350511685185193 F300
G1 X14.166361295730514 Y21.435044664229448 F300
G1 X14.000438184995296 Y21.517378263609142 F300
G1 X13.825399370370372 Y21.597896481481484 F300
G1 X13.64837669205274 Y21.67338794325847 F300
G1 X13.457879531194632 Y21.74876802675683 F300
G1 X13.251869625 Y21.824404 F300
G1 X12.933711674788869 Y21.93134234401027 F300
G1 X12.569619962962964 Y22.042258851851855 F300
G1 X12.186307883004806 Y22.149245338189687 F300
G1 X11.744103412037036 Y22.263685648148147 F300
G1 X11.278391654787125 Y22.376824071594605 F300
G1 X10.740773 Y22.500909 F300
G1 X10.139124736391913 Y22.639947097416297 F300
G1 X9.650601381481483 Y22.759858611111113 F300
G1 X9.19974074469737 Y22.88048073445322 F300
G1 X8.846140185185188 Y22.986804555555562 F300
G1 X8.622424498806499 Y23.06303753837474 F300
G1 X8.437856274139309 Y23.13426541552528 F300
G1 X8.2862589 Y23.201326500000004 F300
G1 X8.1726830247753 Y23.259114041952103 F300
G1 X8.077093791023247 Y23.315117840319843 F300
G1 X7.996900879058487 Y23.36965403749594 F300
G1 X7.9298270148148156 Y23.423004111111112 F300
G1 X7.865597315901232 Y23.48402559576858 F300
G1 X7.812892269646937 Y23.54543728626865 F300
G1 X7.77005734371158 Y23.607723058649423 F300
G1 X7.735714018518519 Y23.67141705555556 F300
G1 X7.700407939354292 Y23.762147918340304 F300
G1 X7.676487610741439 Y23.859810962685728 F300
G1 X7.6627894 Y23.966145 F300
G1 X7.658240941189994 Y24.071284276055938 F300
G1 X7.662272369993507 Y24.165258151458467 F300
G1 X7.674563240740742 Y24.250542222222222 F300
G1 X7.696325274262991 Y24.333691033320058 F300
G1 X7.727982643396359 Y24.413796908061084 F300
G1 X7.770497992592593 Y24.49270811111111 F300
G1 X7.821150315702405 Y24.566993031864634 F300
G1 X7.885219011063542 Y24.64516880517689 F300
G1 X7.9650111 Y24.729048 F300
G1 X8.04157967166993 Y24.800601136693313 F300
G1 X8.119062626563347 Y24.86476023494616 F300
G1 X8.198635548148149 Y24.922441444444445 F300
G1 X8.281839099518102 Y24.97471540888714 F300
G1 X8.371130629369553 Y25.022916984328187 F300
G1 X8.468031151851852 Y25.067557555555556 F300
G1 X8.56729057673262 Y25.10664692738476 F300
G1 X8.678188593106917 Y25.144133694017988 F300
G1 X8.802865 Y25.180377 F300
G1 X8.87800291813097 Y25.199315900161558 F300
G1 X8.950235718750001 Y25.2144098125 F300
G1 X9.023664340446304 Y25.226233814955812 F300
G1 X9.105186500000002 Y25.2355145 F300
G1 X9.296364531250001 Y25.2463329375 F300
G1 X9.552417 Y25.249507 F300
G1 X9.735633853675488 Y25.247184121523233 F300
G1 X9.90911660956154 Y25.23994767733208 F300
G1 X10.0742845625 Y25.227850953125003 F300
G1 X10.239002406412753 Y25.210132076833258 F300
G1 X10.399165640618179 Y25.1869875306943 F300
G1 X10.555957000000001 Y25.158303375000003 F300
G1 X10.71154924908383 Y25.123706533269385 F300
G1 X10.867483118338937 Y25.08281822397201 F300
G1 X11.0248839375 Y25.035309109375 F300
G1 X11.180512870349233 Y24.982403059542307 F300
G1 X11.341304143811174 Y24.92192929301644 F300
G1 X11.508515 Y24.853313 F300
G1 X11.781106999999999 Y24.73703 F300
G1 X11.876627 Y24.81533 F300
G1 X11.9549976875 Y24.882228546874998 F300
G1 X12.09776675 Y25.006502375 F300
G1 X12.284634687499999 Y25.170403765625 F300
G1 X12.495301999999999 Y25.356185 F300
G1 X12.976709479907482 Y25.7732978625032 F300
G1 X13.470942614634309 Y26.184707054136624 F300
G1 X13.977358984000002 Y26.589878840000008 F300
G1 X14.491465417975169 Y26.985364184270175 F300
G1 X15.015091247520234 Y27.372735128021702 F300
G1 X15.547520831999998 Y27.751477160000004 F300
G1 X16.08689061887807 Y28.120296491578227 F300
G1 X16.632383741135026 Y28.478684949699282 F300
G1 X17.183245688 Y28.82616956 F300
G1 X17.740447633042255 Y29.163290312410155 F300
G1 X18.30028296049642 Y29.48775178700488 F300
G1 X18.861991696 Y29.79914564 F300
G1 X19.28775191798842 Y30.0258032612352 F300
G1 X19.713082966087427 Y30.244187290769027 F300
G1 X20.137672832777888 Y30.45416263104442 F300
G1 X20.561217 Y30.655594999999998 F300
G1 X21.079750768808353 Y30.892342992800955 F300
G1 X21.599430678513666 Y31.11976725285579 F300
G1 X22.120470097906423 Y31.33797067413774 F300
G1 X22.643082559011066 Y31.54705153727435 F300
G1 X23.16748192592068 Y31.74710352936639 F300
G1 X23.6938825625 Y31.938215765624996 F300
G1 X24.223882933912567 Y32.12093720888118 F300
G1 X24.75677109544354 Y32.29497830551958 F300
G1 X25.29277371794529 Y32.460393871557386 F300
G1 X25.832119186947295 Y32.61723429437429 F300
G1 X26.37503776442084 Y32.765545575382966 F300
G1 X26.921761749999998 Y32.905369375 F300
G1 X27.468716388036423 Y33.035866697242156 F300
G1 X28.020349133143114 Y33.158160908329045 F300
G1 X28.57690509800742 Y33.272259541912135 F300
G1 X29.138632573030478 Y33.378166136784586 F300
G1 X29.705783186080566 Y33.475880304140134 F300
G1 X30.2786120625 Y33.565397796875 F300
G1 X30.848072659545902 Y33.64547462254944 F300
G1 X31.424027187793463 Y33.717654261162906 F300
G1 X32.006742539890425 Y33.78190128247057 F300
G1 X32.59649011212515 Y33.83817693224627 F300
G1 X33.19354596754862 Y33.88643921869593 F300
G1 X33.798191 Y33.926643 F300
G1 X34.18611070312501 Y33.94344768554688 F300
G1 X34.67892756250001 Y33.955399859375 F300
G1 X35.241279828125 Y33.96250794726563 F300
G1 X35.83780575 Y33.964780375 F300
G1 X36.433143578125 Y33.96222556835937 F300
G1 X36.9919315625 Y33.954851953125 F300
G1 X37.478807953125006 Y33.94266795507812 F300
G1 X37.858411000000004 Y33.925681999999995 F300
G1 X38.56637372530904 Y33.876158486916474 F300
G1 X39.26172286687492 Y33.815966640519754 F300
G1 X39.94355036000001 Y33.74551623200001 F300
G1 X40.6244456317645 Y33.663462833211646 F300
G1 X41.28753230741444 Y33.57182522782168 F300
G1 X41.93207628000001 Y33.471076255999996 F300
G1 X42.41662285386425 Y33.38733857530645 F300
G1 X42.88833212261267 Y33.2988487107774 F300
G1 X43.3469906978993 Y33.20583513357853 F300
G1 X43.792406920000005 Y33.10851706399999 F300
G1 X44.24116635229383 Y33.00302486027333 F300
G1 X44.67421735110278 Y32.893608500139024 F300
G1 X45.091495057146545 Y32.78051873593393 F300
G1 X45.492960440000004 Y32.663993647999995 F300
G1 X45.897822417414204 Y32.538076506254285 F300
G1 X46.284209007859374 Y32.409207600846074 F300
G1 X46.652262992965554 Y32.27765305517774 F300
G1 X47.002155 Y32.143660999999994 F300
G1 X47.118740444444455 Y32.09919951851852 F300
G1 X47.14560203111763 Y32.09293530740995 F300
G1 X47.14666055555556 Y32.09692248148148 F300
G1 X47.1362910001221 Y32.10794263115336 F300
G1 X47.102706000000005 Y32.13546099999999 F300
G1 X47.00873079513457 Y32.20454168322089 F300
G1 X46.86463453703705 Y32.30105925462963 F300
G1 X46.7037774081614 Y32.4027669842987 F300
G1 X46.50461229629631 Y32.52381537037037 F300
G1 X46.055884000000006 Y32.784840374999995 F300
G1 X45.55169437037038 Y33.0652452962963 F300
G1 X45.02528812962963 Y33.34614116203703 F300
G1 X44.76202924054421 Y33.481947091493595 F300
G1 X44.509910000000005 Y33.608639 F300
G1 X43.99080047701188 Y33.85937133079446 F300
G1 X43.47356274584915 Y34.0966044875632 F300
G1 X42.95806236471217 Y34.32054843507196 F300
G1 X42.4441634645411 Y34.53140297264194 F300
G1 X41.93172873436628 Y34.729357600516934 F300
G1 X41.420619413305076 Y34.914591390182856 F300
G1 X40.910695289181824 Y35.08727285929268 F300
G1 X40.401814703703714 Y35.247559851851854 F300
G1 X39.88277203874352 Y35.3986906254853 F300
G1 X39.36438089566138 Y35.53721369737343 F300
G1 X38.846487183375466 Y35.66325224609245 F300
G1 X38.328935453995975 Y35.77691757071534 F300
G1 X37.811568942796754 Y35.87830900811674 F300
G1 X37.29422961326166 Y35.96751386032691 F300
G1 X36.77675820675142 Y36.04460733243444 F300
G1 X36.25899429629631 Y36.10965248148148 F300
G1 X35.73853994806577 Y36.16290305707869 F300
G1 X35.21733956655421 Y36.20409990052531 F300
G1 X34.69522810820243 Y36.2332611023249 F300
G1 X34.17203968949369 Y36.25039242531929 F300
G1 X33.64760765236794 Y36.255487321440086 F300
G1 X33.12176462962087 Y36.24852696077698 F300
G1 X32.59434260966007 Y36.22948027286252 F300
G1 X32.065173 Y36.19830399999999 F300
G1 X31.551056520727123 Y36.156834573129686 F300
G1 X31.037594537751307 Y36.1047517432578 F300
G1 X30.524740377115172 Y36.04205981895968 F300
G1 X30.012448178807556 Y35.96875459303774 F300
G1 X29.500673099820908 Y35.88482340320444 F300
G1 X28.989371515926603 Y35.79024519935747 F300
G1 X28.478501221814867 Y35.68499061731384 F300
G1 X27.968021629257127 Y35.56902205883879 F300
G1 X27.45789396296297 Y35.44229377777778 F300
G1 X26.954499477875142 Y35.30655144757036 F300
G1 X26.451626940554046 Y35.160281596900845 F300
G1 X25.949243671590658 Y35.00343275143657 F300
G1 X25.447319049729693 Y34.83594602141504 F300
G1 X24.945824683706572 Y34.65775519664069 F300
G1 X24.444734581134313 Y34.46878684601786 F300
G1 X23.94402531423876 Y34.26896042135689 F300
G1 X23.443676182261388 Y34.05818836517745 F300
G1 X22.943669370370372 Y33.83637622222222 F300
G1 X22.393944313653943 Y33.57946475596119 F300
G1 X21.84489064044346 Y33.30906984793438 F300
G1 X21.296492482660426 Y33.025057099072406 F300
G1 X20.74873864261457 Y32.72728247151326 F300
G1 X20.201622829016394 Y32.41559248193401 F300
G1 X19.655143886362318 Y32.08982439912362 F300
G1 X19.1093060175968 Y31.74980644521525 F300
G1 X18.564119 Y31.395357999999995 F300
G1 X18.166034743550135 Y31.127160173891166 F300
G1 X17.776709733676253 Y30.85690187458459 F300
G1 X17.394807578125 Y30.583620156249992 F300
G1 X17.016914121143607 Y30.304792779119058 F300
G1 X16.642056224174482 Y30.01958429649255 F300
G1 X16.268985375000003 Y29.726960499999993 F300
G1 X15.900276125517195 Y29.429018593832243 F300
G1 X15.528920104683545 Y29.120131182614358 F300
G1 X15.153639734375004 Y28.799092843749996 F300
G1 X14.78291885788244 Y28.473386582536314 F300
G1 X14.404093465987629 Y28.132077632012486 F300
G1 X14.015758000000002 Y27.773730999999994 F300
G1 X13.834162518518525 Y27.611615407407406 F300
G1 X13.751483965040883 Y27.543400871559673 F300
G1 X13.689546814814818 Y27.49598892592592 F300
G1 X13.634203828735515 Y27.45968846412527 F300
G1 X13.613220000000002 Y27.451883999999993 F300
G1 X13.590194287576852 Y27.455126118047758 F300
G1 X13.52915981481482 Y27.46946148148148 F300
G1 X13.364275851851854 Y27.51554385185185 F300
G1 X13.154263000000002 Y27.58015599999999 F300
G1 X12.86247610795212 Y27.668507786277093 F300
G1 X12.564844316881615 Y27.748700677729165 F300
G1 X12.260280407407409 Y27.820817074074064 F300
G1 X11.953689293216943 Y27.883782441567178 F300
G1 X11.636834688221763 Y27.939326627561087 F300
G1 X11.308464925925929 Y27.987390592592586 F300
G1 X10.979191316539733 Y28.02664390197547 F300
G1 X10.635195140094565 Y28.05891645080185 F300
G1 X10.275021000000002 Y28.084040999999992 F300
G1 X9.914224553765402 Y28.09922283291885 F300
G1 X9.56316065417473 Y28.10246434508855 F300
G1 X9.221807987815108 Y28.09422307363289 F300
G1 X8.890133101506716 Y28.074920174700946 F300
G1 X8.568093560937502 Y28.044940468749992 F300
G1 X8.241304699518874 Y28.00250629302428 F300
G1 X7.925896939617089 Y27.949292109108605 F300
G1 X7.621743340615587 Y27.885712058763822 F300
G1 X7.328713404821182 Y27.8121340209937 F300
G1 X7.046677562500002 Y27.728879749999994 F300
G1 X6.809816166179822 Y27.648672192141145 F300
G1 X6.581735186817653 Y27.56172801059443 F300
G1 X6.362305902751926 Y27.468232186837128 F300
G1 X6.151405987912173 Y27.36834072246533 F300
G1 X5.948922140313208 Y27.262180862268217 F300
G1 X5.754752732812502 Y27.149851406249994 F300
G1 X5.562322786338335 Y27.027082628857357 F300
G1 X5.379123811174168 Y26.8981762400824 F300
G1 X5.205020167016144 Y26.763192414330923 F300
G1 X5.03989970477514 Y26.62215561817969 F300
G1 X4.88367738036967 Y26.47505550680494 F300
G1 X4.736298800000003 Y26.321847999999992 F300
G1 X4.60077405995826 Y26.165623621885725 F300
G1 X4.475509038314592 Y26.004453375275784 F300
G1 X4.359969203703708 Y25.837669777777773 F300
G1 X4.253786120301668 Y25.664765079888085 F300
G1 X4.156039772124439 Y25.484105636769137 F300
G1 X4.066459629629632 Y25.29482755555555 F300
G1 X3.986753425779707 Y25.10107556851186 F300
G1 X3.9141503585021447 Y24.89651364076516 F300
G1 X3.8486043000000025 Y24.68006799999999 F300
G1 X3.8183516120000034 Y24.557373007999995 F300
G1 X3.807359107289676 Y24.497101589036436 F300
G1 X3.7983499960000024 Y24.43029758399999 F300
G1 X3.786611724000002 Y24.27204025599999 F300
G1 X3.7811490680000026 Y24.055799551999993 F300
G1 X3.7799743000000023 Y23.75477399999999 F300
G1 X3.7815762696000035 Y23.439082304 F300
G1 X3.787907280800003 Y23.217966111999992 F300
G1 X3.7940755942641453 Y23.128825499016177 F300
G1 X3.802237607200002 Y23.054015567999986 F300
G1 X3.813411703879307 Y22.98185837629416 F300
G1 X3.827837522400003 Y22.909820815999993 F300
G1 X3.8679773000000024 Y22.74797199999999 F300
G1 X3.920246533587309 Y22.570012164256656 F300
G1 X3.980608391785315 Y22.39998852029237 F300
G1 X4.049125995416256 Y22.237322721255044 F300
G1 X4.125916864380556 Y22.081476683848358 F300
G1 X4.2111558792199695 Y21.93195236332524 F300
G1 X4.3050777962963 Y21.788291444444436 F300
G1 X4.406989996547357 Y21.651323655005225 F300
G1 X4.5184891076666585 Y21.51885796857463 F300
G1 X4.6400954849266105 Y21.390609288376204 F300
G1 X4.772395468177698 Y21.2663294695853 F300
G1 X4.916041415886189 Y21.14580510210034 F300
G1 X5.071751603703706 Y21.02885488888888 F300
G1 X5.226693471047345 Y20.92405405862917 F300
G1 X5.39385555812326 Y20.82169352939699 F300
G1 X5.574059650681936 Y20.721735157497186 F300
G1 X5.768178443969659 Y20.624154251097963 F300
G1 X5.977135917532609 Y20.528936187788297 F300
G1 X6.201907900000002 Y20.43607299999999 F300
G1 X6.383642662962966 Y20.358619740740732 F300
G1 X6.4580894141303276 Y20.321860056979908 F300
G1 X6.508625803703705 Y20.29321625925925 F300
G1 X6.547877096864333 Y20.264545863913575 F300
G1 X6.5582391000000015 Y20.24960699999999 F300
G1 X6.5546474854820955 Y20.232936050116315 F300
G1 X6.532056314814818 Y20.19842985185185 F300
G1 X6.499841911007451 Y20.161413820287155 F300
G1 X6.45074481851852 Y20.11237914814814 F300
G1 X6.3952010734072555 Y20.062068433489912 F300
G1 X6.327169900000001 Y20.005075999999992 F300
G1 X6.1085705407282695 Y19.824054429661494 F300
G1 X5.858080302400003 Y19.607601391999996 F300
G1 X5.600734674095618 Y19.377479946988753 F300
G1 X5.319767255200002 Y19.118958175999992 F300
G1 X5.034409375159663 Y18.849760183753503 F300
G1 X4.733456156800001 Y18.55940326399999 F300
G1 X4.430775895591141 Y18.26119697534924 F300
G1 X4.120372405600001 Y17.94919356799999 F300
G1 X3.810912214396729 Y17.631929242118375 F300
G1 X3.501741400000001 Y17.30858599999999 F300
G1 X3.1996781359375017 Y16.988620515624994 F300
G1 X2.936616737500001 Y16.708434374999992 F300
G1 X2.740815545312501 Y16.498227546874993 F300
G1 X2.640532900000001 Y16.38819999999999 F300
G1 X2.536038800000001 Y16.26729799999999 F300
G1 X2.809254800000001 Y16.070165999999986 F300
G1 X3.0768446939042673 Y15.88340347522621 F300
G1 X3.3531063852344944 Y15.703000369123108 F300
G1 X3.6379101888719663 Y15.529061976513805 F300
G1 X3.9311311994385725 Y15.361710242651647 F300
G1 X4.232647392187501 Y15.201084296874987 F300
G1 X4.536588746500761 Y15.050095912410699 F300
G1 X4.847497693150346 Y14.906259757895272 F300
G1 X5.165206877907416 Y14.769701979413504 F300
G1 X5.48955045975647 Y14.640562888398327 F300
G1 X5.820362612500001 Y14.518997374999987 F300
G1 X6.152544495625676 Y14.406769269508885 F300
G1 X6.489850885322174 Y14.302484445457806 F300
G1 X6.83208465656467 Y14.206273386712168 F300
G1 X7.179049067327534 Y14.11827920806796 F300
G1 X7.530546476562501 Y14.038658015624986 F300
G1 X7.882711346632634 Y13.968263342521745 F300
G1 X8.238086382581873 Y13.90654899008904 F300
G1 X8.596458902537966 Y13.853641959406614 F300
G1 X8.957616333775123 Y13.809681408304927 F300
G1 X9.321345 Y13.774818999999987 F300
G1 X9.538390347222224 Y13.76460085185184 F300
G1 X9.84846477777778 Y13.759563814814804 F300
G1 X10.206634875 Y13.759433999999988 F300
G1 X10.567967222222222 Y13.763937518518507 F300
G1 X10.887528402777777 Y13.772800481481468 F300
G1 X11.120385 Y13.785748999999988 F300
G1 X11.120384999999999 Y13.785772999999999 F300
G0 X9.766978 Y16.759866000000002
G1 X9.536721661661112 Y16.77742789080991 F300
G1 X9.30254786982316 Y16.80336686757861 F300
G1 X9.065223885185187 Y16.83765281481482 F300
G1 X8.829093112651488 Y16.87957944186093 F300
G1 X8.59289177106845 Y16.929264569413654 F300
G1 X8.357450414814817 Y16.98657251851852 F300
G1 X8.123945557253869 Y17.05128186619001 F300
G1 X7.894209836557835 Y17.122924700373638 F300
G1 X7.6690389 Y17.201284 F300
G1 X7.521899634269808 Y17.258079476998883 F300
G1 X7.3552720122449005 Y17.327786769679303 F300
G1 X7.185289960063226 Y17.403319047938428 F300
G1 X7.00721108367347 Y17.486353994169097 F300
G1 X6.6549502163265295 Y17.660900618075797 F300
G1 X6.328583512244898 Y17.83534158600583 F300
G1 X6.1805767767406445 Y17.919801712491672 F300
G1 X6.058205073469388 Y17.993591842565596 F300
G1 X5.947912060037978 Y18.06538827799323 F300
G1 X5.873909002040816 Y18.119566332361515 F300
G1 X5.830332626762876 Y18.158033517164696 F300
G1 X5.810719971220934 Y18.182420724904304 F300
G1 X5.8057894 Y18.19718 F300
G1 X5.815281613658195 Y18.22140321369347 F300
G1 X5.863722562890626 Y18.2997040859375 F300
G1 X6.017263178125 Y18.517128874999997 F300
G1 X6.236022935546875 Y18.810386914062498 F300
G1 X6.489613524999999 Y19.14041075 F300
G1 X6.747646636328125 Y19.4681329296875 F300
G1 X6.979733959375 Y19.754486 F300
G1 X7.155487183984375 Y19.9604025078125 F300
G1 X7.221024144197693 Y20.02887506360976 F300
G1 X7.244518 Y20.046815 F300
G1 X7.2607518529863455 Y20.047477805921172 F300
G1 X7.316485253125 Y20.040448265625 F300
G1 X7.478365375 Y20.010071124999996 F300
G1 X7.706161159375 Y19.960593171874997 F300
G1 X7.9758754000000005 Y19.896924 F300
G1 X8.295428403125001 Y19.820129953125 F300
G1 X8.658923175 Y19.734906374999998 F300
G1 X9.021637459375 Y19.651631109375 F300
G1 X9.338849 Y19.580682 F300
G1 X9.806416692794745 Y19.47394621725192 F300
G1 X10.211401886724413 Y19.373137879205014 F300
G1 X10.560871703125 Y19.277520953125 F300
G1 X10.826500591042343 Y19.19755818991283 F300
G1 X11.059411341991748 Y19.1204854128424 F300
G1 X11.262973524750839 Y19.046056547687176 F300
G1 X11.440287374999999 Y18.974077624999996 F300
G1 X11.6227015132017 Y18.89058164486558 F300
G1 X11.776907516632061 Y18.809567451500772 F300
G1 X11.906537781960017 Y18.730828235071833 F300
G1 X12.014854859375 Y18.654164484375 F300
G1 X12.101093472898757 Y18.58267741447201 F300
G1 X12.17344863860351 Y18.51195935785959 F300
G1 X12.233540568201562 Y18.4417518742515 F300
G1 X12.282772794531189 Y18.371750128251897 F300
G1 X12.322333 Y18.301593999999998 F300
G1 X12.347838347071626 Y18.243528374515705 F300
G1 X12.369485490210222 Y18.179565688315304 F300
G1 X12.38706540625 Y18.110246234374998 F300
G1 X12.404482995188067 Y18.003768321756173 F300
G1 X12.41195875 Y17.893624125 F300
G1 X12.40921891866073 Y17.78368326380542 F300
G1 X12.396411718750002 Y17.679444953125 F300
G1 X12.38169619984555 Y17.61168206179802 F300
G1 X12.362749283685567 Y17.550216406204957 F300
G1 X12.339823 Y17.495425999999995 F300
G1 X12.296392546843483 Y17.4175429959912 F300
G1 X12.243082874464715 Y17.343090864718082 F300
G1 X12.179447860929464 Y17.271817283500038 F300
G1 X12.1048544640487 Y17.203595128904638 F300
G1 X12.01850940625 Y17.138428218749997 F300
G1 X11.930687026659589 Y17.08290691622238 F300
G1 X11.832366740311606 Y17.030289178398885 F300
G1 X11.722848269247027 Y16.98079634518436 F300
G1 X11.601387002939742 Y16.93472317329904 F300
G1 X11.467205500000002 Y16.892435499999994 F300
G1 X11.303846200997242 Y16.850786230491185 F300
G1 X11.123679059952586 Y16.81503614914908 F300
G1 X10.925723113005166 Y16.78586733394947 F300
G1 X10.708999093750002 Y16.76404803124999 F300
G1 X10.497864618996338 Y16.751428796448824 F300
G1 X10.270867547803913 Y16.746081753052984 F300
G1 X10.0274250498195 Y16.748659927153533 F300
G1 X9.766978000000002 Y16.759865999999995 F300
G1 X9.766978 Y16.759866000000002 F300
G0 X11.07087 Y16.889321000000002
G1 X11.265925119413245 Y16.93046927570512 F300
G1 X11.439545771175945 Y16.978170387089218 F300
G1 X11.593367502021664 Y17.031435563444788 F300
G1 X11.728959187863522 Y17.089444697138227 F300
G1 X11.847802481481484 Y17.15154648148149 F300
G1 X11.948744214943464 Y17.21549446033459 F300
G1 X12.035791462752016 Y17.2821886661588 F300
G1 X12.110093943737823 Y17.351389187209143 F300
G1 X12.172644801455045 Y17.423008187003965 F300
G1 X12.224252869054695 Y17.497103698243983 F300
G1 X12.265515185185187 Y17.57386885185186 F300
G1 X12.297554057695153 Y17.655985077439794 F300
G1 X12.31903801802817 Y17.74124937073132 F300
G1 X12.329944756147874 Y17.830215012950998 F300
G1 X12.329913174184064 Y17.923513578140362 F300
G1 X12.318239301882832 Y18.0218214998869 F300
G1 X12.293880999999999 Y18.125829000000003 F300
G1 X12.264811554625611 Y18.207230478849592 F300
G1 X12.225396433773094 Y18.28587020432415 F300
G1 X12.17462214814815 Y18.362615925925933 F300
G1 X12.115578430089588 Y18.433487374779503 F300
G1 X12.043309431938418 Y18.504650134265486 F300
G1 X11.955835518518517 Y18.576645740740744 F300
G1 X11.86332623923304 Y18.64188216894552 F300
G1 X11.754282998174507 Y18.70912038722712 F300
G1 X11.626406 Y18.778792000000003 F300
G1 X11.464292115658752 Y18.858115029960512 F300
G1 X11.289230104 Y18.93488808800001 F300
G1 X11.10549491869776 Y19.006699296351325 F300
G1 X10.893052032 Y19.080734064000005 F300
G1 X10.667032723776535 Y19.151539604817646 F300
G1 X10.396994407999998 Y19.228507096 F300
G1 X10.108262227566971 Y19.30449899028894 F300
G1 X9.760179856 Y19.390384352000005 F300
G1 X9.38839393580243 Y19.47761758626752 F300
G1 X8.941730999999999 Y19.578543000000003 F300
G1 X8.5393000203125 Y19.669124640625004 F300
G1 X8.1634315375 Y19.755578375000002 F300
G1 X7.856193735937499 Y19.828113421875003 F300
G1 X7.659654799999998 Y19.876939000000004 F300
G1 X7.498332403703704 Y19.91809640740741 F300
G1 X7.371746962962963 Y19.9474515925926 F300
G1 X7.3073036999999985 Y19.958649000000005 F300
G1 X7.288673539433927 Y19.946741574673943 F300
G1 X7.2218236224000005 Y19.878834592000008 F300
G1 X7.035477607199999 Y19.662662696000005 F300
G1 X6.7767053807999975 Y19.345040304 F300
G1 X6.473946669599998 Y18.960874408000006 F300
G1 X6.155641199999998 Y18.545072000000005 F300
G1 X6.0195058796874985 Y18.361073656250003 F300
G1 X5.97420164919251 Y18.29464340879675 F300
G1 X5.949494787499998 Y18.252895250000005 F300
G1 X5.934327257752176 Y18.216400756918365 F300
G1 X5.932368426562499 Y18.195358718750004 F300
G1 X5.939225108494038 Y18.17808637320509 F300
G1 X5.954887299999998 Y18.163286000000003 F300
G1 X6.075946008333332 Y18.08556183333334 F300
G1 X6.265669233333333 Y17.97574833333334 F300
G1 X6.496883274999998 Y17.848508000000002 F300
G1 X6.742414433333332 Y17.718503333333338 F300
G1 X6.975089008333331 Y17.600396833333335 F300
G1 X7.167733299999998 Y17.508851 F300
G1 X7.356260848873308 Y17.42749585689823 F300
G1 X7.551167327775138 Y17.349671499052636 F300
G1 X7.751560845312498 Y17.27571984375 F300
G1 X8.055661428716633 Y17.17432868401597 F300
G1 X8.362989787499998 Y17.08439425 F300
G1 X8.671789299868557 Y17.006455771583475 F300
G1 X8.973485410937498 Y16.94265228125 F300
G1 X9.174896399832472 Y16.907277499184072 F300
G1 X9.36881486794314 Y16.879164919218738 F300
G1 X9.554512999999998 Y16.858272 F300
G1 X9.678680810744885 Y16.849051165491503 F300
G1 X9.834754 Y16.842375120000003 F300
G1 X10.17582684 Y16.83854256 F300
G1 X10.528414879999998 Y16.845763440000002 F300
G1 X10.697457002321947 Y16.85341378521806 F300
G1 X10.843201479999998 Y16.863026880000003 F300
G1 X10.977850089167514 Y16.87590274093397 F300
G1 X11.070869999999998 Y16.889322 F300
G1 X11.07087 Y16.889321000000002 F300
G0 X19.471891999999997 Y20.963747
G1 X19.475773610961085 Y21.006626778687025 F300
G1 X19.489602696000002 Y21.076823904000005 F300
G1 X19.536557728 Y21.246993112000002 F300
G1 X19.603491511999998 Y21.446619968 F300
G1 X19.681138464 Y21.648069816000003 F300
G1 X19.722072060026605 Y21.743038026841358 F300
G1 X19.760232999999996 Y21.823708 F300
G1 X19.857035497197824 Y22.003687691838483 F300
G1 X19.9606260989935 Y22.17055885882247 F300
G1 X20.070912937437804 Y22.3250464582549 F300
G1 X20.187884023305834 Y22.467800418165048 F300
G1 X20.311607449237343 Y22.599390536689295 F300
G1 X20.442230707956284 Y22.7203015720146 F300
G1 X20.579979097298686 Y22.83092872466393 F300
G1 X20.72515323765849 Y22.931573710072104 F300
G1 X20.87812578247409 Y23.022441597790866 F300
G1 X21.03933745207999 Y23.103638555372378 F300
G1 X21.20929255969474 Y23.17517058371408 F300
G1 X21.388554221189263 Y23.236943272148835 F300
G1 X21.577739445667902 Y23.288762542579867 F300
G1 X21.77751429252398 Y23.330336299001186 F300
G1 X21.988589255510956 Y23.361276856962597 F300
G1 X22.211714999999995 Y23.381104 F300
G1 X22.357793833172188 Y23.38617941341236 F300
G1 X22.508257582282436 Y23.383826235620283 F300
G1 X22.662157546874994 Y23.374109437500003 F300
G1 X22.81549988572514 Y23.357463911782723 F300
G1 X22.968358451408225 Y23.334111678123502 F300
G1 X23.119672124999997 Y23.304295250000003 F300
G1 X23.269538356760936 Y23.26792389991535 F300
G1 X23.413923981745786 Y23.22595351753913 F300
G1 X23.551911890624996 Y23.178763187500003 F300
G1 X23.687362193107745 Y23.124654253320415 F300
G1 X23.8123971514354 Y23.066454110053467 F300
G1 X23.926529999999996 Y23.004615 F300
G1 X24.028234905554456 Y22.939675072081535 F300
G1 X24.140838765625 Y22.857190171874997 F300
G1 X24.252109630079577 Y22.766518649613463 F300
G1 X24.363763624999997 Y22.666903875 F300
G1 X24.470929775661684 Y22.562632046146337 F300
G1 X24.568615171874995 Y22.458623390625 F300
G1 X24.658040849020242 Y22.35284202097868 F300
G1 X24.728703999999997 Y22.257216 F300
G1 X24.800819637187093 Y22.143407130133156 F300
G1 X24.873810688000006 Y22.013049824000003 F300
G1 X24.942112742977837 Y21.87691658441353 F300
G1 X25.006373343999996 Y21.734896672 F300
G1 X25.064882589465313 Y21.591053668882047 F300
G1 X25.115073856 Y21.452192208 F300
G1 X25.15783224105276 Y21.315196682717435 F300
G1 X25.188594111999997 Y21.194372096000002 F300
G1 X25.209273993896428 Y21.079064278535416 F300
G1 X25.215615999999997 Y20.990872 F300
G1 X25.215615999999997 Y20.882926 F300
G1 X22.343754999999998 Y20.882926 F300
G1 X19.471891999999997 Y20.882926 F300
G1 X19.471891999999997 Y20.963747 F300
G0 X25.097493999999998 Y21.180196000000002
G1 X25.046928124978656 Y21.370263259717657 F300
G1 X24.986363507624603 Y21.55145853919299 F300
G1 X24.916234496170116 Y21.724045359910246 F300
G1 X24.836875374999998 Y21.888255406250003 F300
G1 X24.746381449452414 Y22.047784181915905 F300
G1 X24.647065103686558 Y22.19828671967547 F300
G1 X24.539114076557684 Y22.339938815344716 F300
G1 X24.4226245 Y22.4728545 F300
G1 X24.297069899098872 Y22.59757525309572 F300
G1 X24.16342401875688 Y22.713030464730224 F300
G1 X24.021641532800267 Y22.81921619497375 F300
G1 X23.871605125 Y22.91603809375 F300
G1 X23.71574735982296 Y23.00197880697386 F300
G1 X23.55212769763066 Y23.078118291148908 F300
G1 X23.380526692463583 Y23.144198470580577 F300
G1 X23.200680999999996 Y23.199851000000002 F300
G1 X23.112886916325785 Y23.222653590441183 F300
G1 X23.035474718749995 Y23.23973053125 F300
G1 X22.958022248524745 Y23.252803179502923 F300
G1 X22.872584249999996 Y23.26247725 F300
G1 X22.781154011617563 Y23.26854907298696 F300
G1 X22.66363665625 Y23.27233334375 F300
G1 X22.360258999999996 Y23.273541 F300
G1 X22.10108752 Y23.270906920000005 F300
G1 X21.916082279999994 Y23.26364756 F300
G1 X21.84027630828946 Y23.257095816858005 F300
G1 X21.775472479999994 Y23.248587240000003 F300
G1 X21.649487319999995 Y23.222550280000004 F300
G1 X21.508355999999996 Y23.182361 F300
G1 X21.3239807212068 Y23.12055878774573 F300
G1 X21.151965974784492 Y23.051481987030794 F300
G1 X20.991231456806773 Y22.975070762095285 F300
G1 X20.840781222222223 Y22.891209888888895 F300
G1 X20.695498344897896 Y22.796781963251387 F300
G1 X20.558569527003623 Y22.69341783293996 F300
G1 X20.429291988565335 Y22.58062143340962 F300
G1 X20.30703644444444 Y22.45780611111111 F300
G1 X20.194063602960487 Y22.327767285400746 F300
G1 X20.08626162981554 Y22.186126329475762 F300
G1 X19.98331350337705 Y22.031931477306035 F300
G1 X19.884938999999996 Y21.864137 F300
G1 X19.849617078612273 Y21.79548852782818 F300
G1 X19.807837456 Y21.705757528000003 F300
G1 X19.724405767999997 Y21.507190824000002 F300
G1 X19.648123151999993 Y21.304290056 F300
G1 X19.592468823999997 Y21.132908391999997 F300
G1 X19.57540555092772 Y21.064415357892788 F300
G1 X19.570921999999996 Y21.028899 F300
G1 X19.576428973482333 Y21.021471196264933 F300
G1 X19.61157051851852 Y21.01146015740741 F300
G1 X19.662513824674434 Y21.00530939571812 F300
G1 X19.76291748148148 Y20.99885825925926 F300
G1 X20.069064999999995 Y20.99035025 F300
G1 X20.574115185185182 Y20.985193074074076 F300
G1 X21.322170148148142 Y20.982643675925924 F300
G1 X22.357331999999996 Y20.981959 F300
G1 X25.143740999999995 Y20.981959 F300
G1 X25.097493999999998 Y21.180196000000002 F300
M2
